age,gender,height_cm,weight_kg,bmi,bmi_category,activity_level,goal,diet_preference,bmr,tdee,calorie_target,diet_plan,workout_plan,fitness_category,fat_pct,water_liters,workout_freq,session_hours,max_bpm,avg_bpm,calories_burned_session
56,Male,171.0,88.3,30.2,Obese,Active,Maintain Fitness,Vegetarian,1676.8,2892.5,2892.5,Balanced Maintenance Diet,Active Lifestyle Routine,Needs Improvement,12.6,3.5,4,1.69,180,157,1313.0
46,Female,153.0,74.9,32.0,Obese,Active,Weight Loss,Eggetarian,1314.2,2267.0,1867.0,Low Calorie Balanced Diet,Intermediate Cardio + HIIT,Needs Improvement,33.9,2.1,4,1.3,179,151,883.0
32,Female,166.0,68.1,24.71,Normal,Active,Improve Stamina,Non-Vegetarian,1397.5,2410.7,2510.7,High Carb Performance Diet,Cardio Endurance Training,Needs Improvement,33.4,2.3,4,1.11,167,122,677.0
25,Male,170.0,53.2,18.41,Underweight,Light,Muscle Gain,Non-Vegetarian,1474.5,2027.4,2327.4,High Protein Non-Veg Diet,Beginner Fitness Routine,Needs Improvement,28.8,2.1,3,0.59,190,164,532.0
38,Male,179.0,46.1,14.39,Underweight,Light,Muscle Gain,Vegetarian,1394.8,1917.8,2217.8,High Protein Veg Diet,Beginner Fitness Routine,Needs Improvement,29.2,2.8,3,0.64,188,158,556.0
56,Female,168.0,58.0,20.55,Normal,Very Active,Maintain Fitness,Vegetarian,1189.0,2259.1,2259.1,Balanced Maintenance Diet,Intermediate Cardio + HIIT,Fit,15.5,2.7,5,1.59,168,156,1116.0
36,Male,172.0,70.3,23.76,Normal,Moderate,Improve Stamina,Vegetarian,1603.0,2484.7,2584.7,High Carb Performance Diet,Cardio Endurance Training,Moderately Fit,21.3,2.3,3,1.49,174,169,1385.0
40,Female,151.0,69.7,30.57,Obese,Moderate,Improve Stamina,Vegan,1279.8,1983.7,2083.7,High Carb Performance Diet,Cardio Endurance Training,Needs Improvement,30.6,1.9,3,1.27,189,141,895.0
28,Male,194.0,121.7,32.34,Obese,Active,Weight Loss,Non-Vegetarian,2294.5,3958.0,3558.0,Low Calorie Balanced Diet,Compound Strength Training,Needs Improvement,28.9,2.6,4,1.03,185,127,719.0
28,Male,184.0,101.8,30.07,Obese,Light,Weight Loss,Non-Vegetarian,2033.0,2795.4,2395.4,Low Calorie Balanced Diet,Beginner Cardio + Walking,Needs Improvement,29.7,2.7,3,1.08,169,136,808.0
41,Male,167.0,120.8,43.31,Obese,Sedentary,Weight Loss,Vegetarian,2051.8,2462.2,2062.2,Low Calorie Balanced Diet,Beginner Cardio + Walking,Needs Improvement,20.5,3.0,2,0.82,188,146,593.0
53,Male,170.0,51.7,17.89,Underweight,Moderate,Maintain Fitness,Eggetarian,1319.5,2045.2,2045.2,Balanced Maintenance Diet,Intermediate Cardio + HIIT,Moderately Fit,23.6,3.5,3,1.15,175,152,865.0
57,Male,161.0,112.5,43.4,Obese,Moderate,Improve Stamina,Vegan,1851.2,2869.4,2969.4,High Carb Performance Diet,Cardio Endurance Training,Needs Improvement,22.1,2.7,3,1.24,195,165,1013.0
41,Male,200.0,94.5,23.62,Normal,Light,Maintain Fitness,Vegetarian,1995.0,2743.1,2743.1,Balanced Maintenance Diet,Beginner Cardio + Walking,Moderately Fit,27.6,3.7,3,1.18,179,136,794.0
20,Male,181.0,117.7,35.93,Obese,Moderate,Maintain Fitness,Vegetarian,2213.2,3430.5,3430.5,Balanced Maintenance Diet,Active Lifestyle Routine,Needs Improvement,26.4,3.3,3,1.35,196,161,1195.0
39,Female,175.0,42.5,13.88,Underweight,Sedentary,Muscle Gain,Vegetarian,1162.8,1395.4,1695.4,High Protein Veg Diet,Beginner Fitness Routine,Needs Improvement,26.2,2.1,2,1.13,181,131,740.0
19,Female,153.0,64.0,27.34,Overweight,Moderate,Weight Loss,Vegetarian,1340.2,2077.3,1677.3,Low Calorie Balanced Diet,Intermediate Cardio + HIIT,Needs Improvement,29.8,2.3,3,1.33,166,167,1111.0
41,Female,177.0,43.8,13.98,Underweight,Light,Weight Loss,Non-Vegetarian,1178.2,1620.0,1220.0,Low Calorie Balanced Diet,Beginner Cardio + Walking,Needs Improvement,31.9,1.6,3,1.19,182,165,884.0
47,Female,175.0,66.8,21.81,Normal,Moderate,Muscle Gain,Vegetarian,1365.8,2117.0,2417.0,High Protein Veg Diet,Moderate Strength Training,Needs Improvement,32.8,2.5,3,1.13,199,146,742.0
55,Female,167.0,75.2,26.96,Overweight,Sedentary,Weight Loss,Vegetarian,1359.8,1631.8,1231.8,Low Calorie Balanced Diet,Beginner Cardio + Walking,Needs Improvement,25.2,2.2,2,1.37,188,167,1030.0
19,Male,177.0,89.0,28.41,Overweight,Active,Weight Loss,Non-Vegetarian,1906.2,3288.2,2888.2,Low Calorie Balanced Diet,Compound Strength Training,Needs Improvement,28.9,3.7,4,1.5,175,127,1048.0
38,Male,177.0,71.9,22.95,Normal,Sedentary,Weight Loss,Vegetarian,1640.2,1968.2,1568.2,Low Calorie Balanced Diet,Beginner Cardio + Walking,Needs Improvement,25.7,3.1,2,1.12,197,142,875.0
50,Female,168.0,71.0,25.16,Overweight,Sedentary,Improve Stamina,Vegetarian,1349.0,1618.8,1718.8,High Carb Performance Diet,Beginner Fitness Routine,Needs Improvement,33.1,2.5,2,1.17,187,161,848.0
29,Male,178.0,120.9,38.16,Obese,Sedentary,Improve Stamina,Vegetarian,2181.5,2617.8,2717.8,High Carb Performance Diet,Beginner Fitness Routine,Needs Improvement,28.1,3.4,2,0.78,197,168,721.0
39,Female,169.0,64.3,22.51,Normal,Active,Maintain Fitness,Non-Vegetarian,1343.2,2317.0,2317.0,Balanced Maintenance Diet,Intermediate Cardio + HIIT,Moderately Fit,26.9,1.9,4,1.25,190,148,925.0
42,Female,171.0,63.7,21.78,Normal,Moderate,Maintain Fitness,Non-Vegetarian,1334.8,2068.9,2068.9,Balanced Maintenance Diet,Active Lifestyle Routine,Moderately Fit,26.1,1.8,3,1.42,173,169,1080.0
44,Male,180.0,65.2,20.12,Normal,Sedentary,Maintain Fitness,Vegetarian,1562.0,1874.4,1874.4,Balanced Maintenance Diet,Beginner Cardio + Walking,Needs Improvement,27.2,2.7,2,0.73,192,139,502.0
59,Male,175.0,53.9,17.6,Underweight,Active,Muscle Gain,Non-Vegetarian,1342.8,2316.3,2616.3,High Protein Non-Veg Diet,Moderate Strength Training,Moderately Fit,21.6,2.8,4,1.48,168,135,989.0
45,Male,186.0,84.9,24.54,Normal,Very Active,Maintain Fitness,Non-Vegetarian,1791.5,3403.8,3403.8,Balanced Maintenance Diet,Intermediate Cardio + HIIT,Fit,14.2,3.5,5,1.64,186,136,1104.0
33,Female,168.0,78.0,27.64,Overweight,Moderate,Weight Loss,Vegetarian,1504.0,2331.2,1931.2,Low Calorie Balanced Diet,Intermediate Cardio + HIIT,Needs Improvement,32.3,1.8,3,1.29,183,135,871.0
32,Male,180.0,108.2,33.4,Obese,Light,Weight Loss,Non-Vegetarian,2052.0,2821.5,2421.5,Low Calorie Balanced Diet,Beginner Cardio + Walking,Needs Improvement,28.4,3.5,3,1.27,172,138,964.0
20,Female,152.0,65.4,28.31,Overweight,Active,Maintain Fitness,Vegetarian,1343.0,2316.7,2316.7,Balanced Maintenance Diet,Active Lifestyle Routine,Needs Improvement,28.0,2.2,4,1.03,185,127,654.0
54,Female,161.0,50.2,19.37,Normal,Sedentary,Maintain Fitness,Vegetarian,1077.2,1292.6,1292.6,Balanced Maintenance Diet,Beginner Cardio + Walking,Needs Improvement,28.2,2.7,2,1.48,188,157,1046.0
24,Female,151.0,58.9,25.83,Overweight,Sedentary,Weight Loss,Eggetarian,1251.8,1502.2,1200.0,Low Calorie Balanced Diet,Beginner Cardio + Walking,Needs Improvement,31.7,2.5,2,1.04,187,157,816.0
38,Male,171.0,81.4,27.84,Overweight,Very Active,Weight Loss,Eggetarian,1697.8,3225.8,2825.8,Low Calorie Balanced Diet,Intermediate Cardio + HIIT,Needs Improvement,10.2,3.5,5,1.52,187,148,1237.0
26,Male,173.0,127.6,42.63,Obese,Light,Weight Loss,Vegan,2232.2,3069.3,2669.3,Low Calorie Balanced Diet,Beginner Fitness Routine,Needs Improvement,27.3,2.9,3,1.32,167,160,1162.0
56,Female,156.0,59.3,24.37,Normal,Active,Improve Stamina,Vegetarian,1127.0,1944.1,2044.1,High Carb Performance Diet,Cardio Endurance Training,Needs Improvement,33.4,2.6,4,1.26,182,155,879.0
35,Male,171.0,96.9,33.14,Obese,Moderate,Weight Loss,Vegetarian,1867.8,2895.1,2495.1,Low Calorie Balanced Diet,Compound Strength Training,Needs Improvement,24.2,2.9,3,1.34,188,145,1069.0
21,Male,181.0,62.6,19.11,Normal,Active,Muscle Gain,Non-Vegetarian,1657.2,2858.7,3158.7,High Protein Non-Veg Diet,Progressive Strength Training,Moderately Fit,27.6,3.5,4,1.3,164,150,1072.0
42,Male,160.0,45.5,17.77,Underweight,Moderate,Muscle Gain,Vegetarian,1250.0,1937.5,2237.5,High Protein Veg Diet,Progressive Strength Training,Moderately Fit,21.7,2.6,3,1.31,166,163,1057.0
31,Female,151.0,48.8,21.4,Normal,Sedentary,Weight Loss,Vegetarian,1115.8,1339.0,1200.0,Low Calorie Balanced Diet,Beginner Cardio + Walking,Needs Improvement,28.2,2.0,2,1.48,195,131,969.0
26,Female,160.0,44.3,17.3,Underweight,Light,Weight Loss,Non-Vegetarian,1152.0,1584.0,1200.0,Low Calorie Balanced Diet,Beginner Cardio + Walking,Needs Improvement,34.7,2.0,3,1.08,186,136,734.0
43,Male,183.0,113.2,33.8,Obese,Active,Maintain Fitness,Vegetarian,2065.8,3563.5,3563.5,Balanced Maintenance Diet,Active Lifestyle Routine,Needs Improvement,29.9,2.9,4,1.45,161,134,962.0
19,Female,159.0,60.5,23.93,Normal,Sedentary,Weight Loss,Eggetarian,1342.8,1611.4,1211.4,Low Calorie Balanced Diet,Beginner Cardio + Walking,Needs Improvement,30.1,2.2,2,1.14,184,128,730.0
37,Male,176.0,124.2,40.1,Obese,Sedentary,Weight Loss,Vegetarian,2162.0,2594.4,2194.4,Low Calorie Balanced Diet,Beginner Cardio + Walking,Needs Improvement,29.3,2.8,2,1.5,168,158,1304.0
45,Male,185.0,52.4,15.31,Underweight,Light,Muscle Gain,Non-Vegetarian,1460.2,2007.8,2307.8,High Protein Non-Veg Diet,Beginner Fitness Routine,Moderately Fit,25.2,2.5,3,1.2,186,161,956.0
24,Male,174.0,54.7,18.07,Underweight,Light,Improve Stamina,Vegetarian,1519.5,2089.3,2189.3,High Carb Performance Diet,Beginner Fitness Routine,Moderately Fit,22.9,3.6,3,0.84,160,167,772.0
25,Male,195.0,88.1,23.17,Normal,Sedentary,Weight Loss,Non-Vegetarian,1979.8,2375.8,1975.8,Low Calorie Balanced Diet,Beginner Cardio + Walking,Needs Improvement,22.7,3.0,2,1.41,182,131,1016.0
52,Female,171.0,59.7,20.42,Normal,Light,Muscle Gain,Non-Vegetarian,1244.8,1711.6,2011.6,High Protein Non-Veg Diet,Beginner Fitness Routine,Needs Improvement,34.3,2.0,3,1.23,169,151,836.0
31,Female,154.0,79.7,33.61,Obese,Active,Improve Stamina,Vegetarian,1443.5,2490.0,2590.0,High Carb Performance Diet,Cardio Endurance Training,Needs Improvement,26.7,2.3,4,1.03,184,144,742.0
34,Female,162.0,51.0,19.43,Normal,Moderate,Maintain Fitness,Eggetarian,1191.5,1846.8,1846.8,Balanced Maintenance Diet,Active Lifestyle Routine,Needs Improvement,30.8,2.4,3,1.42,162,158,1122.0
53,Male,176.0,84.2,27.18,Overweight,Very Active,Improve Stamina,Non-Vegetarian,1682.0,3195.8,3295.8,High Carb Performance Diet,Cardio Endurance Training,Needs Improvement,12.8,3.5,5,1.67,165,137,1133.0
57,Male,189.0,122.1,34.18,Obese,Light,Weight Loss,Eggetarian,2122.2,2918.0,2518.0,Low Calorie Balanced Diet,Beginner Cardio + Walking,Needs Improvement,27.4,3.6,3,1.13,165,134,750.0
21,Male,172.0,96.7,32.69,Obese,Light,Weight Loss,Vegan,1942.0,2670.2,2270.2,Low Calorie Balanced Diet,Beginner Fitness Routine,Needs Improvement,25.0,2.8,3,1.26,161,151,1046.0
19,Female,179.0,73.0,22.78,Normal,Light,Maintain Fitness,Non-Vegetarian,1592.8,2190.1,2190.1,Balanced Maintenance Diet,Beginner Cardio + Walking,Moderately Fit,27.7,1.6,3,0.81,177,125,506.0
23,Male,160.0,114.8,44.84,Obese,Active,Improve Stamina,Eggetarian,2038.0,3515.6,3615.6,High Carb Performance Diet,Cardio Endurance Training,Needs Improvement,21.7,2.7,4,1.47,182,163,1318.0
59,Female,152.0,65.5,28.35,Overweight,Moderate,Maintain Fitness,Vegetarian,1149.0,1781.0,1781.0,Balanced Maintenance Diet,Active Lifestyle Routine,Needs Improvement,31.2,2.1,3,1.4,161,162,1021.0
21,Female,152.0,50.3,21.77,Normal,Light,Weight Loss,Vegetarian,1187.0,1632.1,1232.1,Low Calorie Balanced Diet,Beginner Cardio + Walking,Needs Improvement,32.2,2.6,3,1.08,171,154,832.0
46,Female,171.0,61.0,20.86,Normal,Active,Improve Stamina,Vegetarian,1287.8,2221.5,2321.5,High Carb Performance Diet,Cardio Endurance Training,Fit,17.8,2.7,4,1.67,181,153,1150.0
35,Female,162.0,44.6,16.99,Underweight,Sedentary,Maintain Fitness,Vegetarian,1122.5,1347.0,1347.0,Balanced Maintenance Diet,Beginner Cardio + Walking,Needs Improvement,32.4,2.0,2,0.56,196,157,440.0
43,Female,161.0,58.2,22.45,Normal,Moderate,Muscle Gain,Vegetarian,1212.2,1878.9,2178.9,High Protein Veg Diet,Progressive Strength Training,Moderately Fit,26.4,2.6,3,1.04,179,124,580.0
51,Female,163.0,44.8,16.86,Underweight,Active,Maintain Fitness,Vegetarian,1050.8,1812.6,1812.6,Balanced Maintenance Diet,Active Lifestyle Routine,Needs Improvement,33.8,2.1,4,1.08,198,137,666.0
27,Male,163.0,87.5,32.93,Obese,Very Active,Weight Loss,Vegan,1763.8,3351.2,2951.2,Low Calorie Balanced Diet,Compound Strength Training,Needs Improvement,12.9,3.5,5,1.75,183,135,1299.0
53,Male,174.0,51.8,17.11,Underweight,Moderate,Muscle Gain,Vegetarian,1345.5,2085.5,2385.5,High Protein Veg Diet,Moderate Strength Training,Moderately Fit,21.3,3.7,3,1.23,179,127,773.0
31,Female,170.0,64.4,22.28,Normal,Very Active,Muscle Gain,Vegetarian,1390.5,2641.9,2941.9,High Protein Veg Diet,Progressive Strength Training,Fit,17.3,2.7,5,1.97,160,144,1418.0
48,Female,161.0,67.1,25.89,Overweight,Sedentary,Weight Loss,Non-Vegetarian,1276.2,1531.4,1200.0,Low Calorie Balanced Diet,Beginner Cardio + Walking,Needs Improvement,33.4,1.5,2,0.62,160,151,421.0
32,Male,160.0,85.9,33.55,Obese,Very Active,Weight Loss,Vegetarian,1704.0,3237.6,2837.6,Low Calorie Balanced Diet,Intermediate Cardio + HIIT,Needs Improvement,14.5,3.5,5,1.99,176,145,1587.0
25,Female,177.0,65.4,20.88,Normal,Light,Weight Loss,Vegan,1474.2,2027.0,1627.0,Low Calorie Balanced Diet,Beginner Cardio + Walking,Moderately Fit,27.6,2.6,3,0.89,160,141,627.0
31,Female,176.0,61.1,19.72,Normal,Active,Maintain Fitness,Vegetarian,1395.0,2406.4,2406.4,Balanced Maintenance Diet,Active Lifestyle Routine,Fit,18.6,2.7,4,1.81,189,150,1358.0
40,Male,165.0,106.5,39.12,Obese,Active,Weight Loss,Eggetarian,1901.2,3279.6,2879.6,Low Calorie Balanced Diet,Intermediate Cardio + HIIT,Needs Improvement,21.0,3.6,4,1.32,162,162,1176.0
57,Female,152.0,64.0,27.7,Overweight,Very Active,Weight Loss,Non-Vegetarian,1144.0,2173.6,1773.6,Low Calorie Balanced Diet,Moderate Strength Training,Needs Improvement,15.2,2.7,5,1.73,170,129,1004.0
38,Female,154.0,61.4,25.89,Overweight,Moderate,Weight Loss,Vegetarian,1225.5,1899.5,1499.5,Low Calorie Balanced Diet,Intermediate Cardio + HIIT,Needs Improvement,30.6,2.7,3,1.47,183,131,963.0
33,Female,163.0,40.5,15.24,Underweight,Active,Maintain Fitness,Vegetarian,1097.8,1893.7,1893.7,Balanced Maintenance Diet,Active Lifestyle Routine,Needs Improvement,31.9,1.5,4,1.07,181,147,786.0
35,Male,179.0,70.1,21.88,Normal,Moderate,Improve Stamina,Vegan,1649.8,2557.2,2657.2,High Carb Performance Diet,Cardio Endurance Training,Moderately Fit,28.0,2.3,3,1.08,185,125,743.0
41,Male,162.0,94.1,35.86,Obese,Active,Improve Stamina,Non-Vegetarian,1753.5,3024.8,3124.8,High Carb Performance Diet,Cardio Endurance Training,Needs Improvement,23.4,3.1,4,1.13,172,139,777.0
43,Male,182.0,55.5,16.76,Underweight,Light,Muscle Gain,Non-Vegetarian,1482.5,2038.4,2338.4,High Protein Non-Veg Diet,Beginner Fitness Routine,Moderately Fit,20.1,2.0,3,1.08,160,124,663.0
42,Female,172.0,53.7,18.15,Underweight,Light,Weight Loss,Non-Vegetarian,1241.0,1706.4,1306.4,Low Calorie Balanced Diet,Beginner Cardio + Walking,Needs Improvement,29.8,1.6,3,1.37,183,142,875.0
58,Female,175.0,66.1,21.58,Normal,Sedentary,Weight Loss,Vegetarian,1303.8,1564.6,1200.0,Low Calorie Balanced Diet,Beginner Cardio + Walking,Needs Improvement,25.2,1.8,2,0.63,169,128,363.0
46,Male,177.0,103.9,33.16,Obese,Sedentary,Improve Stamina,Vegetarian,1920.2,2304.2,2404.2,High Carb Performance Diet,Beginner Fitness Routine,Needs Improvement,20.9,2.9,2,1.18,194,148,864.0
32,Female,158.0,61.7,24.72,Normal,Very Active,Maintain Fitness,Vegetarian,1283.5,2438.7,2438.7,Balanced Maintenance Diet,Intermediate Cardio + HIIT,Fit,16.6,2.7,5,1.87,183,135,1262.0
18,Female,174.0,52.3,17.27,Underweight,Sedentary,Weight Loss,Vegan,1359.5,1631.4,1231.4,Low Calorie Balanced Diet,Beginner Cardio + Walking,Needs Improvement,29.4,2.2,2,1.2,187,165,990.0
42,Female,174.0,59.5,19.65,Normal,Very Active,Maintain Fitness,Non-Vegetarian,1311.5,2491.8,2491.8,Balanced Maintenance Diet,Active Lifestyle Routine,Fit,16.4,2.7,5,1.78,195,141,1129.0
24,Female,176.0,72.9,23.53,Normal,Light,Improve Stamina,Vegetarian,1548.0,2128.5,2228.5,High Carb Performance Diet,Beginner Fitness Routine,Needs Improvement,30.8,1.5,3,0.86,175,127,546.0
26,Female,163.0,76.7,28.87,Overweight,Sedentary,Weight Loss,Vegetarian,1494.8,1793.8,1393.8,Low Calorie Balanced Diet,Beginner Fitness Routine,Needs Improvement,25.6,1.7,2,1.08,199,139,751.0
41,Male,183.0,72.1,21.53,Normal,Moderate,Maintain Fitness,Vegetarian,1664.8,2580.4,2580.4,Balanced Maintenance Diet,Active Lifestyle Routine,Moderately Fit,21.4,2.8,3,1.13,175,133,744.0
18,Female,168.0,54.8,19.42,Normal,Active,Muscle Gain,Vegetarian,1347.0,2323.6,2623.6,High Protein Veg Diet,Progressive Strength Training,Needs Improvement,32.0,2.2,4,1.27,176,158,1003.0
25,Male,188.0,105.0,29.71,Overweight,Moderate,Improve Stamina,Non-Vegetarian,2105.0,3262.8,3362.8,High Carb Performance Diet,Cardio Endurance Training,Needs Improvement,21.4,2.3,3,1.34,174,156,1150.0
41,Female,155.0,55.0,22.89,Normal,Active,Muscle Gain,Non-Vegetarian,1152.8,1988.6,2288.6,High Protein Non-Veg Diet,Progressive Strength Training,Needs Improvement,31.4,2.0,4,1.45,175,169,1103.0
28,Male,166.0,81.6,29.61,Overweight,Active,Maintain Fitness,Vegan,1718.5,2964.4,2964.4,Balanced Maintenance Diet,Active Lifestyle Routine,Needs Improvement,20.5,3.5,4,1.09,174,153,917.0
34,Female,160.0,75.6,29.53,Overweight,Sedentary,Weight Loss,Non-Vegetarian,1425.0,1710.0,1310.0,Low Calorie Balanced Diet,Beginner Cardio + Walking,Needs Improvement,29.1,2.7,2,0.64,193,130,416.0
25,Male,161.0,81.5,31.44,Obese,Active,Weight Loss,Vegetarian,1701.2,2934.6,2534.6,Low Calorie Balanced Diet,Intermediate Cardio + HIIT,Needs Improvement,10.9,3.5,4,1.93,170,159,1688.0
52,Female,169.0,61.5,21.53,Normal,Active,Improve Stamina,Non-Vegetarian,1250.2,2156.6,2256.6,High Carb Performance Diet,Cardio Endurance Training,Fit,15.5,2.7,4,1.8,160,152,1231.0
52,Male,163.0,74.0,27.85,Overweight,Moderate,Improve Stamina,Non-Vegetarian,1503.8,2330.9,2430.9,High Carb Performance Diet,Cardio Endurance Training,Needs Improvement,25.7,3.7,3,1.26,174,150,936.0
50,Female,159.0,56.4,22.31,Normal,Light,Maintain Fitness,Non-Vegetarian,1146.8,1576.8,1576.8,Balanced Maintenance Diet,Beginner Cardio + Walking,Needs Improvement,34.3,2.6,3,1.26,185,163,924.0
22,Male,184.0,102.6,30.3,Obese,Moderate,Weight Loss,Non-Vegetarian,2071.0,3210.1,2810.1,Low Calorie Balanced Diet,Compound Strength Training,Needs Improvement,20.5,2.7,3,1.25,163,153,1052.0
59,Female,157.0,54.6,22.15,Normal,Light,Weight Loss,Non-Vegetarian,1071.2,1472.9,1200.0,Low Calorie Balanced Diet,Beginner Cardio + Walking,Needs Improvement,29.2,2.3,3,0.58,164,169,441.0
56,Male,178.0,129.0,40.71,Obese,Sedentary,Improve Stamina,Non-Vegetarian,2127.5,2553.0,2653.0,High Carb Performance Diet,Beginner Fitness Routine,Needs Improvement,27.1,2.7,2,1.29,194,126,805.0
58,Male,166.0,103.5,37.56,Obese,Light,Weight Loss,Vegetarian,1787.5,2457.8,2057.8,Low Calorie Balanced Diet,Beginner Cardio + Walking,Needs Improvement,24.6,3.1,3,1.33,172,168,1106.0
45,Female,151.0,59.4,26.05,Overweight,Active,Muscle Gain,Vegetarian,1151.8,1986.9,2286.9,High Protein Veg Diet,Progressive Strength Training,Needs Improvement,33.1,1.9,4,1.15,169,142,735.0
24,Female,179.0,60.1,18.76,Normal,Active,Improve Stamina,Vegetarian,1438.8,2481.9,2581.9,High Carb Performance Diet,Cardio Endurance Training,Fit,15.9,2.7,4,1.97,170,165,1625.0
26,Male,162.0,77.7,29.61,Overweight,Moderate,Maintain Fitness,Vegetarian,1664.5,2580.0,2580.0,Balanced Maintenance Diet,Active Lifestyle Routine,Needs Improvement,29.6,3.0,3,1.16,177,126,804.0
25,Female,162.0,41.2,15.7,Underweight,Active,Maintain Fitness,Non-Vegetarian,1138.5,1963.9,1963.9,Balanced Maintenance Diet,Active Lifestyle Routine,Needs Improvement,28.9,2.1,4,1.49,193,144,1073.0
29,Male,161.0,58.6,22.61,Normal,Moderate,Maintain Fitness,Vegetarian,1452.2,2250.9,2250.9,Balanced Maintenance Diet,Active Lifestyle Routine,Moderately Fit,23.4,2.0,3,1.2,198,122,805.0
51,Male,178.0,109.3,34.5,Obese,Light,Weight Loss,Non-Vegetarian,1955.5,2688.8,2288.8,Low Calorie Balanced Diet,Beginner Fitness Routine,Needs Improvement,28.7,3.3,3,0.54,182,157,420.0
50,Male,196.0,69.6,18.12,Underweight,Light,Muscle Gain,Eggetarian,1676.0,2304.5,2604.5,High Protein Non-Veg Diet,Beginner Fitness Routine,Moderately Fit,25.6,2.0,3,0.97,166,139,667.0
40,Female,179.0,56.2,17.54,Underweight,Very Active,Maintain Fitness,Vegetarian,1319.8,2507.6,2507.6,Balanced Maintenance Diet,Active Lifestyle Routine,Moderately Fit,17.6,2.7,5,1.79,198,153,1369.0
41,Male,196.0,71.7,18.66,Normal,Sedentary,Improve Stamina,Vegetarian,1742.0,2090.4,2190.4,High Carb Performance Diet,Beginner Fitness Routine,Needs Improvement,27.3,2.5,2,0.51,162,168,424.0
54,Male,193.0,86.0,23.09,Normal,Very Active,Muscle Gain,Non-Vegetarian,1801.2,3422.3,3722.3,High Protein Non-Veg Diet,Moderate Strength Training,Fit,12.9,3.5,5,1.74,171,163,1404.0
52,Female,159.0,79.4,31.41,Obese,Moderate,Weight Loss,Vegetarian,1366.8,2118.5,1718.5,Low Calorie Balanced Diet,Moderate Strength Training,Needs Improvement,26.6,1.5,3,1.39,166,163,1020.0
57,Female,162.0,78.4,29.87,Overweight,Active,Weight Loss,Vegetarian,1350.5,2329.6,1929.6,Low Calorie Balanced Diet,Moderate Strength Training,Needs Improvement,31.7,2.0,4,1.01,185,149,677.0
39,Female,160.0,55.4,21.64,Normal,Moderate,Maintain Fitness,Vegetarian,1198.0,1856.9,1856.9,Balanced Maintenance Diet,Intermediate Cardio + HIIT,Moderately Fit,26.3,1.6,3,1.44,192,136,979.0
44,Female,155.0,61.7,25.68,Overweight,Active,Muscle Gain,Vegetarian,1204.8,2078.3,2378.3,High Protein Veg Diet,Progressive Strength Training,Needs Improvement,33.1,2.6,4,1.41,196,129,819.0
52,Male,182.0,85.5,25.81,Overweight,Active,Maintain Fitness,Eggetarian,1737.5,2997.2,2997.2,Balanced Maintenance Diet,Active Lifestyle Routine,Needs Improvement,14.9,3.5,4,1.78,174,154,1357.0
18,Male,193.0,87.6,23.52,Normal,Active,Maintain Fitness,Vegan,1997.2,3445.2,3445.2,Balanced Maintenance Diet,Intermediate Cardio + HIIT,Fit,11.9,3.5,4,1.72,161,139,1315.0
52,Male,172.0,82.4,27.85,Overweight,Active,Weight Loss,Non-Vegetarian,1644.0,2835.9,2435.9,Low Calorie Balanced Diet,Moderate Strength Training,Needs Improvement,24.4,2.7,4,1.01,166,137,685.0
54,Male,168.0,67.0,23.74,Normal,Light,Improve Stamina,Vegan,1455.0,2000.6,2100.6,High Carb Performance Diet,Beginner Fitness Routine,Moderately Fit,20.5,2.8,3,0.55,191,164,446.0
31,Female,160.0,42.3,16.52,Underweight,Moderate,Improve Stamina,Vegan,1107.0,1715.9,1815.9,High Carb Performance Diet,Cardio Endurance Training,Moderately Fit,25.1,1.9,3,1.09,163,163,888.0
20,Male,199.0,82.7,20.88,Normal,Very Active,Maintain Fitness,Vegetarian,1975.8,3754.0,3754.0,Balanced Maintenance Diet,Intermediate Cardio + HIIT,Fit,14.6,3.5,5,1.69,179,146,1357.0
18,Male,174.0,92.4,30.52,Obese,Sedentary,Improve Stamina,Vegan,1926.5,2311.8,2411.8,High Carb Performance Diet,Beginner Fitness Routine,Needs Improvement,21.3,3.1,2,1.41,195,168,1303.0
22,Female,154.0,63.2,26.65,Overweight,Active,Improve Stamina,Non-Vegetarian,1323.5,2283.0,2383.0,High Carb Performance Diet,Cardio Endurance Training,Needs Improvement,29.5,2.4,4,1.02,191,155,790.0
43,Male,185.0,82.7,24.16,Normal,Active,Maintain Fitness,Vegan,1773.2,3058.8,3058.8,Balanced Maintenance Diet,Active Lifestyle Routine,Needs Improvement,28.2,3.1,4,1.22,187,142,858.0
31,Male,176.0,86.6,27.96,Overweight,Moderate,Weight Loss,Vegan,1816.0,2814.8,2414.8,Low Calorie Balanced Diet,Compound Strength Training,Needs Improvement,28.9,3.3,3,1.29,172,151,1071.0
56,Male,195.0,129.5,34.06,Obese,Sedentary,Weight Loss,Vegetarian,2238.8,2686.6,2286.6,Low Calorie Balanced Diet,Beginner Fitness Routine,Needs Improvement,25.2,3.5,2,1.0,160,129,639.0
44,Male,183.0,98.0,29.26,Overweight,Active,Improve Stamina,Vegetarian,1908.8,3292.7,3392.7,High Carb Performance Diet,Cardio Endurance Training,Needs Improvement,25.7,3.5,4,1.28,194,130,824.0
26,Male,168.0,86.2,30.54,Obese,Very Active,Weight Loss,Vegetarian,1787.0,3395.3,2995.3,Low Calorie Balanced Diet,Compound Strength Training,Needs Improvement,13.3,3.5,5,1.97,189,157,1701.0
32,Male,162.0,78.6,29.95,Overweight,Light,Improve Stamina,Vegetarian,1643.5,2259.8,2359.8,High Carb Performance Diet,Beginner Fitness Routine,Needs Improvement,29.6,3.1,3,1.28,195,125,880.0
32,Female,166.0,59.0,21.41,Normal,Sedentary,Weight Loss,Vegan,1306.5,1567.8,1200.0,Low Calorie Balanced Diet,Beginner Cardio + Walking,Needs Improvement,31.0,1.8,2,0.51,184,160,408.0
43,Female,179.0,57.3,17.88,Underweight,Active,Maintain Fitness,Vegan,1315.8,2269.8,2269.8,Balanced Maintenance Diet,Active Lifestyle Routine,Moderately Fit,17.8,2.7,4,1.98,175,166,1479.0
59,Male,189.0,122.3,34.24,Obese,Light,Improve Stamina,Vegetarian,2114.2,2907.0,3007.0,High Carb Performance Diet,Beginner Fitness Routine,Needs Improvement,20.1,3.1,3,0.66,178,153,500.0
30,Male,195.0,85.3,22.43,Normal,Very Active,Maintain Fitness,Non-Vegetarian,1926.8,3660.9,3660.9,Balanced Maintenance Diet,Active Lifestyle Routine,Fit,10.4,3.5,5,1.61,160,155,1373.0
49,Female,174.0,45.2,14.93,Underweight,Moderate,Muscle Gain,Vegetarian,1133.5,1756.9,2056.9,High Protein Veg Diet,Moderate Strength Training,Needs Improvement,30.8,2.1,3,1.24,164,156,870.0
56,Male,192.0,55.6,15.08,Underweight,Light,Muscle Gain,Vegetarian,1481.0,2036.4,2336.4,High Protein Veg Diet,Beginner Fitness Routine,Needs Improvement,29.4,3.2,3,0.68,181,136,458.0
49,Male,195.0,82.8,21.78,Normal,Very Active,Maintain Fitness,Vegetarian,1806.8,3432.9,3432.9,Balanced Maintenance Diet,Active Lifestyle Routine,Fit,14.3,3.5,5,1.91,183,159,1503.0
21,Male,166.0,125.2,45.43,Obese,Moderate,Weight Loss,Vegetarian,2189.5,3393.7,2993.7,Low Calorie Balanced Diet,Intermediate Cardio + HIIT,Needs Improvement,29.8,3.4,3,1.38,196,159,1207.0
47,Female,179.0,58.5,18.26,Underweight,Active,Maintain Fitness,Eggetarian,1307.8,2256.0,2256.0,Balanced Maintenance Diet,Active Lifestyle Routine,Needs Improvement,30.3,2.4,4,1.42,195,131,837.0
54,Male,195.0,86.1,22.64,Normal,Sedentary,Improve Stamina,Vegetarian,1814.8,2177.8,2277.8,High Carb Performance Diet,Beginner Fitness Routine,Needs Improvement,27.9,3.4,2,1.17,195,140,811.0
40,Female,161.0,63.5,24.5,Normal,Moderate,Improve Stamina,Non-Vegetarian,1280.2,1984.3,2084.3,High Carb Performance Diet,Cardio Endurance Training,Needs Improvement,33.4,1.6,3,1.31,163,159,1041.0
56,Male,168.0,69.3,24.55,Normal,Sedentary,Improve Stamina,Non-Vegetarian,1468.0,1761.6,1861.6,High Carb Performance Diet,Beginner Fitness Routine,Needs Improvement,26.5,2.1,2,0.66,195,138,451.0
32,Female,162.0,70.5,26.86,Overweight,Sedentary,Muscle Gain,Vegetarian,1396.5,1675.8,1975.8,High Protein Veg Diet,Beginner Fitness Routine,Needs Improvement,28.4,1.8,2,1.24,177,122,756.0
46,Female,165.0,60.1,22.08,Normal,Active,Improve Stamina,Eggetarian,1241.2,2141.1,2241.1,High Carb Performance Diet,Cardio Endurance Training,Fit,17.3,2.7,4,1.69,175,137,1042.0
53,Male,195.0,94.1,24.75,Normal,Light,Maintain Fitness,Eggetarian,1899.8,2612.2,2612.2,Balanced Maintenance Diet,Beginner Cardio + Walking,Needs Improvement,28.6,3.5,3,0.89,177,138,608.0
30,Female,162.0,79.2,30.18,Obese,Active,Improve Stamina,Vegetarian,1493.5,2576.3,2676.3,High Carb Performance Diet,Cardio Endurance Training,Needs Improvement,28.0,2.5,4,1.26,181,166,1046.0
49,Male,191.0,115.3,31.61,Obese,Sedentary,Weight Loss,Non-Vegetarian,2106.8,2528.2,2128.2,Low Calorie Balanced Diet,Beginner Cardio + Walking,Needs Improvement,29.2,3.2,2,1.38,161,125,854.0
24,Female,179.0,62.9,19.63,Normal,Active,Improve Stamina,Vegetarian,1466.8,2530.2,2630.2,High Carb Performance Diet,Cardio Endurance Training,Moderately Fit,27.3,2.3,4,1.42,180,135,958.0
39,Male,164.0,62.0,23.05,Normal,Light,Weight Loss,Vegetarian,1455.0,2000.6,1600.6,Low Calorie Balanced Diet,Beginner Cardio + Walking,Moderately Fit,27.5,3.2,3,0.97,195,127,678.0
45,Male,178.0,88.5,27.93,Overweight,Active,Weight Loss,Vegetarian,1777.5,3066.2,2666.2,Low Calorie Balanced Diet,Intermediate Cardio + HIIT,Needs Improvement,13.2,3.5,4,1.53,198,167,1265.0
19,Female,177.0,73.9,23.59,Normal,Moderate,Muscle Gain,Non-Vegetarian,1589.2,2463.3,2763.3,High Protein Non-Veg Diet,Progressive Strength Training,Needs Improvement,32.5,2.6,3,1.28,198,137,877.0
59,Male,195.0,50.3,13.23,Underweight,Light,Muscle Gain,Non-Vegetarian,1431.8,1968.7,2268.7,High Protein Non-Veg Diet,Beginner Fitness Routine,Moderately Fit,24.4,3.4,3,1.07,188,167,885.0
23,Male,180.0,83.1,25.65,Overweight,Light,Muscle Gain,Vegetarian,1846.0,2538.2,2838.2,High Protein Veg Diet,Beginner Fitness Routine,Needs Improvement,29.3,3.1,3,0.7,185,162,624.0
45,Female,178.0,65.1,20.55,Normal,Light,Weight Loss,Vegetarian,1377.5,1894.1,1494.1,Low Calorie Balanced Diet,Beginner Cardio + Walking,Needs Improvement,31.3,2.3,3,1.46,180,158,1038.0
45,Male,179.0,46.6,14.54,Underweight,Moderate,Maintain Fitness,Eggetarian,1364.8,2115.4,2115.4,Balanced Maintenance Diet,Active Lifestyle Routine,Moderately Fit,22.9,2.4,3,1.46,176,168,1214.0
37,Male,189.0,103.5,28.97,Overweight,Sedentary,Weight Loss,Vegetarian,2036.2,2443.4,2043.4,Low Calorie Balanced Diet,Beginner Cardio + Walking,Needs Improvement,26.4,3.1,2,0.54,175,168,499.0
47,Female,154.0,61.9,26.1,Overweight,Active,Maintain Fitness,Vegetarian,1185.5,2045.0,2045.0,Balanced Maintenance Diet,Active Lifestyle Routine,Needs Improvement,16.4,2.7,4,1.95,190,131,1150.0
28,Female,161.0,52.0,20.06,Normal,Moderate,Maintain Fitness,Non-Vegetarian,1225.2,1899.1,1899.1,Balanced Maintenance Diet,Active Lifestyle Routine,Moderately Fit,27.9,2.0,3,1.32,168,164,1082.0
45,Male,171.0,113.4,38.78,Obese,Sedentary,Weight Loss,Eggetarian,1982.8,2379.4,1979.4,Low Calorie Balanced Diet,Beginner Fitness Routine,Needs Improvement,24.0,2.3,2,0.83,190,129,530.0
42,Male,198.0,62.9,16.04,Underweight,Active,Maintain Fitness,Vegetarian,1661.5,2866.1,2866.1,Balanced Maintenance Diet,Active Lifestyle Routine,Needs Improvement,28.5,3.4,4,1.42,173,126,886.0
56,Female,180.0,40.4,12.47,Underweight,Active,Improve Stamina,Non-Vegetarian,1088.0,1876.8,1976.8,High Carb Performance Diet,Cardio Endurance Training,Needs Improvement,30.0,2.1,4,1.23,196,165,913.0
50,Female,175.0,67.1,21.91,Normal,Light,Weight Loss,Non-Vegetarian,1353.8,1861.5,1461.5,Low Calorie Balanced Diet,Beginner Cardio + Walking,Needs Improvement,31.8,2.7,3,0.67,161,120,362.0
18,Male,161.0,70.0,27.01,Overweight,Sedentary,Weight Loss,Vegetarian,1621.2,1945.4,1545.4,Low Calorie Balanced Diet,Beginner Fitness Routine,Needs Improvement,23.9,2.5,2,1.3,173,168,1201.0
44,Female,175.0,69.5,22.69,Normal,Light,Maintain Fitness,Non-Vegetarian,1407.8,1935.7,1935.7,Balanced Maintenance Diet,Beginner Cardio + Walking,Moderately Fit,27.6,2.1,3,1.02,192,155,711.0
30,Male,166.0,107.9,39.16,Obese,Moderate,Improve Stamina,Vegetarian,1971.5,3055.8,3155.8,High Carb Performance Diet,Cardio Endurance Training,Needs Improvement,29.5,2.8,3,1.08,194,140,832.0
58,Male,191.0,109.0,29.88,Overweight,Moderate,Maintain Fitness,Non-Vegetarian,1998.8,3098.1,3098.1,Balanced Maintenance Diet,Active Lifestyle Routine,Needs Improvement,26.0,2.2,3,1.49,198,156,1151.0
20,Male,191.0,101.0,27.69,Overweight,Moderate,Improve Stamina,Non-Vegetarian,2108.8,3268.6,3368.6,High Carb Performance Diet,Cardio Endurance Training,Needs Improvement,29.3,2.7,3,1.36,179,143,1070.0
56,Male,185.0,88.5,25.86,Overweight,Active,Improve Stamina,Non-Vegetarian,1766.2,3046.7,3146.7,High Carb Performance Diet,Cardio Endurance Training,Needs Improvement,11.0,3.5,4,1.57,161,144,1119.0
23,Male,180.0,80.9,24.97,Normal,Active,Improve Stamina,Vegetarian,1824.0,3146.4,3246.4,High Carb Performance Diet,Cardio Endurance Training,Fit,10.7,3.5,4,1.55,178,126,1074.0
25,Female,162.0,43.1,16.42,Underweight,Active,Maintain Fitness,Vegan,1157.5,1996.7,1996.7,Balanced Maintenance Diet,Intermediate Cardio + HIIT,Needs Improvement,33.6,1.8,4,1.04,196,161,837.0
44,Female,152.0,59.1,25.58,Overweight,Very Active,Maintain Fitness,Vegetarian,1160.0,2204.0,2204.0,Balanced Maintenance Diet,Active Lifestyle Routine,Needs Improvement,18.4,2.7,5,1.58,177,136,967.0
26,Female,153.0,54.0,23.07,Normal,Light,Muscle Gain,Vegetarian,1205.2,1657.2,1957.2,High Protein Veg Diet,Beginner Fitness Routine,Moderately Fit,26.9,1.7,3,1.14,175,148,844.0
54,Female,178.0,72.3,22.82,Normal,Sedentary,Weight Loss,Vegetarian,1404.5,1685.4,1285.4,Low Calorie Balanced Diet,Beginner Cardio + Walking,Needs Improvement,27.7,1.8,2,1.27,163,149,852.0
50,Male,198.0,51.1,13.03,Underweight,Sedentary,Improve Stamina,Non-Vegetarian,1503.5,1804.2,1904.2,High Carb Performance Diet,Beginner Fitness Routine,Needs Improvement,28.0,2.4,2,0.92,171,126,574.0
59,Male,172.0,89.4,30.22,Obese,Light,Improve Stamina,Non-Vegetarian,1679.0,2308.6,2408.6,High Carb Performance Diet,Beginner Fitness Routine,Needs Improvement,24.5,3.2,3,1.08,188,152,813.0
41,Male,180.0,51.5,15.9,Underweight,Active,Muscle Gain,Vegetarian,1440.0,2484.0,2784.0,High Protein Veg Diet,Progressive Strength Training,Moderately Fit,26.7,2.1,4,1.09,166,126,680.0
32,Male,188.0,87.9,24.87,Normal,Very Active,Improve Stamina,Non-Vegetarian,1899.0,3608.1,3708.1,High Carb Performance Diet,Cardio Endurance Training,Fit,11.6,3.5,5,1.52,173,143,1195.0
49,Female,152.0,42.0,18.18,Underweight,Light,Maintain Fitness,Vegetarian,964.0,1325.5,1325.5,Balanced Maintenance Diet,Beginner Cardio + Walking,Needs Improvement,28.8,2.2,3,1.1,171,130,644.0
49,Male,172.0,79.2,26.77,Overweight,Light,Improve Stamina,Non-Vegetarian,1627.0,2237.1,2337.1,High Carb Performance Diet,Beginner Fitness Routine,Needs Improvement,29.9,3.3,3,1.46,194,128,925.0
41,Male,171.0,64.8,22.16,Normal,Moderate,Muscle Gain,Vegetarian,1516.8,2351.0,2651.0,High Protein Veg Diet,Progressive Strength Training,Moderately Fit,22.5,2.8,3,1.2,164,131,778.0
58,Female,178.0,63.0,19.88,Normal,Active,Maintain Fitness,Non-Vegetarian,1291.5,2227.8,2227.8,Balanced Maintenance Diet,Intermediate Cardio + HIIT,Fit,17.5,2.7,4,1.58,176,154,1095.0
29,Female,177.0,56.2,17.94,Underweight,Light,Improve Stamina,Vegetarian,1362.2,1873.0,1973.0,High Carb Performance Diet,Beginner Fitness Routine,Needs Improvement,33.4,2.6,3,0.68,191,123,418.0
56,Female,164.0,52.9,19.67,Normal,Moderate,Improve Stamina,Eggetarian,1113.0,1725.2,1825.2,High Carb Performance Diet,Cardio Endurance Training,Moderately Fit,27.4,2.3,3,1.1,169,155,767.0
19,Female,169.0,49.0,17.16,Underweight,Light,Improve Stamina,Vegetarian,1290.2,1774.0,1874.0,High Carb Performance Diet,Beginner Fitness Routine,Needs Improvement,29.2,2.4,3,1.05,176,147,772.0
20,Male,184.0,128.2,37.87,Obese,Light,Weight Loss,Vegetarian,2337.0,3213.4,2813.4,Low Calorie Balanced Diet,Beginner Cardio + Walking,Needs Improvement,26.2,2.3,3,0.83,164,132,603.0
54,Male,186.0,83.6,24.16,Normal,Very Active,Maintain Fitness,Vegetarian,1733.5,3293.6,3293.6,Balanced Maintenance Diet,Intermediate Cardio + HIIT,Fit,12.4,3.5,5,1.54,168,142,1082.0
34,Female,177.0,56.2,17.94,Underweight,Very Active,Improve Stamina,Eggetarian,1337.2,2540.7,2640.7,High Carb Performance Diet,Cardio Endurance Training,Moderately Fit,17.3,2.7,5,1.81,192,138,1249.0
19,Male,178.0,87.8,27.71,Overweight,Sedentary,Weight Loss,Vegan,1900.5,2280.6,1880.6,Low Calorie Balanced Diet,Beginner Cardio + Walking,Needs Improvement,23.6,3.3,2,1.28,195,161,1133.0
19,Male,185.0,85.9,25.1,Overweight,Active,Muscle Gain,Vegetarian,1925.2,3321.0,3621.0,High Protein Veg Diet,Progressive Strength Training,Needs Improvement,12.9,3.5,4,1.66,195,156,1424.0
45,Male,187.0,51.1,14.61,Underweight,Active,Improve Stamina,Non-Vegetarian,1459.8,2518.2,2618.2,High Carb Performance Diet,Cardio Endurance Training,Moderately Fit,26.2,3.4,4,1.44,177,158,1126.0
40,Female,171.0,57.4,19.63,Normal,Very Active,Muscle Gain,Vegan,1281.8,2435.4,2735.4,High Protein Veg Diet,Progressive Strength Training,Fit,18.3,2.7,5,1.87,168,143,1337.0
54,Male,192.0,114.9,31.17,Obese,Active,Weight Loss,Non-Vegetarian,2084.0,3594.9,3194.9,Low Calorie Balanced Diet,Intermediate Cardio + HIIT,Needs Improvement,20.7,2.6,4,1.2,188,135,802.0
49,Female,166.0,62.1,22.54,Normal,Moderate,Maintain Fitness,Non-Vegetarian,1252.5,1941.4,1941.4,Balanced Maintenance Diet,Intermediate Cardio + HIIT,Needs Improvement,31.3,1.8,3,1.37,173,152,937.0
50,Male,191.0,57.1,15.65,Underweight,Active,Maintain Fitness,Vegetarian,1519.8,2621.7,2621.7,Balanced Maintenance Diet,Active Lifestyle Routine,Needs Improvement,29.5,2.7,4,1.09,184,131,707.0
18,Male,180.0,68.1,21.02,Normal,Active,Maintain Fitness,Vegetarian,1721.0,2968.7,2968.7,Balanced Maintenance Diet,Active Lifestyle Routine,Moderately Fit,25.4,3.3,4,1.1,174,153,926.0
36,Male,165.0,69.2,25.42,Overweight,Light,Muscle Gain,Vegan,1548.2,2128.8,2428.8,High Protein Veg Diet,Beginner Fitness Routine,Needs Improvement,27.2,2.7,3,1.23,165,126,852.0
19,Female,152.0,65.2,28.22,Overweight,Light,Weight Loss,Eggetarian,1346.0,1850.8,1450.8,Low Calorie Balanced Diet,Beginner Cardio + Walking,Needs Improvement,30.6,2.4,3,1.23,188,130,800.0
43,Male,173.0,108.6,36.29,Obese,Sedentary,Weight Loss,Non-Vegetarian,1957.2,2348.6,1948.6,Low Calorie Balanced Diet,Beginner Cardio + Walking,Needs Improvement,28.5,2.2,2,1.33,174,150,988.0
49,Female,165.0,40.0,14.69,Underweight,Moderate,Maintain Fitness,Vegetarian,1025.2,1589.1,1589.1,Balanced Maintenance Diet,Active Lifestyle Routine,Needs Improvement,34.3,2.5,3,1.03,188,148,686.0
23,Female,158.0,41.9,16.78,Underweight,Light,Maintain Fitness,Vegetarian,1130.5,1554.4,1554.4,Balanced Maintenance Diet,Beginner Cardio + Walking,Moderately Fit,26.8,1.8,3,0.56,163,132,370.0
49,Female,152.0,68.3,29.56,Overweight,Active,Weight Loss,Non-Vegetarian,1227.0,2116.6,1716.6,Low Calorie Balanced Diet,Moderate Strength Training,Needs Improvement,29.4,1.8,4,1.45,177,150,979.0
21,Male,160.0,88.4,34.53,Obese,Active,Weight Loss,Vegan,1784.0,3077.4,2677.4,Low Calorie Balanced Diet,Intermediate Cardio + HIIT,Needs Improvement,12.0,3.5,4,1.71,198,121,1138.0
28,Male,190.0,66.0,18.28,Underweight,Light,Maintain Fitness,Vegan,1712.5,2354.7,2354.7,Balanced Maintenance Diet,Beginner Cardio + Walking,Moderately Fit,24.1,3.0,3,1.18,175,158,1025.0
34,Male,164.0,71.9,26.73,Overweight,Active,Improve Stamina,Non-Vegetarian,1579.0,2723.8,2823.8,High Carb Performance Diet,Cardio Endurance Training,Needs Improvement,21.3,2.1,4,1.26,170,134,929.0
55,Male,171.0,75.6,25.85,Overweight,Active,Muscle Gain,Non-Vegetarian,1554.8,2682.0,2982.0,High Protein Non-Veg Diet,Moderate Strength Training,Needs Improvement,28.1,2.0,4,1.03,173,130,663.0
41,Female,159.0,63.4,25.08,Overweight,Very Active,Weight Loss,Vegetarian,1261.8,2397.4,1997.4,Low Calorie Balanced Diet,Intermediate Cardio + HIIT,Needs Improvement,15.2,2.7,5,1.84,162,153,1267.0
22,Female,177.0,71.6,22.85,Normal,Light,Improve Stamina,Vegetarian,1551.2,2132.9,2232.9,High Carb Performance Diet,Beginner Fitness Routine,Needs Improvement,30.3,1.8,3,1.49,197,158,1177.0
51,Female,177.0,57.4,18.32,Underweight,Active,Maintain Fitness,Vegan,1264.2,2180.7,2180.7,Balanced Maintenance Diet,Active Lifestyle Routine,Needs Improvement,31.6,2.1,4,1.08,177,123,598.0
23,Male,199.0,83.8,21.16,Normal,Active,Improve Stamina,Non-Vegetarian,1971.8,3401.4,3501.4,High Carb Performance Diet,Cardio Endurance Training,Fit,11.0,3.5,4,1.79,179,130,1280.0
39,Female,171.0,55.9,19.12,Normal,Very Active,Maintain Fitness,Vegetarian,1271.8,2416.4,2416.4,Balanced Maintenance Diet,Active Lifestyle Routine,Fit,19.5,2.7,5,1.95,184,148,1443.0
28,Male,176.0,87.0,28.09,Overweight,Moderate,Maintain Fitness,Vegetarian,1835.0,2844.2,2844.2,Balanced Maintenance Diet,Active Lifestyle Routine,Needs Improvement,28.4,3.5,3,1.2,197,121,799.0
33,Female,171.0,65.3,22.33,Normal,Active,Maintain Fitness,Non-Vegetarian,1395.8,2407.8,2407.8,Balanced Maintenance Diet,Intermediate Cardio + HIIT,Needs Improvement,29.7,2.5,4,1.18,172,135,796.0
50,Male,167.0,45.4,16.28,Underweight,Active,Maintain Fitness,Vegetarian,1252.8,2161.1,2161.1,Balanced Maintenance Diet,Active Lifestyle Routine,Moderately Fit,24.1,2.8,4,1.37,163,158,1071.0
26,Male,187.0,87.1,24.91,Normal,Active,Maintain Fitness,Vegetarian,1914.8,3303.0,3303.0,Balanced Maintenance Diet,Active Lifestyle Routine,Fit,11.2,3.5,4,1.71,173,132,1241.0
23,Female,173.0,78.6,26.26,Overweight,Active,Weight Loss,Non-Vegetarian,1591.2,2744.8,2344.8,Low Calorie Balanced Diet,Intermediate Cardio + HIIT,Needs Improvement,32.3,1.5,4,1.47,192,156,1147.0
33,Female,171.0,78.0,26.67,Overweight,Light,Weight Loss,Non-Vegetarian,1522.8,2093.8,1693.8,Low Calorie Balanced Diet,Beginner Cardio + Walking,Needs Improvement,26.3,2.1,3,1.08,187,136,734.0
46,Female,153.0,58.0,24.78,Normal,Active,Improve Stamina,Non-Vegetarian,1145.2,1975.5,2075.5,High Carb Performance Diet,Cardio Endurance Training,Fit,18.4,2.7,4,1.83,196,140,1153.0
20,Female,169.0,71.3,24.96,Normal,Moderate,Muscle Gain,Vegetarian,1508.2,2337.7,2637.7,High Protein Veg Diet,Progressive Strength Training,Needs Improvement,33.4,2.3,3,1.28,167,163,1043.0
37,Male,174.0,49.1,16.22,Underweight,Moderate,Maintain Fitness,Non-Vegetarian,1398.5,2167.7,2167.7,Balanced Maintenance Diet,Active Lifestyle Routine,Moderately Fit,22.3,2.6,3,1.11,193,138,842.0
53,Female,165.0,78.3,28.76,Overweight,Light,Weight Loss,Vegetarian,1388.2,1908.8,1508.8,Low Calorie Balanced Diet,Beginner Cardio + Walking,Needs Improvement,33.7,1.6,3,1.24,164,126,703.0
36,Female,164.0,57.3,21.3,Normal,Active,Muscle Gain,Vegetarian,1257.0,2168.3,2468.3,High Protein Veg Diet,Progressive Strength Training,Moderately Fit,25.3,1.8,4,1.13,164,157,887.0
43,Female,161.0,48.4,18.67,Normal,Sedentary,Weight Loss,Non-Vegetarian,1114.2,1337.0,1200.0,Low Calorie Balanced Diet,Beginner Cardio + Walking,Needs Improvement,34.1,2.4,2,1.28,190,127,732.0
20,Male,162.0,76.4,29.11,Overweight,Active,Improve Stamina,Non-Vegetarian,1681.5,2900.6,3000.6,High Carb Performance Diet,Cardio Endurance Training,Needs Improvement,21.2,2.6,4,1.35,168,132,980.0
36,Male,177.0,110.2,35.18,Obese,Sedentary,Weight Loss,Vegan,2033.2,2439.8,2039.8,Low Calorie Balanced Diet,Beginner Cardio + Walking,Needs Improvement,26.5,3.4,2,1.19,191,156,1021.0
37,Female,176.0,72.9,23.53,Normal,Moderate,Muscle Gain,Non-Vegetarian,1483.0,2298.7,2598.7,High Protein Non-Veg Diet,Progressive Strength Training,Moderately Fit,27.5,1.9,3,1.21,192,121,732.0
49,Male,186.0,82.1,23.73,Normal,Active,Muscle Gain,Non-Vegetarian,1743.5,3007.5,3307.5,High Protein Non-Veg Diet,Moderate Strength Training,Fit,14.2,3.5,4,1.87,162,160,1481.0
24,Female,176.0,58.9,19.01,Normal,Light,Maintain Fitness,Vegetarian,1408.0,1936.0,1936.0,Balanced Maintenance Diet,Beginner Cardio + Walking,Needs Improvement,30.1,1.7,3,0.63,189,130,410.0
58,Male,187.0,82.2,23.51,Normal,Active,Maintain Fitness,Vegetarian,1705.8,2942.5,2942.5,Balanced Maintenance Diet,Intermediate Cardio + HIIT,Fit,10.7,3.5,4,1.57,171,143,1111.0
50,Male,172.0,96.7,32.69,Obese,Moderate,Weight Loss,Vegetarian,1797.0,2785.3,2385.3,Low Calorie Balanced Diet,Moderate Strength Training,Needs Improvement,25.7,2.7,3,1.46,188,125,903.0
57,Male,186.0,81.4,23.53,Normal,Very Active,Improve Stamina,Vegetarian,1696.5,3223.3,3323.3,High Carb Performance Diet,Cardio Endurance Training,Fit,12.0,3.5,5,1.8,162,145,1292.0
56,Male,173.0,107.8,36.02,Obese,Moderate,Maintain Fitness,Eggetarian,1884.2,2920.5,2920.5,Balanced Maintenance Diet,Active Lifestyle Routine,Needs Improvement,26.6,2.8,3,1.09,185,126,680.0
35,Female,162.0,65.8,25.07,Overweight,Active,Improve Stamina,Vegetarian,1334.5,2302.0,2402.0,High Carb Performance Diet,Cardio Endurance Training,Needs Improvement,33.8,1.5,4,1.0,189,158,790.0
57,Female,156.0,68.5,28.15,Overweight,Active,Weight Loss,Vegan,1214.0,2094.2,1694.2,Low Calorie Balanced Diet,Intermediate Cardio + HIIT,Needs Improvement,29.1,1.6,4,1.45,168,138,900.0
18,Female,159.0,63.9,25.28,Overweight,Active,Muscle Gain,Non-Vegetarian,1381.8,2383.6,2683.6,High Protein Non-Veg Diet,Progressive Strength Training,Needs Improvement,16.4,2.7,4,1.87,185,125,1169.0
28,Male,162.0,76.3,29.07,Overweight,Moderate,Weight Loss,Non-Vegetarian,1640.5,2542.8,2142.8,Low Calorie Balanced Diet,Compound Strength Training,Needs Improvement,20.1,2.3,3,1.16,161,162,1034.0
45,Female,165.0,44.5,16.35,Underweight,Light,Improve Stamina,Non-Vegetarian,1090.2,1499.0,1599.0,High Carb Performance Diet,Beginner Fitness Routine,Needs Improvement,30.7,1.6,3,1.44,162,148,959.0
42,Female,175.0,50.7,16.56,Underweight,Moderate,Muscle Gain,Non-Vegetarian,1229.8,1906.2,2206.2,High Protein Non-Veg Diet,Progressive Strength Training,Needs Improvement,29.0,1.9,3,1.29,163,162,940.0
40,Female,161.0,55.1,21.26,Normal,Active,Maintain Fitness,Non-Vegetarian,1196.2,2063.4,2063.4,Balanced Maintenance Diet,Active Lifestyle Routine,Fit,16.9,2.7,4,1.55,184,158,1224.0
48,Male,161.0,73.7,28.43,Overweight,Active,Improve Stamina,Vegetarian,1508.2,2601.6,2701.6,High Carb Performance Diet,Cardio Endurance Training,Needs Improvement,21.8,3.6,4,1.36,172,121,815.0
47,Male,177.0,55.6,17.75,Underweight,Active,Improve Stamina,Non-Vegetarian,1432.2,2470.5,2570.5,High Carb Performance Diet,Cardio Endurance Training,Moderately Fit,24.3,2.9,4,1.2,198,138,820.0
59,Male,176.0,86.9,28.05,Overweight,Moderate,Weight Loss,Vegetarian,1679.0,2602.5,2202.5,Low Calorie Balanced Diet,Moderate Strength Training,Needs Improvement,29.8,3.1,3,1.13,194,123,688.0
52,Female,168.0,60.3,21.36,Normal,Active,Muscle Gain,Vegetarian,1232.0,2125.2,2425.2,High Protein Veg Diet,Moderate Strength Training,Fit,16.5,2.7,4,1.6,182,125,900.0
24,Female,164.0,40.4,15.02,Underweight,Sedentary,Maintain Fitness,Non-Vegetarian,1148.0,1377.6,1377.6,Balanced Maintenance Diet,Beginner Cardio + Walking,Needs Improvement,31.0,1.9,2,0.99,168,168,832.0
33,Female,166.0,78.5,28.49,Overweight,Active,Weight Loss,Vegetarian,1496.5,2581.5,2181.5,Low Calorie Balanced Diet,Intermediate Cardio + HIIT,Needs Improvement,32.8,1.9,4,1.29,161,156,1006.0
43,Male,172.0,102.6,34.68,Obese,Sedentary,Weight Loss,Eggetarian,1891.0,2269.2,1869.2,Low Calorie Balanced Diet,Beginner Fitness Routine,Needs Improvement,27.5,2.0,2,0.82,190,147,597.0
19,Male,191.0,110.8,30.37,Obese,Sedentary,Weight Loss,Eggetarian,2211.8,2654.2,2254.2,Low Calorie Balanced Diet,Beginner Fitness Routine,Needs Improvement,23.3,2.9,2,1.31,161,149,1074.0
18,Female,179.0,60.9,19.01,Normal,Sedentary,Weight Loss,Eggetarian,1476.8,1772.2,1372.2,Low Calorie Balanced Diet,Beginner Cardio + Walking,Needs Improvement,31.1,2.1,2,1.11,191,126,699.0
29,Male,161.0,55.7,21.49,Normal,Light,Muscle Gain,Vegetarian,1423.2,1956.9,2256.9,High Protein Veg Diet,Beginner Fitness Routine,Needs Improvement,28.7,2.3,3,1.41,177,128,993.0
22,Male,192.0,110.5,29.98,Overweight,Moderate,Weight Loss,Vegetarian,2200.0,3410.0,3010.0,Low Calorie Balanced Diet,Intermediate Cardio + HIIT,Needs Improvement,20.2,3.3,3,1.16,172,144,919.0
54,Male,171.0,55.2,18.88,Normal,Sedentary,Weight Loss,Eggetarian,1355.8,1627.0,1227.0,Low Calorie Balanced Diet,Beginner Cardio + Walking,Needs Improvement,24.4,2.8,2,0.77,164,152,579.0
49,Male,172.0,46.5,15.72,Underweight,Active,Maintain Fitness,Vegetarian,1300.0,2242.5,2242.5,Balanced Maintenance Diet,Active Lifestyle Routine,Moderately Fit,22.2,2.6,4,1.4,169,120,832.0
26,Female,166.0,70.9,25.73,Overweight,Light,Weight Loss,Eggetarian,1455.5,2001.3,1601.3,Low Calorie Balanced Diet,Beginner Cardio + Walking,Needs Improvement,28.9,1.7,3,0.81,184,125,506.0
58,Male,175.0,74.6,24.36,Normal,Sedentary,Maintain Fitness,Eggetarian,1554.8,1865.8,1865.8,Balanced Maintenance Diet,Beginner Cardio + Walking,Needs Improvement,24.2,2.9,2,1.09,193,137,739.0
52,Male,172.0,45.1,15.24,Underweight,Sedentary,Weight Loss,Vegan,1271.0,1525.2,1200.0,Low Calorie Balanced Diet,Beginner Cardio + Walking,Needs Improvement,27.5,3.3,2,0.93,196,129,594.0
36,Male,199.0,99.9,25.23,Overweight,Light,Improve Stamina,Vegetarian,2067.8,2843.2,2943.2,High Carb Performance Diet,Beginner Fitness Routine,Needs Improvement,20.9,2.5,3,1.33,189,147,1075.0
33,Male,161.0,117.0,45.14,Obese,Moderate,Weight Loss,Vegetarian,2016.2,3125.1,2725.1,Low Calorie Balanced Diet,Intermediate Cardio + HIIT,Needs Improvement,25.1,2.4,3,1.04,166,130,744.0
20,Female,173.0,75.9,25.36,Overweight,Active,Muscle Gain,Vegan,1579.2,2724.1,3024.1,High Protein Veg Diet,Progressive Strength Training,Needs Improvement,30.6,2.1,4,1.39,165,152,1056.0
37,Female,164.0,71.2,26.47,Overweight,Moderate,Weight Loss,Vegetarian,1391.0,2156.1,1756.1,Low Calorie Balanced Diet,Intermediate Cardio + HIIT,Needs Improvement,29.9,1.7,3,1.11,162,120,666.0
41,Male,172.0,78.8,26.64,Overweight,Active,Improve Stamina,Vegetarian,1663.0,2868.7,2968.7,High Carb Performance Diet,Cardio Endurance Training,Needs Improvement,27.3,3.1,4,1.01,172,132,660.0
50,Male,169.0,50.6,17.72,Underweight,Sedentary,Weight Loss,Non-Vegetarian,1317.2,1580.6,1200.0,Low Calorie Balanced Diet,Beginner Cardio + Walking,Needs Improvement,23.8,3.0,2,1.31,162,156,1012.0
41,Male,179.0,82.5,25.75,Overweight,Active,Improve Stamina,Eggetarian,1743.8,3008.1,3108.1,High Carb Performance Diet,Cardio Endurance Training,Needs Improvement,14.7,3.5,4,1.69,185,139,1163.0
28,Male,179.0,108.5,33.86,Obese,Active,Weight Loss,Non-Vegetarian,2068.8,3568.7,3168.7,Low Calorie Balanced Diet,Intermediate Cardio + HIIT,Needs Improvement,24.8,2.1,4,1.33,183,120,878.0
25,Male,198.0,49.9,12.73,Underweight,Moderate,Maintain Fitness,Non-Vegetarian,1616.5,2505.6,2505.6,Balanced Maintenance Diet,Active Lifestyle Routine,Moderately Fit,25.7,2.1,3,1.15,165,122,772.0
53,Male,191.0,125.1,34.29,Obese,Sedentary,Weight Loss,Vegetarian,2184.8,2621.8,2221.8,Low Calorie Balanced Diet,Beginner Fitness Routine,Needs Improvement,28.3,3.1,2,0.52,171,137,353.0
55,Female,166.0,79.7,28.92,Overweight,Sedentary,Weight Loss,Non-Vegetarian,1398.5,1678.2,1278.2,Low Calorie Balanced Diet,Beginner Cardio + Walking,Needs Improvement,27.8,1.9,2,1.06,195,160,763.0
57,Male,163.0,126.8,47.72,Obese,Sedentary,Improve Stamina,Eggetarian,2006.8,2408.2,2508.2,High Carb Performance Diet,Beginner Fitness Routine,Needs Improvement,20.8,2.1,2,0.96,161,133,632.0
37,Female,157.0,54.6,22.15,Normal,Light,Muscle Gain,Vegetarian,1181.2,1624.2,1924.2,High Protein Veg Diet,Beginner Fitness Routine,Needs Improvement,32.1,2.4,3,1.31,170,150,982.0
52,Female,154.0,47.8,20.16,Normal,Moderate,Improve Stamina,Non-Vegetarian,1019.5,1580.2,1680.2,High Carb Performance Diet,Cardio Endurance Training,Needs Improvement,29.8,1.9,3,1.34,198,146,880.0
42,Male,191.0,97.9,26.84,Overweight,Moderate,Muscle Gain,Vegan,1967.8,3050.1,3350.1,High Protein Veg Diet,Progressive Strength Training,Needs Improvement,29.0,2.8,3,1.01,193,136,680.0
52,Female,154.0,63.1,26.61,Overweight,Moderate,Muscle Gain,Non-Vegetarian,1172.5,1817.4,2117.4,High Protein Non-Veg Diet,Moderate Strength Training,Needs Improvement,34.8,1.8,3,1.36,185,165,1010.0
42,Female,169.0,72.4,25.35,Overweight,Moderate,Maintain Fitness,Non-Vegetarian,1409.2,2184.3,2184.3,Balanced Maintenance Diet,Active Lifestyle Routine,Needs Improvement,29.0,2.3,3,1.07,177,148,713.0
46,Female,170.0,58.9,20.38,Normal,Active,Muscle Gain,Non-Vegetarian,1260.5,2174.4,2474.4,High Protein Non-Veg Diet,Moderate Strength Training,Fit,17.1,2.7,4,1.52,180,155,1060.0
35,Female,160.0,50.4,19.69,Normal,Active,Improve Stamina,Vegetarian,1168.0,2014.8,2114.8,High Carb Performance Diet,Cardio Endurance Training,Needs Improvement,29.1,1.9,4,1.03,195,156,803.0
35,Female,159.0,64.2,25.39,Overweight,Very Active,Maintain Fitness,Vegetarian,1299.8,2469.6,2469.6,Balanced Maintenance Diet,Active Lifestyle Routine,Needs Improvement,16.6,2.7,5,1.63,199,145,1182.0
19,Female,177.0,58.8,18.77,Normal,Sedentary,Maintain Fitness,Vegan,1438.2,1725.8,1725.8,Balanced Maintenance Diet,Beginner Cardio + Walking,Needs Improvement,32.8,2.7,2,1.4,181,136,952.0
52,Male,162.0,105.2,40.09,Obese,Light,Weight Loss,Vegan,1809.5,2488.1,2088.1,Low Calorie Balanced Diet,Beginner Cardio + Walking,Needs Improvement,27.6,3.2,3,1.36,189,141,949.0
33,Female,150.0,45.9,20.4,Normal,Light,Improve Stamina,Vegan,1070.5,1471.9,1571.9,High Carb Performance Diet,Beginner Fitness Routine,Needs Improvement,29.8,1.7,3,0.92,189,144,662.0
58,Female,163.0,65.2,24.54,Normal,Moderate,Maintain Fitness,Eggetarian,1219.8,1890.7,1890.7,Balanced Maintenance Diet,Intermediate Cardio + HIIT,Moderately Fit,25.4,2.0,3,1.12,167,121,610.0
53,Female,179.0,56.3,17.57,Underweight,Very Active,Muscle Gain,Non-Vegetarian,1255.8,2386.0,2686.0,High Protein Non-Veg Diet,Moderate Strength Training,Moderately Fit,16.5,2.7,5,1.52,193,141,964.0
50,Male,170.0,90.0,31.14,Obese,Sedentary,Weight Loss,Non-Vegetarian,1717.5,2061.0,1661.0,Low Calorie Balanced Diet,Beginner Cardio + Walking,Needs Improvement,22.9,2.7,2,0.81,168,124,497.0
21,Female,170.0,60.0,20.76,Normal,Very Active,Muscle Gain,Non-Vegetarian,1396.5,2653.3,2953.3,High Protein Non-Veg Diet,Progressive Strength Training,Fit,19.1,2.7,5,1.97,179,123,1212.0
50,Male,171.0,51.5,17.61,Underweight,Sedentary,Improve Stamina,Non-Vegetarian,1338.8,1606.6,1706.6,High Carb Performance Diet,Beginner Fitness Routine,Needs Improvement,20.9,2.9,2,1.48,199,155,1136.0
31,Female,164.0,63.1,23.46,Normal,Active,Improve Stamina,Non-Vegetarian,1340.0,2311.5,2411.5,High Carb Performance Diet,Cardio Endurance Training,Fit,19.0,2.7,4,1.54,184,125,962.0
38,Male,177.0,91.5,29.21,Overweight,Sedentary,Improve Stamina,Non-Vegetarian,1836.2,2203.4,2303.4,High Carb Performance Diet,Beginner Fitness Routine,Needs Improvement,26.7,3.4,2,0.8,178,140,616.0
37,Male,167.0,48.7,17.46,Underweight,Sedentary,Improve Stamina,Vegan,1350.8,1621.0,1721.0,High Carb Performance Diet,Beginner Fitness Routine,Needs Improvement,27.3,3.0,2,1.39,164,132,1009.0
25,Female,156.0,57.8,23.75,Normal,Moderate,Maintain Fitness,Vegetarian,1267.0,1963.9,1963.9,Balanced Maintenance Diet,Active Lifestyle Routine,Needs Improvement,29.3,1.6,3,1.35,170,156,1053.0
24,Female,175.0,42.0,13.71,Underweight,Light,Muscle Gain,Vegetarian,1232.8,1695.1,1995.1,High Protein Veg Diet,Beginner Fitness Routine,Needs Improvement,31.8,2.3,3,0.83,174,144,598.0
20,Male,192.0,128.4,34.83,Obese,Sedentary,Weight Loss,Vegetarian,2389.0,2866.8,2466.8,Low Calorie Balanced Diet,Beginner Cardio + Walking,Needs Improvement,26.1,2.0,2,0.63,167,145,502.0
34,Female,157.0,74.2,30.1,Obese,Light,Weight Loss,Non-Vegetarian,1392.2,1914.3,1514.3,Low Calorie Balanced Diet,Beginner Cardio + Walking,Needs Improvement,32.7,2.4,3,1.47,178,158,1161.0
50,Male,168.0,89.6,31.75,Obese,Very Active,Improve Stamina,Vegetarian,1701.0,3231.9,3331.9,High Carb Performance Diet,Cardio Endurance Training,Needs Improvement,12.2,3.5,5,1.79,182,139,1232.0
29,Male,200.0,125.9,31.48,Obese,Active,Weight Loss,Non-Vegetarian,2369.0,4086.5,3686.5,Low Calorie Balanced Diet,Compound Strength Training,Needs Improvement,24.7,3.1,4,1.36,186,152,1137.0
39,Male,199.0,105.5,26.64,Overweight,Sedentary,Weight Loss,Non-Vegetarian,2108.8,2530.6,2130.6,Low Calorie Balanced Diet,Beginner Cardio + Walking,Needs Improvement,26.4,2.5,2,0.81,199,133,593.0
39,Male,170.0,93.4,32.32,Obese,Active,Weight Loss,Vegetarian,1806.5,3116.2,2716.2,Low Calorie Balanced Diet,Compound Strength Training,Needs Improvement,21.1,2.5,4,1.1,191,155,938.0
47,Male,184.0,82.1,24.25,Normal,Active,Muscle Gain,Non-Vegetarian,1741.0,3003.2,3303.2,High Protein Non-Veg Diet,Moderate Strength Training,Moderately Fit,24.4,3.4,4,1.37,185,136,922.0
55,Female,169.0,42.9,15.02,Underweight,Sedentary,Improve Stamina,Vegetarian,1049.2,1259.0,1359.0,High Carb Performance Diet,Beginner Fitness Routine,Needs Improvement,34.7,2.4,2,0.9,186,140,567.0
55,Male,168.0,128.4,45.49,Obese,Active,Improve Stamina,Vegetarian,2064.0,3560.4,3660.4,High Carb Performance Diet,Cardio Endurance Training,Needs Improvement,20.4,2.6,4,1.13,178,165,923.0
25,Male,196.0,112.4,29.26,Overweight,Sedentary,Weight Loss,Vegan,2229.0,2674.8,2274.8,Low Calorie Balanced Diet,Beginner Cardio + Walking,Needs Improvement,23.2,2.5,2,1.42,188,135,1054.0
44,Female,179.0,77.7,24.25,Normal,Light,Maintain Fitness,Vegetarian,1514.8,2082.8,2082.8,Balanced Maintenance Diet,Beginner Cardio + Walking,Needs Improvement,28.1,2.2,3,1.41,198,165,1047.0
44,Male,199.0,89.3,22.55,Normal,Active,Maintain Fitness,Vegetarian,1921.8,3315.1,3315.1,Balanced Maintenance Diet,Intermediate Cardio + HIIT,Moderately Fit,26.3,2.0,4,1.4,192,135,936.0
51,Female,155.0,70.3,29.26,Overweight,Light,Improve Stamina,Non-Vegetarian,1255.8,1726.7,1826.7,High Carb Performance Diet,Beginner Fitness Routine,Needs Improvement,26.1,1.6,3,1.4,178,139,876.0
38,Female,172.0,59.1,19.98,Normal,Moderate,Improve Stamina,Non-Vegetarian,1315.0,2038.2,2138.2,High Carb Performance Diet,Cardio Endurance Training,Needs Improvement,31.3,1.7,3,1.07,196,148,792.0
47,Female,169.0,49.9,17.47,Underweight,Moderate,Maintain Fitness,Vegetarian,1159.2,1796.8,1796.8,Balanced Maintenance Diet,Intermediate Cardio + HIIT,Moderately Fit,26.0,1.7,3,1.48,178,147,979.0
50,Male,167.0,101.7,36.47,Obese,Sedentary,Weight Loss,Non-Vegetarian,1815.8,2179.0,1779.0,Low Calorie Balanced Diet,Beginner Cardio + Walking,Needs Improvement,20.9,2.9,2,0.53,192,127,333.0
45,Male,191.0,93.0,25.49,Overweight,Moderate,Improve Stamina,Vegetarian,1903.8,2950.9,3050.9,High Carb Performance Diet,Cardio Endurance Training,Needs Improvement,27.3,3.7,3,1.03,175,143,729.0
50,Male,160.0,87.4,34.14,Obese,Sedentary,Weight Loss,Vegetarian,1629.0,1954.8,1554.8,Low Calorie Balanced Diet,Beginner Fitness Routine,Needs Improvement,23.2,3.1,2,0.77,182,122,465.0
22,Female,161.0,55.1,21.26,Normal,Active,Maintain Fitness,Non-Vegetarian,1286.2,2218.7,2218.7,Balanced Maintenance Diet,Intermediate Cardio + HIIT,Fit,19.9,2.7,4,1.62,166,144,1166.0
36,Male,169.0,123.7,43.31,Obese,Active,Improve Stamina,Non-Vegetarian,2118.2,3653.9,3753.9,High Carb Performance Diet,Cardio Endurance Training,Needs Improvement,20.4,2.1,4,1.3,185,138,987.0
21,Female,157.0,61.3,24.87,Normal,Active,Maintain Fitness,Non-Vegetarian,1328.2,2291.1,2291.1,Balanced Maintenance Diet,Intermediate Cardio + HIIT,Fit,17.2,2.7,4,1.94,191,152,1474.0
52,Male,194.0,72.3,19.21,Normal,Moderate,Maintain Fitness,Non-Vegetarian,1680.5,2604.8,2604.8,Balanced Maintenance Diet,Active Lifestyle Routine,Moderately Fit,21.1,2.9,3,1.46,171,121,874.0
34,Female,153.0,69.2,29.56,Overweight,Sedentary,Weight Loss,Eggetarian,1317.2,1580.6,1200.0,Low Calorie Balanced Diet,Beginner Cardio + Walking,Needs Improvement,28.5,2.1,2,1.36,167,134,911.0
45,Male,161.0,81.4,31.4,Obese,Active,Improve Stamina,Non-Vegetarian,1600.2,2760.3,2860.3,High Carb Performance Diet,Cardio Endurance Training,Needs Improvement,30.0,2.2,4,1.14,164,141,796.0
47,Male,186.0,84.8,24.51,Normal,Very Active,Maintain Fitness,Vegetarian,1780.5,3382.9,3382.9,Balanced Maintenance Diet,Intermediate Cardio + HIIT,Fit,14.4,3.5,5,1.85,187,129,1181.0
46,Male,172.0,55.1,18.62,Normal,Moderate,Maintain Fitness,Non-Vegetarian,1401.0,2171.6,2171.6,Balanced Maintenance Diet,Active Lifestyle Routine,Moderately Fit,20.5,3.6,3,1.43,164,137,970.0
23,Female,178.0,59.0,18.62,Normal,Very Active,Maintain Fitness,Vegetarian,1426.5,2710.3,2710.3,Balanced Maintenance Diet,Active Lifestyle Routine,Fit,17.8,2.7,5,1.67,185,141,1177.0
52,Female,151.0,64.9,28.46,Overweight,Active,Weight Loss,Vegetarian,1171.8,2021.4,1621.4,Low Calorie Balanced Diet,Intermediate Cardio + HIIT,Needs Improvement,18.2,2.7,4,1.83,164,165,1359.0
58,Male,175.0,109.7,35.82,Obese,Sedentary,Weight Loss,Vegetarian,1905.8,2287.0,1887.0,Low Calorie Balanced Diet,Beginner Cardio + Walking,Needs Improvement,22.1,2.7,2,1.01,181,168,840.0
54,Male,190.0,78.4,21.72,Normal,Sedentary,Improve Stamina,Vegetarian,1706.5,2047.8,2147.8,High Carb Performance Diet,Beginner Fitness Routine,Needs Improvement,21.5,3.7,2,0.81,174,146,585.0
41,Female,179.0,76.7,23.94,Normal,Active,Maintain Fitness,Eggetarian,1519.8,2621.7,2621.7,Balanced Maintenance Diet,Active Lifestyle Routine,Needs Improvement,34.0,2.0,4,1.4,172,132,832.0
46,Female,161.0,63.1,24.34,Normal,Active,Muscle Gain,Vegan,1246.2,2149.7,2449.7,High Protein Veg Diet,Moderate Strength Training,Needs Improvement,34.7,2.2,4,1.0,187,152,684.0
48,Female,158.0,62.9,25.2,Overweight,Active,Muscle Gain,Non-Vegetarian,1215.5,2096.7,2396.7,High Protein Non-Veg Diet,Moderate Strength Training,Needs Improvement,20.0,2.7,4,1.98,192,124,1105.0
52,Male,174.0,85.6,28.27,Overweight,Active,Maintain Fitness,Vegetarian,1688.5,2912.7,2912.7,Balanced Maintenance Diet,Active Lifestyle Routine,Needs Improvement,13.9,3.5,4,1.84,182,145,1321.0
50,Female,157.0,66.3,26.9,Overweight,Sedentary,Weight Loss,Vegetarian,1233.2,1479.8,1200.0,Low Calorie Balanced Diet,Beginner Cardio + Walking,Needs Improvement,31.6,1.6,2,1.25,192,132,742.0
38,Male,197.0,61.3,15.8,Underweight,Light,Weight Loss,Vegetarian,1659.2,2281.4,1881.4,Low Calorie Balanced Diet,Beginner Cardio + Walking,Moderately Fit,23.5,2.8,3,1.37,177,146,1100.0
49,Female,165.0,44.1,16.2,Underweight,Active,Maintain Fitness,Vegetarian,1066.2,1839.2,1839.2,Balanced Maintenance Diet,Intermediate Cardio + HIIT,Moderately Fit,26.7,1.8,4,1.16,189,133,694.0
40,Male,162.0,63.8,24.31,Normal,Sedentary,Maintain Fitness,Non-Vegetarian,1455.5,1746.6,1746.6,Balanced Maintenance Diet,Beginner Cardio + Walking,Needs Improvement,20.8,3.4,2,1.3,185,143,1022.0
50,Female,155.0,55.4,23.06,Normal,Active,Muscle Gain,Non-Vegetarian,1111.8,1917.9,2217.9,High Protein Non-Veg Diet,Moderate Strength Training,Fit,18.5,2.7,4,1.85,175,122,1016.0
20,Female,158.0,74.7,29.92,Overweight,Moderate,Weight Loss,Non-Vegetarian,1473.5,2283.9,1883.9,Low Calorie Balanced Diet,Compound Strength Training,Needs Improvement,32.8,2.4,3,1.04,172,166,863.0
35,Female,167.0,78.0,27.97,Overweight,Active,Weight Loss,Vegetarian,1487.8,2566.5,2166.5,Low Calorie Balanced Diet,Compound Strength Training,Needs Improvement,33.3,2.5,4,1.13,198,168,949.0
42,Female,167.0,57.5,20.62,Normal,Sedentary,Improve Stamina,Eggetarian,1247.8,1497.4,1597.4,High Carb Performance Diet,Beginner Fitness Routine,Needs Improvement,34.1,2.4,2,1.14,192,149,764.0
59,Female,173.0,60.7,20.28,Normal,Moderate,Maintain Fitness,Non-Vegetarian,1232.2,1909.9,1909.9,Balanced Maintenance Diet,Active Lifestyle Routine,Needs Improvement,33.8,2.5,3,1.03,185,154,714.0
48,Male,174.0,69.0,22.79,Normal,Moderate,Maintain Fitness,Non-Vegetarian,1542.5,2390.9,2390.9,Balanced Maintenance Diet,Intermediate Cardio + HIIT,Needs Improvement,30.0,2.3,3,1.48,160,167,1223.0
20,Female,178.0,75.8,23.92,Normal,Active,Maintain Fitness,Non-Vegetarian,1609.5,2776.4,2776.4,Balanced Maintenance Diet,Intermediate Cardio + HIIT,Moderately Fit,27.4,2.0,4,1.42,197,133,944.0
57,Female,163.0,75.7,28.49,Overweight,Light,Weight Loss,Vegetarian,1329.8,1828.5,1428.5,Low Calorie Balanced Diet,Beginner Cardio + Walking,Needs Improvement,32.6,2.3,3,0.69,161,131,407.0
41,Female,164.0,71.2,26.47,Overweight,Moderate,Weight Loss,Vegetarian,1371.0,2125.1,1725.1,Low Calorie Balanced Diet,Intermediate Cardio + HIIT,Needs Improvement,30.9,2.3,3,1.42,165,147,939.0
49,Male,168.0,85.0,30.12,Obese,Active,Weight Loss,Vegetarian,1660.0,2863.5,2463.5,Low Calorie Balanced Diet,Intermediate Cardio + HIIT,Needs Improvement,11.3,3.5,4,1.82,197,163,1468.0
39,Female,156.0,63.6,26.13,Overweight,Sedentary,Muscle Gain,Non-Vegetarian,1255.0,1506.0,1806.0,High Protein Non-Veg Diet,Beginner Fitness Routine,Needs Improvement,34.8,2.4,2,1.22,183,148,903.0
40,Male,194.0,73.2,19.45,Normal,Sedentary,Muscle Gain,Vegetarian,1749.5,2099.4,2399.4,High Protein Veg Diet,Beginner Fitness Routine,Needs Improvement,29.0,2.4,2,0.81,177,162,722.0
19,Female,152.0,48.3,20.91,Normal,Sedentary,Muscle Gain,Vegetarian,1177.0,1412.4,1712.4,High Protein Veg Diet,Beginner Fitness Routine,Needs Improvement,26.3,1.6,2,0.96,186,136,653.0
44,Female,178.0,42.8,13.51,Underweight,Moderate,Muscle Gain,Vegetarian,1159.5,1797.2,2097.2,High Protein Veg Diet,Progressive Strength Training,Moderately Fit,25.3,2.6,3,1.49,167,159,1066.0
59,Male,176.0,88.1,28.44,Overweight,Moderate,Weight Loss,Vegetarian,1691.0,2621.1,2221.1,Low Calorie Balanced Diet,Moderate Strength Training,Needs Improvement,26.9,3.0,3,1.35,187,168,1123.0
19,Female,175.0,72.4,23.64,Normal,Active,Improve Stamina,Vegan,1561.8,2694.1,2794.1,High Carb Performance Diet,Cardio Endurance Training,Needs Improvement,31.0,1.7,4,1.2,169,140,840.0
43,Male,188.0,73.2,20.71,Normal,Light,Weight Loss,Non-Vegetarian,1697.0,2333.4,1933.4,Low Calorie Balanced Diet,Beginner Cardio + Walking,Needs Improvement,29.4,3.3,3,1.17,176,142,822.0
34,Male,186.0,110.5,31.94,Obese,Sedentary,Weight Loss,Non-Vegetarian,2102.5,2523.0,2123.0,Low Calorie Balanced Diet,Beginner Cardio + Walking,Needs Improvement,22.3,3.6,2,1.42,188,139,1086.0
57,Female,176.0,46.1,14.88,Underweight,Moderate,Muscle Gain,Vegetarian,1115.0,1728.2,2028.2,High Protein Veg Diet,Moderate Strength Training,Moderately Fit,25.8,1.7,3,1.44,165,130,842.0
50,Male,171.0,90.8,31.05,Obese,Active,Maintain Fitness,Non-Vegetarian,1731.8,2987.4,2987.4,Balanced Maintenance Diet,Active Lifestyle Routine,Needs Improvement,22.6,3.4,4,1.07,173,153,810.0
26,Female,151.0,59.3,26.01,Overweight,Very Active,Muscle Gain,Non-Vegetarian,1245.8,2367.0,2667.0,High Protein Non-Veg Diet,Progressive Strength Training,Needs Improvement,15.1,2.7,5,1.7,181,129,1096.0
56,Female,173.0,45.1,15.07,Underweight,Light,Muscle Gain,Vegetarian,1091.2,1500.4,1800.4,High Protein Veg Diet,Beginner Fitness Routine,Moderately Fit,25.4,2.6,3,0.83,165,129,482.0
46,Male,177.0,45.0,14.36,Underweight,Moderate,Improve Stamina,Vegetarian,1331.2,2063.4,2163.4,High Carb Performance Diet,Cardio Endurance Training,Needs Improvement,29.1,3.6,3,1.48,185,162,1187.0
59,Male,162.0,89.4,34.06,Obese,Moderate,Weight Loss,Vegetarian,1616.5,2505.6,2105.6,Low Calorie Balanced Diet,Moderate Strength Training,Needs Improvement,23.5,3.6,3,1.43,198,125,885.0
43,Male,169.0,127.7,44.71,Obese,Moderate,Improve Stamina,Non-Vegetarian,2123.2,3291.0,3391.0,High Carb Performance Diet,Cardio Endurance Training,Needs Improvement,24.1,2.9,3,1.14,171,155,875.0
52,Male,172.0,70.9,23.97,Normal,Moderate,Muscle Gain,Non-Vegetarian,1529.0,2370.0,2670.0,High Protein Non-Veg Diet,Moderate Strength Training,Moderately Fit,20.2,2.6,3,1.31,194,143,927.0
42,Female,150.0,49.2,21.87,Normal,Moderate,Maintain Fitness,Vegetarian,1058.5,1640.7,1640.7,Balanced Maintenance Diet,Intermediate Cardio + HIIT,Moderately Fit,27.7,1.5,3,1.15,173,131,678.0
41,Female,179.0,62.3,19.44,Normal,Very Active,Maintain Fitness,Vegetarian,1375.8,2614.0,2614.0,Balanced Maintenance Diet,Active Lifestyle Routine,Fit,19.0,2.7,5,1.99,181,162,1451.0
30,Male,187.0,64.1,18.33,Underweight,Sedentary,Improve Stamina,Non-Vegetarian,1664.8,1997.8,2097.8,High Carb Performance Diet,Beginner Fitness Routine,Needs Improvement,26.2,2.1,2,0.64,182,142,500.0
24,Female,175.0,69.7,22.76,Normal,Light,Weight Loss,Non-Vegetarian,1509.8,2076.0,1676.0,Low Calorie Balanced Diet,Beginner Cardio + Walking,Needs Improvement,32.5,2.0,3,1.41,166,146,1029.0
53,Female,159.0,56.9,22.51,Normal,Moderate,Maintain Fitness,Vegan,1136.8,1762.0,1762.0,Balanced Maintenance Diet,Intermediate Cardio + HIIT,Needs Improvement,29.5,2.0,3,1.49,199,164,1100.0
37,Female,171.0,53.0,18.13,Underweight,Active,Maintain Fitness,Non-Vegetarian,1252.8,2161.1,2161.1,Balanced Maintenance Diet,Active Lifestyle Routine,Needs Improvement,28.1,1.7,4,1.13,184,156,881.0
18,Female,155.0,72.7,30.26,Obese,Light,Weight Loss,Vegetarian,1444.8,1986.6,1586.6,Low Calorie Balanced Diet,Beginner Cardio + Walking,Needs Improvement,29.8,2.0,3,0.84,172,125,525.0
25,Male,196.0,76.5,19.91,Normal,Light,Muscle Gain,Vegetarian,1870.0,2571.2,2871.2,High Protein Veg Diet,Beginner Fitness Routine,Moderately Fit,23.2,2.3,3,0.67,180,120,442.0
33,Male,199.0,113.6,28.69,Overweight,Sedentary,Weight Loss,Non-Vegetarian,2219.8,2663.8,2263.8,Low Calorie Balanced Diet,Beginner Fitness Routine,Needs Improvement,28.4,3.4,2,1.38,169,125,949.0
31,Female,162.0,62.5,23.81,Normal,Active,Maintain Fitness,Vegetarian,1321.5,2279.6,2279.6,Balanced Maintenance Diet,Intermediate Cardio + HIIT,Fit,16.5,2.7,4,1.56,168,169,1318.0
29,Male,186.0,95.2,27.52,Overweight,Sedentary,Improve Stamina,Non-Vegetarian,1974.5,2369.4,2469.4,High Carb Performance Diet,Beginner Fitness Routine,Needs Improvement,26.6,2.5,2,0.64,174,141,496.0
40,Male,182.0,51.7,15.61,Underweight,Light,Muscle Gain,Eggetarian,1459.5,2006.8,2306.8,High Protein Non-Veg Diet,Beginner Fitness Routine,Moderately Fit,21.4,3.0,3,0.9,161,160,792.0
32,Male,167.0,105.3,37.76,Obese,Light,Weight Loss,Non-Vegetarian,1941.8,2670.0,2270.0,Low Calorie Balanced Diet,Beginner Cardio + Walking,Needs Improvement,26.9,2.9,3,0.57,184,143,448.0
45,Female,168.0,71.2,25.23,Overweight,Light,Muscle Gain,Vegetarian,1376.0,1892.0,2192.0,High Protein Veg Diet,Beginner Fitness Routine,Needs Improvement,34.1,1.6,3,1.37,172,144,888.0
51,Female,151.0,78.1,34.25,Obese,Light,Weight Loss,Non-Vegetarian,1308.8,1799.6,1399.6,Low Calorie Balanced Diet,Beginner Fitness Routine,Needs Improvement,31.1,2.6,3,0.92,193,134,555.0
19,Female,168.0,50.6,17.93,Underweight,Moderate,Maintain Fitness,Non-Vegetarian,1300.0,2015.0,2015.0,Balanced Maintenance Diet,Active Lifestyle Routine,Needs Improvement,30.6,2.1,3,1.21,193,145,877.0
49,Male,189.0,70.2,19.65,Normal,Light,Improve Stamina,Non-Vegetarian,1643.2,2259.4,2359.4,High Carb Performance Diet,Beginner Fitness Routine,Needs Improvement,29.6,2.6,3,0.7,194,127,440.0
40,Female,153.0,62.6,26.74,Overweight,Very Active,Improve Stamina,Eggetarian,1221.2,2320.3,2420.3,High Carb Performance Diet,Cardio Endurance Training,Needs Improvement,18.1,2.7,5,1.93,197,143,1380.0
39,Female,165.0,60.6,22.26,Normal,Light,Maintain Fitness,Vegetarian,1281.2,1761.7,1761.7,Balanced Maintenance Diet,Beginner Cardio + Walking,Moderately Fit,27.6,1.7,3,0.92,162,167,768.0
42,Male,197.0,76.4,19.69,Normal,Moderate,Maintain Fitness,Eggetarian,1790.2,2774.8,2774.8,Balanced Maintenance Diet,Intermediate Cardio + HIIT,Moderately Fit,22.9,2.6,3,1.14,165,157,886.0
39,Female,171.0,63.3,21.65,Normal,Active,Muscle Gain,Eggetarian,1345.8,2321.5,2621.5,High Protein Non-Veg Diet,Progressive Strength Training,Fit,18.5,2.7,4,1.88,178,125,1175.0
39,Female,164.0,68.6,25.51,Overweight,Moderate,Improve Stamina,Vegetarian,1355.0,2100.2,2200.2,High Carb Performance Diet,Cardio Endurance Training,Needs Improvement,32.4,1.5,3,1.33,162,154,1024.0
59,Male,188.0,123.3,34.89,Obese,Active,Weight Loss,Vegetarian,2118.0,3653.6,3253.6,Low Calorie Balanced Diet,Intermediate Cardio + HIIT,Needs Improvement,23.0,2.6,4,1.3,177,161,1036.0
23,Male,194.0,107.0,28.43,Overweight,Sedentary,Weight Loss,Vegetarian,2172.5,2607.0,2207.0,Low Calorie Balanced Diet,Beginner Cardio + Walking,Needs Improvement,23.5,2.9,2,1.35,198,120,891.0
32,Male,192.0,68.3,18.53,Normal,Sedentary,Muscle Gain,Vegetarian,1728.0,2073.6,2373.6,High Protein Veg Diet,Beginner Fitness Routine,Needs Improvement,29.9,3.5,2,1.42,168,165,1289.0
54,Female,160.0,47.8,18.67,Normal,Active,Improve Stamina,Vegetarian,1047.0,1806.1,1906.1,High Carb Performance Diet,Cardio Endurance Training,Moderately Fit,26.0,2.3,4,1.19,171,155,830.0
50,Female,179.0,58.4,18.23,Underweight,Active,Maintain Fitness,Non-Vegetarian,1291.8,2228.4,2228.4,Balanced Maintenance Diet,Intermediate Cardio + HIIT,Moderately Fit,17.0,2.7,4,1.6,164,131,943.0
25,Female,171.0,74.3,25.41,Overweight,Moderate,Maintain Fitness,Vegetarian,1525.8,2365.0,2365.0,Balanced Maintenance Diet,Active Lifestyle Routine,Needs Improvement,25.6,1.6,3,1.43,162,157,1123.0
22,Male,182.0,106.8,32.24,Obese,Active,Maintain Fitness,Vegetarian,2100.5,3623.4,3623.4,Balanced Maintenance Diet,Active Lifestyle Routine,Needs Improvement,28.2,2.3,4,1.0,170,130,715.0
56,Male,180.0,125.5,38.73,Obese,Active,Weight Loss,Vegan,2105.0,3631.1,3231.1,Low Calorie Balanced Diet,Moderate Strength Training,Needs Improvement,20.9,2.7,4,1.26,189,131,817.0
21,Female,155.0,55.2,22.98,Normal,Active,Muscle Gain,Vegetarian,1254.8,2164.5,2464.5,High Protein Veg Diet,Progressive Strength Training,Needs Improvement,31.7,1.7,4,1.37,163,161,1103.0
23,Female,172.0,71.4,24.13,Normal,Sedentary,Muscle Gain,Vegan,1513.0,1815.6,2115.6,High Protein Veg Diet,Beginner Fitness Routine,Needs Improvement,25.6,1.5,2,1.25,164,169,1056.0
49,Male,161.0,77.7,29.98,Overweight,Moderate,Weight Loss,Vegetarian,1543.2,2392.0,1992.0,Low Calorie Balanced Diet,Moderate Strength Training,Needs Improvement,26.7,3.4,3,1.03,160,158,806.0
47,Male,160.0,88.4,34.53,Obese,Very Active,Weight Loss,Vegetarian,1654.0,3142.6,2742.6,Low Calorie Balanced Diet,Intermediate Cardio + HIIT,Needs Improvement,14.2,3.5,5,1.86,186,126,1160.0
52,Male,199.0,104.8,26.46,Overweight,Sedentary,Weight Loss,Non-Vegetarian,2036.8,2444.2,2044.2,Low Calorie Balanced Diet,Beginner Cardio + Walking,Needs Improvement,24.0,2.0,2,0.93,187,130,598.0
57,Male,169.0,82.2,28.78,Overweight,Active,Weight Loss,Non-Vegetarian,1598.2,2756.9,2356.9,Low Calorie Balanced Diet,Moderate Strength Training,Needs Improvement,25.2,3.4,4,1.15,188,155,882.0
33,Female,175.0,68.2,22.27,Normal,Sedentary,Muscle Gain,Vegan,1449.8,1739.8,2039.8,High Protein Veg Diet,Beginner Fitness Routine,Needs Improvement,29.0,1.7,2,0.85,177,150,638.0
30,Male,199.0,91.4,23.08,Normal,Moderate,Maintain Fitness,Non-Vegetarian,2012.8,3119.8,3119.8,Balanced Maintenance Diet,Intermediate Cardio + HIIT,Moderately Fit,23.0,3.7,3,1.37,171,152,1145.0
59,Female,165.0,42.1,15.46,Underweight,Sedentary,Muscle Gain,Vegan,996.2,1195.4,1495.4,High Protein Veg Diet,Beginner Fitness Routine,Needs Improvement,33.0,2.2,2,1.22,172,132,725.0
47,Female,176.0,68.7,22.18,Normal,Moderate,Muscle Gain,Vegetarian,1391.0,2156.1,2456.1,High Protein Veg Diet,Moderate Strength Training,Moderately Fit,27.7,2.4,3,1.37,161,137,845.0
36,Female,174.0,47.2,15.59,Underweight,Active,Improve Stamina,Vegetarian,1218.5,2101.9,2201.9,High Carb Performance Diet,Cardio Endurance Training,Needs Improvement,32.2,1.6,4,1.5,196,160,1200.0
34,Male,176.0,92.0,29.7,Overweight,Light,Improve Stamina,Non-Vegetarian,1855.0,2550.6,2650.6,High Carb Performance Diet,Beginner Fitness Routine,Needs Improvement,22.1,3.5,3,0.73,175,143,574.0
36,Male,195.0,56.2,14.78,Underweight,Active,Muscle Gain,Vegan,1605.8,2770.0,3070.0,High Protein Veg Diet,Progressive Strength Training,Moderately Fit,22.5,3.4,4,1.09,183,128,767.0
45,Male,172.0,58.4,19.74,Normal,Active,Maintain Fitness,Eggetarian,1439.0,2482.3,2482.3,Balanced Maintenance Diet,Intermediate Cardio + HIIT,Moderately Fit,23.4,3.1,4,1.31,194,150,973.0
43,Male,195.0,82.9,21.8,Normal,Very Active,Improve Stamina,Vegetarian,1837.8,3491.8,3591.8,High Carb Performance Diet,Cardio Endurance Training,Fit,12.9,3.5,5,1.9,181,160,1505.0
54,Female,174.0,66.9,22.1,Normal,Sedentary,Maintain Fitness,Vegetarian,1325.5,1590.6,1590.6,Balanced Maintenance Diet,Beginner Cardio + Walking,Needs Improvement,29.5,2.1,2,1.24,195,129,720.0
43,Male,185.0,66.3,19.37,Normal,Sedentary,Weight Loss,Non-Vegetarian,1609.2,1931.0,1531.0,Low Calorie Balanced Diet,Beginner Cardio + Walking,Needs Improvement,27.5,3.2,2,1.18,170,121,707.0
40,Male,193.0,93.6,25.13,Overweight,Light,Weight Loss,Vegetarian,1947.2,2677.4,2277.4,Low Calorie Balanced Diet,Beginner Cardio + Walking,Needs Improvement,22.1,2.0,3,1.38,188,157,1192.0
26,Female,150.0,64.1,28.49,Overweight,Very Active,Weight Loss,Eggetarian,1287.5,2446.2,2046.2,Low Calorie Balanced Diet,Compound Strength Training,Needs Improvement,15.1,2.7,5,1.93,194,134,1293.0
29,Male,162.0,86.7,33.04,Obese,Active,Weight Loss,Vegan,1739.5,3000.6,2600.6,Low Calorie Balanced Diet,Compound Strength Training,Needs Improvement,13.9,3.5,4,1.52,174,122,1020.0
18,Female,159.0,62.0,24.52,Normal,Active,Muscle Gain,Vegetarian,1362.8,2350.8,2650.8,High Protein Veg Diet,Progressive Strength Training,Needs Improvement,33.2,2.2,4,1.23,190,162,996.0
18,Female,161.0,58.1,22.41,Normal,Active,Maintain Fitness,Non-Vegetarian,1336.2,2304.9,2304.9,Balanced Maintenance Diet,Active Lifestyle Routine,Fit,15.3,2.7,4,1.9,175,150,1425.0
51,Female,160.0,64.9,25.35,Overweight,Active,Maintain Fitness,Non-Vegetarian,1233.0,2126.9,2126.9,Balanced Maintenance Diet,Active Lifestyle Routine,Needs Improvement,31.1,2.5,4,1.49,169,125,838.0
49,Female,162.0,69.3,26.41,Overweight,Active,Weight Loss,Vegetarian,1299.5,2241.6,1841.6,Low Calorie Balanced Diet,Intermediate Cardio + HIIT,Needs Improvement,28.8,1.9,4,1.14,191,122,626.0
42,Female,174.0,42.7,14.1,Underweight,Light,Muscle Gain,Eggetarian,1143.5,1572.3,1872.3,High Protein Non-Veg Diet,Beginner Fitness Routine,Needs Improvement,32.9,1.6,3,1.04,161,130,608.0
57,Female,163.0,51.4,19.35,Normal,Active,Maintain Fitness,Non-Vegetarian,1086.8,1874.7,1874.7,Balanced Maintenance Diet,Active Lifestyle Routine,Needs Improvement,33.7,2.0,4,1.2,183,134,724.0
18,Female,160.0,67.4,26.33,Overweight,Light,Muscle Gain,Vegan,1423.0,1956.6,2256.6,High Protein Veg Diet,Beginner Fitness Routine,Needs Improvement,33.5,2.4,3,0.6,182,164,492.0
33,Female,161.0,55.6,21.45,Normal,Active,Maintain Fitness,Vegetarian,1236.2,2132.4,2132.4,Balanced Maintenance Diet,Active Lifestyle Routine,Fit,18.9,2.7,4,1.77,161,147,1301.0
56,Male,186.0,125.3,36.22,Obese,Moderate,Maintain Fitness,Vegan,2140.5,3317.8,3317.8,Balanced Maintenance Diet,Active Lifestyle Routine,Needs Improvement,22.7,2.2,3,1.0,197,129,639.0
22,Male,185.0,102.1,29.83,Overweight,Active,Improve Stamina,Vegetarian,2072.2,3574.5,3674.5,High Carb Performance Diet,Cardio Endurance Training,Needs Improvement,28.1,2.4,4,1.48,190,157,1278.0
39,Male,177.0,61.9,19.76,Normal,Light,Muscle Gain,Vegetarian,1535.2,2110.9,2410.9,High Protein Veg Diet,Beginner Fitness Routine,Moderately Fit,25.3,2.3,3,1.32,199,166,1205.0
46,Male,164.0,108.8,40.45,Obese,Light,Weight Loss,Eggetarian,1888.0,2596.0,2196.0,Low Calorie Balanced Diet,Beginner Fitness Routine,Needs Improvement,20.5,3.4,3,1.4,185,169,1171.0
20,Female,158.0,51.1,20.47,Normal,Sedentary,Improve Stamina,Vegetarian,1237.5,1485.0,1585.0,High Carb Performance Diet,Beginner Fitness Routine,Needs Improvement,29.6,1.6,2,0.5,188,169,422.0
29,Male,199.0,81.7,20.63,Normal,Sedentary,Muscle Gain,Vegetarian,1920.8,2305.0,2605.0,High Protein Veg Diet,Beginner Fitness Routine,Needs Improvement,29.4,3.2,2,1.45,162,126,1005.0
43,Female,166.0,42.7,15.5,Underweight,Sedentary,Improve Stamina,Eggetarian,1088.5,1306.2,1406.2,High Carb Performance Diet,Beginner Fitness Routine,Needs Improvement,33.9,1.9,2,0.73,173,134,440.0
33,Male,199.0,81.8,20.66,Normal,Active,Muscle Gain,Eggetarian,1901.8,3280.6,3580.6,High Protein Non-Veg Diet,Progressive Strength Training,Fit,10.5,3.5,4,1.59,184,137,1198.0
54,Male,176.0,54.6,17.63,Underweight,Active,Improve Stamina,Non-Vegetarian,1381.0,2382.2,2482.2,High Carb Performance Diet,Cardio Endurance Training,Moderately Fit,27.4,3.3,4,1.28,160,137,868.0
39,Male,188.0,107.7,30.47,Obese,Sedentary,Weight Loss,Non-Vegetarian,2062.0,2474.4,2074.4,Low Calorie Balanced Diet,Beginner Fitness Routine,Needs Improvement,28.1,3.6,2,0.72,162,160,634.0
46,Female,160.0,56.9,22.23,Normal,Light,Weight Loss,Vegetarian,1178.0,1619.8,1219.8,Low Calorie Balanced Diet,Beginner Cardio + Walking,Moderately Fit,27.7,1.6,3,0.88,185,143,566.0
31,Male,171.0,78.8,26.95,Overweight,Active,Weight Loss,Vegetarian,1706.8,2944.2,2544.2,Low Calorie Balanced Diet,Intermediate Cardio + HIIT,Needs Improvement,24.7,2.5,4,1.49,177,121,992.0
45,Female,164.0,48.2,17.92,Underweight,Active,Muscle Gain,Vegetarian,1121.0,1933.7,2233.7,High Protein Veg Diet,Progressive Strength Training,Needs Improvement,32.1,2.5,4,1.25,168,159,894.0
22,Female,159.0,50.7,20.05,Normal,Moderate,Muscle Gain,Non-Vegetarian,1229.8,1906.2,2206.2,High Protein Non-Veg Diet,Progressive Strength Training,Needs Improvement,29.4,1.8,3,1.27,197,139,883.0
47,Male,199.0,86.6,21.87,Normal,Active,Muscle Gain,Non-Vegetarian,1879.8,3242.7,3542.7,High Protein Non-Veg Diet,Moderate Strength Training,Fit,10.6,3.5,4,1.98,182,153,1500.0
22,Male,163.0,96.3,36.25,Obese,Active,Improve Stamina,Non-Vegetarian,1876.8,3237.5,3337.5,High Carb Performance Diet,Cardio Endurance Training,Needs Improvement,27.1,2.4,4,1.35,180,162,1203.0
29,Male,198.0,80.8,20.61,Normal,Very Active,Muscle Gain,Non-Vegetarian,1905.5,3620.4,3920.4,High Protein Non-Veg Diet,Progressive Strength Training,Fit,14.6,3.5,5,1.65,160,145,1316.0
33,Female,153.0,58.0,24.78,Normal,Very Active,Muscle Gain,Vegetarian,1210.2,2299.4,2599.4,High Protein Veg Diet,Progressive Strength Training,Fit,18.3,2.7,5,1.84,180,126,1159.0
43,Male,185.0,95.9,28.02,Overweight,Sedentary,Improve Stamina,Non-Vegetarian,1905.2,2286.2,2386.2,High Carb Performance Diet,Beginner Fitness Routine,Needs Improvement,27.7,3.4,2,1.28,186,157,995.0
43,Female,158.0,61.5,24.64,Normal,Very Active,Maintain Fitness,Vegetarian,1226.5,2330.3,2330.3,Balanced Maintenance Diet,Intermediate Cardio + HIIT,Fit,16.8,2.7,5,1.86,165,149,1247.0
38,Female,179.0,40.6,12.67,Underweight,Sedentary,Weight Loss,Non-Vegetarian,1173.8,1408.6,1200.0,Low Calorie Balanced Diet,Beginner Cardio + Walking,Needs Improvement,26.8,2.7,2,0.62,195,161,499.0
56,Male,187.0,82.5,23.59,Normal,Very Active,Maintain Fitness,Vegetarian,1718.8,3265.7,3265.7,Balanced Maintenance Diet,Active Lifestyle Routine,Fit,13.2,3.5,5,1.51,187,124,927.0
53,Male,184.0,105.1,31.04,Obese,Light,Weight Loss,Vegan,1941.0,2668.9,2268.9,Low Calorie Balanced Diet,Beginner Cardio + Walking,Needs Improvement,23.3,2.9,3,0.69,176,130,444.0
50,Female,158.0,58.1,23.27,Normal,Very Active,Maintain Fitness,Vegetarian,1157.5,2199.2,2199.2,Balanced Maintenance Diet,Active Lifestyle Routine,Fit,19.3,2.7,5,1.93,199,120,1042.0
47,Female,176.0,61.0,19.69,Normal,Very Active,Maintain Fitness,Vegetarian,1314.0,2496.6,2496.6,Balanced Maintenance Diet,Intermediate Cardio + HIIT,Fit,15.6,2.7,5,1.54,162,153,1060.0
54,Female,153.0,64.5,27.55,Overweight,Active,Maintain Fitness,Vegetarian,1170.2,2018.6,2018.6,Balanced Maintenance Diet,Active Lifestyle Routine,Needs Improvement,17.2,2.7,4,1.74,171,120,940.0
40,Male,198.0,58.2,14.85,Underweight,Moderate,Improve Stamina,Non-Vegetarian,1624.5,2518.0,2618.0,High Carb Performance Diet,Cardio Endurance Training,Moderately Fit,24.0,2.5,3,1.43,198,138,1085.0
27,Female,176.0,69.5,22.44,Normal,Light,Muscle Gain,Non-Vegetarian,1499.0,2061.1,2361.1,High Protein Non-Veg Diet,Beginner Fitness Routine,Needs Improvement,34.4,2.0,3,0.94,171,121,569.0
22,Male,184.0,62.2,18.37,Underweight,Light,Muscle Gain,Vegetarian,1667.0,2292.1,2592.1,High Protein Veg Diet,Beginner Fitness Routine,Moderately Fit,21.5,2.3,3,0.51,161,140,393.0
53,Female,170.0,68.0,23.53,Normal,Active,Maintain Fitness,Vegetarian,1316.5,2271.0,2271.0,Balanced Maintenance Diet,Intermediate Cardio + HIIT,Moderately Fit,25.1,2.4,4,1.06,181,139,663.0
51,Female,150.0,56.3,25.02,Overweight,Light,Weight Loss,Non-Vegetarian,1084.5,1491.2,1200.0,Low Calorie Balanced Diet,Beginner Cardio + Walking,Needs Improvement,27.4,2.4,3,1.43,182,142,914.0
48,Male,170.0,94.5,32.7,Obese,Moderate,Improve Stamina,Vegetarian,1772.5,2747.4,2847.4,High Carb Performance Diet,Cardio Endurance Training,Needs Improvement,28.2,3.5,3,1.01,189,140,700.0
27,Female,179.0,58.0,18.1,Underweight,Sedentary,Weight Loss,Vegan,1402.8,1683.4,1283.4,Low Calorie Balanced Diet,Beginner Cardio + Walking,Needs Improvement,27.1,1.5,2,1.39,164,143,994.0
36,Male,194.0,84.0,22.32,Normal,Very Active,Maintain Fitness,Non-Vegetarian,1877.5,3567.2,3567.2,Balanced Maintenance Diet,Intermediate Cardio + HIIT,Fit,11.2,3.5,5,1.8,168,123,1218.0
49,Male,187.0,61.0,17.44,Underweight,Active,Muscle Gain,Vegetarian,1538.8,2654.4,2954.4,High Protein Veg Diet,Moderate Strength Training,Moderately Fit,21.3,3.0,4,1.14,180,131,739.0
18,Female,153.0,64.8,27.68,Overweight,Very Active,Maintain Fitness,Vegetarian,1353.2,2571.1,2571.1,Balanced Maintenance Diet,Active Lifestyle Routine,Needs Improvement,18.6,2.7,5,1.98,170,141,1396.0
22,Male,177.0,45.7,14.59,Underweight,Light,Maintain Fitness,Eggetarian,1458.2,2005.0,2005.0,Balanced Maintenance Diet,Beginner Cardio + Walking,Moderately Fit,20.7,2.4,3,1.04,164,139,795.0
21,Male,190.0,80.9,22.41,Normal,Active,Maintain Fitness,Vegetarian,1896.5,3271.5,3271.5,Balanced Maintenance Diet,Active Lifestyle Routine,Fit,11.7,3.5,4,1.8,194,137,1356.0
33,Female,163.0,64.1,24.13,Normal,Very Active,Muscle Gain,Vegetarian,1333.8,2534.2,2834.2,High Protein Veg Diet,Progressive Strength Training,Fit,16.4,2.7,5,1.58,186,120,948.0
41,Male,177.0,67.0,21.39,Normal,Moderate,Maintain Fitness,Vegan,1576.2,2443.1,2443.1,Balanced Maintenance Diet,Intermediate Cardio + HIIT,Moderately Fit,25.6,2.6,3,1.22,161,149,900.0
33,Male,160.0,106.5,41.6,Obese,Active,Weight Loss,Eggetarian,1905.0,3286.1,2886.1,Low Calorie Balanced Diet,Compound Strength Training,Needs Improvement,27.3,3.3,4,1.4,183,152,1170.0
19,Male,185.0,95.1,27.79,Overweight,Active,Maintain Fitness,Eggetarian,2017.2,3479.7,3479.7,Balanced Maintenance Diet,Active Lifestyle Routine,Needs Improvement,25.3,2.3,4,1.21,190,143,952.0
45,Female,157.0,65.5,26.57,Overweight,Sedentary,Weight Loss,Non-Vegetarian,1250.2,1500.2,1200.0,Low Calorie Balanced Diet,Beginner Cardio + Walking,Needs Improvement,34.3,2.3,2,0.66,192,133,395.0
49,Male,164.0,105.7,39.3,Obese,Moderate,Improve Stamina,Vegetarian,1842.0,2855.1,2955.1,High Carb Performance Diet,Cardio Endurance Training,Needs Improvement,29.5,3.1,3,1.2,198,155,921.0
44,Female,176.0,48.0,15.5,Underweight,Sedentary,Improve Stamina,Vegetarian,1199.0,1438.8,1538.8,High Carb Performance Diet,Beginner Fitness Routine,Needs Improvement,28.6,2.6,2,0.88,189,124,491.0
37,Female,150.0,69.5,30.89,Obese,Sedentary,Weight Loss,Non-Vegetarian,1286.5,1543.8,1200.0,Low Calorie Balanced Diet,Beginner Cardio + Walking,Needs Improvement,32.8,2.4,2,0.69,196,130,448.0
41,Male,169.0,66.1,23.14,Normal,Sedentary,Improve Stamina,Non-Vegetarian,1517.2,1820.6,1920.6,High Carb Performance Diet,Beginner Fitness Routine,Needs Improvement,27.4,3.4,2,0.77,187,143,545.0
29,Male,170.0,68.0,23.53,Normal,Sedentary,Maintain Fitness,Vegetarian,1602.5,1923.0,1923.0,Balanced Maintenance Diet,Beginner Cardio + Walking,Needs Improvement,28.9,2.9,2,0.76,190,150,627.0
52,Male,178.0,50.3,15.88,Underweight,Sedentary,Maintain Fitness,Eggetarian,1360.5,1632.6,1632.6,Balanced Maintenance Diet,Beginner Cardio + Walking,Needs Improvement,24.5,2.3,2,0.85,170,132,555.0
50,Female,168.0,69.3,24.55,Normal,Sedentary,Maintain Fitness,Vegetarian,1332.0,1598.4,1598.4,Balanced Maintenance Diet,Beginner Cardio + Walking,Needs Improvement,30.3,2.0,2,1.2,182,135,729.0
50,Male,163.0,86.7,32.63,Obese,Active,Improve Stamina,Non-Vegetarian,1640.8,2830.4,2930.4,High Carb Performance Diet,Cardio Endurance Training,Needs Improvement,12.1,3.5,4,1.7,161,143,1203.0
54,Male,194.0,125.9,33.45,Obese,Moderate,Weight Loss,Vegetarian,2206.5,3420.1,3020.1,Low Calorie Balanced Diet,Moderate Strength Training,Needs Improvement,28.5,2.9,3,1.35,199,132,882.0
29,Male,193.0,88.1,23.65,Normal,Very Active,Improve Stamina,Non-Vegetarian,1947.2,3699.7,3799.7,High Carb Performance Diet,Cardio Endurance Training,Fit,11.1,3.5,5,1.88,186,143,1479.0
20,Male,182.0,124.3,37.53,Obese,Moderate,Improve Stamina,Vegetarian,2285.5,3542.5,3642.5,High Carb Performance Diet,Cardio Endurance Training,Needs Improvement,22.4,3.2,3,1.25,194,145,997.0
18,Male,185.0,62.0,18.12,Underweight,Light,Muscle Gain,Vegetarian,1691.2,2325.4,2625.4,High Protein Veg Diet,Beginner Fitness Routine,Moderately Fit,23.7,3.0,3,0.88,161,121,586.0
50,Female,172.0,69.7,23.56,Normal,Active,Muscle Gain,Vegetarian,1361.0,2347.7,2647.7,High Protein Veg Diet,Moderate Strength Training,Moderately Fit,27.3,2.0,4,1.24,198,135,753.0
57,Female,152.0,60.9,26.36,Overweight,Moderate,Muscle Gain,Non-Vegetarian,1113.0,1725.2,2025.2,High Protein Non-Veg Diet,Moderate Strength Training,Needs Improvement,30.6,1.8,3,1.31,196,157,926.0
27,Male,197.0,76.5,19.71,Normal,Sedentary,Muscle Gain,Non-Vegetarian,1866.2,2239.4,2539.4,High Protein Non-Veg Diet,Beginner Fitness Routine,Needs Improvement,21.3,2.3,2,1.13,180,165,1025.0
46,Male,182.0,94.7,28.59,Overweight,Moderate,Improve Stamina,Non-Vegetarian,1859.5,2882.2,2982.2,High Carb Performance Diet,Cardio Endurance Training,Needs Improvement,23.2,3.2,3,1.47,164,120,873.0
30,Male,175.0,67.9,22.17,Normal,Sedentary,Improve Stamina,Eggetarian,1627.8,1953.4,2053.4,High Carb Performance Diet,Beginner Fitness Routine,Needs Improvement,29.1,3.1,2,1.25,180,168,1155.0
29,Male,187.0,121.1,34.63,Obese,Active,Weight Loss,Vegetarian,2239.8,3863.7,3463.7,Low Calorie Balanced Diet,Intermediate Cardio + HIIT,Needs Improvement,24.1,3.2,4,1.31,188,130,937.0
48,Female,164.0,71.5,26.58,Overweight,Active,Maintain Fitness,Vegetarian,1339.0,2309.8,2309.8,Balanced Maintenance Diet,Active Lifestyle Routine,Needs Improvement,32.5,1.9,4,1.46,179,154,1012.0
19,Male,170.0,98.6,34.12,Obese,Sedentary,Weight Loss,Vegan,1958.5,2350.2,1950.2,Low Calorie Balanced Diet,Beginner Cardio + Walking,Needs Improvement,21.1,2.4,2,0.83,197,162,740.0
52,Female,163.0,68.2,25.67,Overweight,Light,Muscle Gain,Vegetarian,1279.8,1759.7,2059.7,High Protein Veg Diet,Beginner Fitness Routine,Needs Improvement,27.5,2.4,3,1.17,179,148,779.0
40,Female,169.0,57.7,20.2,Normal,Active,Maintain Fitness,Eggetarian,1272.2,2194.5,2194.5,Balanced Maintenance Diet,Intermediate Cardio + HIIT,Needs Improvement,33.1,2.4,4,1.18,184,156,920.0
34,Male,163.0,124.6,46.9,Obese,Moderate,Weight Loss,Vegetarian,2099.8,3254.7,2854.7,Low Calorie Balanced Diet,Intermediate Cardio + HIIT,Needs Improvement,27.6,2.8,3,1.41,161,136,1055.0
43,Female,159.0,73.0,28.88,Overweight,Light,Improve Stamina,Eggetarian,1347.8,1853.2,1953.2,High Carb Performance Diet,Beginner Fitness Routine,Needs Improvement,28.9,2.2,3,1.31,191,158,931.0
25,Female,151.0,59.4,26.05,Overweight,Very Active,Improve Stamina,Vegetarian,1251.8,2378.4,2478.4,High Carb Performance Diet,Cardio Endurance Training,Needs Improvement,19.8,2.7,5,1.62,185,161,1304.0
46,Female,165.0,52.0,19.1,Normal,Sedentary,Weight Loss,Vegan,1160.2,1392.2,1200.0,Low Calorie Balanced Diet,Beginner Cardio + Walking,Needs Improvement,34.1,1.9,2,0.7,165,147,463.0
43,Female,165.0,42.2,15.5,Underweight,Moderate,Improve Stamina,Non-Vegetarian,1077.2,1669.7,1769.7,High Carb Performance Diet,Cardio Endurance Training,Needs Improvement,34.6,2.3,3,1.33,162,148,886.0
27,Male,164.0,89.3,33.2,Obese,Active,Weight Loss,Eggetarian,1788.0,3084.3,2684.3,Low Calorie Balanced Diet,Intermediate Cardio + HIIT,Needs Improvement,12.1,3.5,4,1.82,192,162,1622.0
43,Male,176.0,110.0,35.51,Obese,Light,Improve Stamina,Vegetarian,1990.0,2736.2,2836.2,High Carb Performance Diet,Beginner Fitness Routine,Needs Improvement,22.0,3.4,3,1.09,160,122,658.0
51,Female,158.0,66.2,26.52,Overweight,Light,Weight Loss,Non-Vegetarian,1233.5,1696.1,1296.1,Low Calorie Balanced Diet,Beginner Cardio + Walking,Needs Improvement,31.3,2.3,3,0.86,164,129,499.0
58,Male,166.0,58.6,21.27,Normal,Sedentary,Maintain Fitness,Eggetarian,1338.5,1606.2,1606.2,Balanced Maintenance Diet,Beginner Cardio + Walking,Needs Improvement,26.8,2.9,2,1.21,172,161,964.0
24,Male,167.0,51.0,18.29,Underweight,Light,Muscle Gain,Non-Vegetarian,1438.8,1978.3,2278.3,High Protein Non-Veg Diet,Beginner Fitness Routine,Moderately Fit,21.3,2.8,3,0.97,178,133,710.0
21,Male,195.0,101.5,26.69,Overweight,Light,Improve Stamina,Non-Vegetarian,2133.8,2934.0,3034.0,High Carb Performance Diet,Beginner Fitness Routine,Needs Improvement,27.9,3.1,3,0.97,171,131,699.0
28,Male,187.0,114.2,32.66,Obese,Moderate,Weight Loss,Non-Vegetarian,2175.8,3372.5,2972.5,Low Calorie Balanced Diet,Compound Strength Training,Needs Improvement,20.2,3.2,3,1.05,184,166,959.0
46,Male,172.0,54.4,18.39,Underweight,Sedentary,Weight Loss,Non-Vegetarian,1394.0,1672.8,1272.8,Low Calorie Balanced Diet,Beginner Cardio + Walking,Needs Improvement,24.8,2.9,2,0.91,194,161,725.0
53,Female,157.0,52.4,21.26,Normal,Moderate,Maintain Fitness,Non-Vegetarian,1079.2,1672.8,1672.8,Balanced Maintenance Diet,Intermediate Cardio + HIIT,Needs Improvement,28.3,2.2,3,1.34,171,149,898.0
42,Male,181.0,85.2,26.01,Overweight,Very Active,Maintain Fitness,Non-Vegetarian,1778.2,3378.6,3378.6,Balanced Maintenance Diet,Active Lifestyle Routine,Needs Improvement,13.7,3.5,5,1.54,189,151,1151.0
38,Male,174.0,83.6,27.61,Overweight,Very Active,Improve Stamina,Eggetarian,1738.5,3303.1,3403.1,High Carb Performance Diet,Cardio Endurance Training,Needs Improvement,11.6,3.5,5,1.66,164,151,1379.0
53,Male,192.0,115.4,31.3,Obese,Active,Maintain Fitness,Vegetarian,2094.0,3612.2,3612.2,Balanced Maintenance Diet,Active Lifestyle Routine,Needs Improvement,28.3,2.2,4,1.36,193,161,1084.0
27,Male,197.0,71.2,18.35,Underweight,Light,Maintain Fitness,Vegetarian,1813.2,2493.2,2493.2,Balanced Maintenance Diet,Beginner Cardio + Walking,Moderately Fit,25.9,3.6,3,0.74,181,151,615.0
54,Female,160.0,78.1,30.51,Obese,Active,Maintain Fitness,Eggetarian,1350.0,2328.8,2328.8,Balanced Maintenance Diet,Active Lifestyle Routine,Needs Improvement,32.9,2.4,4,1.1,198,145,718.0
26,Female,165.0,54.2,19.91,Normal,Active,Improve Stamina,Vegan,1282.2,2211.8,2311.8,High Carb Performance Diet,Cardio Endurance Training,Needs Improvement,34.9,1.9,4,1.07,172,120,642.0
41,Female,176.0,77.6,25.05,Overweight,Active,Muscle Gain,Non-Vegetarian,1510.0,2604.8,2904.8,High Protein Non-Veg Diet,Progressive Strength Training,Needs Improvement,31.8,2.2,4,1.27,162,161,920.0
52,Female,162.0,44.1,16.8,Underweight,Light,Maintain Fitness,Non-Vegetarian,1032.5,1419.7,1419.7,Balanced Maintenance Diet,Beginner Cardio + Walking,Needs Improvement,34.8,1.6,3,1.41,179,121,768.0
52,Male,180.0,85.5,26.39,Overweight,Very Active,Muscle Gain,Vegetarian,1725.0,3277.5,3577.5,High Protein Veg Diet,Moderate Strength Training,Needs Improvement,10.1,3.5,5,1.7,190,136,1144.0
53,Female,176.0,47.8,15.43,Underweight,Active,Maintain Fitness,Vegetarian,1152.0,1987.2,1987.2,Balanced Maintenance Diet,Intermediate Cardio + HIIT,Needs Improvement,28.4,1.5,4,1.06,164,149,711.0
35,Male,194.0,102.5,27.23,Overweight,Sedentary,Weight Loss,Non-Vegetarian,2067.5,2481.0,2081.0,Low Calorie Balanced Diet,Beginner Cardio + Walking,Needs Improvement,21.1,2.4,2,0.84,183,158,730.0
56,Male,190.0,118.0,32.69,Obese,Sedentary,Weight Loss,Vegetarian,2092.5,2511.0,2111.0,Low Calorie Balanced Diet,Beginner Cardio + Walking,Needs Improvement,22.6,3.2,2,0.66,199,126,412.0
49,Male,184.0,82.3,24.31,Normal,Active,Muscle Gain,Non-Vegetarian,1733.0,2989.4,3289.4,High Protein Non-Veg Diet,Moderate Strength Training,Needs Improvement,28.4,3.4,4,1.29,192,146,932.0
41,Male,187.0,81.6,23.33,Normal,Very Active,Maintain Fitness,Vegetarian,1784.8,3391.1,3391.1,Balanced Maintenance Diet,Intermediate Cardio + HIIT,Fit,10.2,3.5,5,1.87,167,128,1185.0
40,Male,188.0,60.2,17.03,Underweight,Moderate,Improve Stamina,Eggetarian,1582.0,2452.1,2552.1,High Carb Performance Diet,Cardio Endurance Training,Moderately Fit,25.2,3.0,3,1.22,183,141,946.0
49,Female,154.0,49.2,20.75,Normal,Moderate,Maintain Fitness,Eggetarian,1048.5,1625.2,1625.2,Balanced Maintenance Diet,Intermediate Cardio + HIIT,Needs Improvement,30.7,2.1,3,1.28,179,153,881.0
54,Female,150.0,46.6,20.71,Normal,Sedentary,Muscle Gain,Non-Vegetarian,972.5,1167.0,1467.0,High Protein Non-Veg Diet,Beginner Fitness Routine,Needs Improvement,30.6,2.0,2,1.38,175,165,1025.0
29,Female,172.0,68.7,23.22,Normal,Active,Improve Stamina,Non-Vegetarian,1456.0,2511.6,2611.6,High Carb Performance Diet,Cardio Endurance Training,Needs Improvement,29.8,1.7,4,1.08,171,168,907.0
30,Female,155.0,60.6,25.22,Overweight,Moderate,Muscle Gain,Vegetarian,1263.8,1958.9,2258.9,High Protein Veg Diet,Progressive Strength Training,Needs Improvement,32.9,1.6,3,1.3,172,120,780.0
40,Male,161.0,52.1,20.1,Normal,Sedentary,Maintain Fitness,Vegan,1332.2,1598.6,1598.6,Balanced Maintenance Diet,Beginner Cardio + Walking,Needs Improvement,21.3,3.3,2,0.87,198,128,612.0
42,Female,177.0,46.6,14.87,Underweight,Sedentary,Improve Stamina,Non-Vegetarian,1201.2,1441.4,1541.4,High Carb Performance Diet,Beginner Fitness Routine,Needs Improvement,28.1,2.6,2,0.61,184,139,382.0
52,Male,174.0,65.5,21.63,Normal,Active,Muscle Gain,Vegetarian,1487.5,2565.9,2865.9,High Protein Veg Diet,Moderate Strength Training,Moderately Fit,26.2,2.8,4,1.48,191,138,1011.0
58,Female,157.0,44.2,17.93,Underweight,Light,Maintain Fitness,Eggetarian,972.2,1336.8,1336.8,Balanced Maintenance Diet,Beginner Cardio + Walking,Needs Improvement,31.9,2.3,3,1.08,183,155,753.0
47,Male,184.0,89.1,26.32,Overweight,Moderate,Maintain Fitness,Vegan,1811.0,2807.1,2807.1,Balanced Maintenance Diet,Active Lifestyle Routine,Needs Improvement,24.0,3.6,3,1.44,168,159,1133.0
34,Male,162.0,65.9,25.11,Overweight,Sedentary,Improve Stamina,Eggetarian,1506.5,1807.8,1907.8,High Carb Performance Diet,Beginner Fitness Routine,Needs Improvement,28.8,2.2,2,0.81,199,164,731.0
37,Female,157.0,55.6,22.56,Normal,Sedentary,Weight Loss,Non-Vegetarian,1191.2,1429.4,1200.0,Low Calorie Balanced Diet,Beginner Cardio + Walking,Needs Improvement,29.2,2.4,2,0.97,182,123,597.0
42,Male,198.0,63.7,16.25,Underweight,Sedentary,Improve Stamina,Non-Vegetarian,1669.5,2003.4,2103.4,High Carb Performance Diet,Beginner Fitness Routine,Needs Improvement,24.0,3.0,2,1.37,172,128,868.0
39,Male,182.0,86.2,26.02,Overweight,Very Active,Muscle Gain,Vegetarian,1809.5,3438.0,3738.0,High Protein Veg Diet,Progressive Strength Training,Needs Improvement,10.2,3.5,5,1.96,191,160,1725.0
30,Female,163.0,59.2,22.28,Normal,Active,Muscle Gain,Eggetarian,1299.8,2242.2,2542.2,High Protein Non-Veg Diet,Progressive Strength Training,Fit,17.8,2.7,4,1.85,174,141,1304.0
36,Male,188.0,85.4,24.16,Normal,Very Active,Maintain Fitness,Vegan,1854.0,3522.6,3522.6,Balanced Maintenance Diet,Active Lifestyle Routine,Fit,13.5,3.5,5,1.98,195,137,1492.0
53,Female,155.0,68.1,28.35,Overweight,Active,Weight Loss,Vegetarian,1223.8,2111.1,1711.1,Low Calorie Balanced Diet,Intermediate Cardio + HIIT,Needs Improvement,26.1,2.2,4,1.41,164,131,831.0
29,Female,162.0,60.0,22.86,Normal,Sedentary,Muscle Gain,Vegetarian,1306.5,1567.8,1867.8,High Protein Veg Diet,Beginner Fitness Routine,Needs Improvement,28.1,1.9,2,0.85,181,161,684.0
58,Female,169.0,74.8,26.19,Overweight,Active,Muscle Gain,Vegetarian,1353.2,2334.3,2634.3,High Protein Veg Diet,Moderate Strength Training,Needs Improvement,32.8,2.3,4,1.28,175,162,933.0
36,Male,165.0,90.3,33.17,Obese,Active,Improve Stamina,Vegan,1759.2,3034.6,3134.6,High Carb Performance Diet,Cardio Endurance Training,Needs Improvement,23.7,3.4,4,1.38,169,158,1199.0
29,Male,165.0,86.1,31.63,Obese,Active,Weight Loss,Eggetarian,1752.2,3022.5,2622.5,Low Calorie Balanced Diet,Intermediate Cardio + HIIT,Needs Improvement,11.2,3.5,4,1.66,183,128,1169.0
26,Male,166.0,73.7,26.75,Overweight,Sedentary,Improve Stamina,Vegetarian,1649.5,1979.4,2079.4,High Carb Performance Diet,Beginner Fitness Routine,Needs Improvement,26.7,2.2,2,0.93,177,125,639.0
24,Female,156.0,67.7,27.82,Overweight,Moderate,Weight Loss,Non-Vegetarian,1371.0,2125.1,1725.1,Low Calorie Balanced Diet,Intermediate Cardio + HIIT,Needs Improvement,27.0,2.1,3,1.42,177,138,980.0
45,Male,196.0,78.3,20.38,Normal,Light,Weight Loss,Vegetarian,1788.0,2458.5,2058.5,Low Calorie Balanced Diet,Beginner Cardio + Walking,Needs Improvement,29.0,2.2,3,1.29,166,167,1066.0
31,Female,165.0,48.2,17.7,Underweight,Sedentary,Weight Loss,Eggetarian,1197.2,1436.6,1200.0,Low Calorie Balanced Diet,Beginner Cardio + Walking,Needs Improvement,26.1,2.5,2,1.1,163,166,913.0
48,Female,151.0,56.8,24.91,Normal,Active,Maintain Fitness,Vegan,1110.8,1916.1,1916.1,Balanced Maintenance Diet,Intermediate Cardio + HIIT,Needs Improvement,32.1,2.1,4,1.37,185,126,777.0
36,Male,163.0,112.4,42.3,Obese,Active,Improve Stamina,Vegan,1967.8,3394.5,3494.5,High Carb Performance Diet,Cardio Endurance Training,Needs Improvement,25.0,3.4,4,1.02,164,135,757.0
33,Female,167.0,59.0,21.16,Normal,Light,Weight Loss,Non-Vegetarian,1307.8,1798.2,1398.2,Low Calorie Balanced Diet,Beginner Cardio + Walking,Needs Improvement,33.7,1.9,3,0.9,175,124,558.0
22,Male,188.0,98.4,27.84,Overweight,Sedentary,Weight Loss,Vegetarian,2054.0,2464.8,2064.8,Low Calorie Balanced Diet,Beginner Cardio + Walking,Needs Improvement,21.3,2.2,2,0.52,194,135,386.0
52,Male,160.0,66.5,25.98,Overweight,Active,Weight Loss,Vegetarian,1410.0,2432.2,2032.2,Low Calorie Balanced Diet,Intermediate Cardio + HIIT,Needs Improvement,26.8,2.1,4,1.34,185,120,796.0
29,Male,181.0,106.5,32.51,Obese,Active,Improve Stamina,Vegetarian,2056.2,3546.9,3646.9,High Carb Performance Diet,Cardio Endurance Training,Needs Improvement,25.7,2.5,4,1.29,177,156,1107.0
42,Male,193.0,88.4,23.73,Normal,Active,Maintain Fitness,Vegan,1885.2,3252.0,3252.0,Balanced Maintenance Diet,Active Lifestyle Routine,Fit,12.4,3.5,4,1.68,188,158,1314.0
38,Male,179.0,88.4,27.59,Overweight,Very Active,Maintain Fitness,Vegan,1817.8,3453.8,3453.8,Balanced Maintenance Diet,Active Lifestyle Routine,Needs Improvement,12.5,3.5,5,1.74,182,138,1321.0
53,Female,174.0,53.3,17.6,Underweight,Moderate,Muscle Gain,Eggetarian,1194.5,1851.5,2151.5,High Protein Non-Veg Diet,Moderate Strength Training,Needs Improvement,32.2,1.8,3,1.37,173,156,962.0
40,Female,156.0,58.1,23.87,Normal,Sedentary,Improve Stamina,Eggetarian,1195.0,1434.0,1534.0,High Carb Performance Diet,Beginner Fitness Routine,Needs Improvement,34.4,2.2,2,0.61,174,136,415.0
33,Female,176.0,74.2,23.95,Normal,Active,Muscle Gain,Non-Vegetarian,1516.0,2615.1,2915.1,High Protein Non-Veg Diet,Progressive Strength Training,Moderately Fit,25.9,1.5,4,1.15,192,145,834.0
56,Male,163.0,84.6,31.84,Obese,Active,Weight Loss,Non-Vegetarian,1589.8,2742.4,2342.4,Low Calorie Balanced Diet,Intermediate Cardio + HIIT,Needs Improvement,20.2,2.9,4,1.01,184,141,705.0
59,Male,192.0,78.0,21.16,Normal,Light,Weight Loss,Eggetarian,1690.0,2323.8,1923.8,Low Calorie Balanced Diet,Beginner Cardio + Walking,Needs Improvement,28.1,2.7,3,0.72,180,127,453.0
56,Male,168.0,89.0,31.53,Obese,Very Active,Maintain Fitness,Vegan,1665.0,3163.5,3163.5,Balanced Maintenance Diet,Active Lifestyle Routine,Needs Improvement,10.5,3.5,5,1.77,176,152,1332.0
31,Female,176.0,42.7,13.78,Underweight,Light,Muscle Gain,Vegetarian,1211.0,1665.1,1965.1,High Protein Veg Diet,Beginner Fitness Routine,Needs Improvement,34.9,2.2,3,1.46,182,121,883.0
48,Male,182.0,83.9,25.33,Overweight,Very Active,Weight Loss,Non-Vegetarian,1741.5,3308.8,2908.8,Low Calorie Balanced Diet,Intermediate Cardio + HIIT,Needs Improvement,13.1,3.5,5,1.9,176,149,1401.0
22,Female,152.0,78.7,34.06,Obese,Moderate,Weight Loss,Vegetarian,1466.0,2272.3,1872.3,Low Calorie Balanced Diet,Compound Strength Training,Needs Improvement,31.5,2.3,3,1.45,173,166,1204.0
52,Female,152.0,65.9,28.52,Overweight,Active,Improve Stamina,Eggetarian,1188.0,2049.3,2149.3,High Carb Performance Diet,Cardio Endurance Training,Needs Improvement,27.0,2.3,4,1.27,188,139,794.0
40,Male,192.0,76.9,20.86,Normal,Active,Maintain Fitness,Non-Vegetarian,1774.0,3060.2,3060.2,Balanced Maintenance Diet,Active Lifestyle Routine,Moderately Fit,22.4,3.7,4,1.13,179,137,851.0
46,Male,200.0,84.3,21.07,Normal,Very Active,Maintain Fitness,Vegetarian,1868.0,3549.2,3549.2,Balanced Maintenance Diet,Intermediate Cardio + HIIT,Fit,13.3,3.5,5,1.83,189,162,1467.0
28,Female,160.0,62.4,24.37,Normal,Moderate,Muscle Gain,Non-Vegetarian,1323.0,2050.7,2350.7,High Protein Non-Veg Diet,Progressive Strength Training,Needs Improvement,34.1,1.7,3,1.1,178,129,710.0
35,Male,174.0,63.7,21.04,Normal,Active,Maintain Fitness,Non-Vegetarian,1554.5,2681.5,2681.5,Balanced Maintenance Diet,Intermediate Cardio + HIIT,Needs Improvement,29.8,2.7,4,1.03,198,143,810.0
29,Female,152.0,54.9,23.76,Normal,Light,Muscle Gain,Vegetarian,1193.0,1640.4,1940.4,High Protein Veg Diet,Beginner Fitness Routine,Moderately Fit,27.0,2.0,3,1.48,172,123,910.0
26,Male,179.0,76.4,23.84,Normal,Moderate,Muscle Gain,Vegetarian,1757.8,2724.6,3024.6,High Protein Veg Diet,Progressive Strength Training,Moderately Fit,21.3,2.7,3,1.17,177,156,1004.0
27,Male,186.0,106.4,30.76,Obese,Sedentary,Weight Loss,Non-Vegetarian,2096.5,2515.8,2115.8,Low Calorie Balanced Diet,Beginner Cardio + Walking,Needs Improvement,20.6,3.1,2,1.34,182,123,907.0
34,Female,150.0,68.4,30.4,Obese,Active,Improve Stamina,Non-Vegetarian,1290.5,2226.1,2326.1,High Carb Performance Diet,Cardio Endurance Training,Needs Improvement,33.7,2.1,4,1.37,192,132,904.0
55,Male,186.0,63.5,18.35,Underweight,Active,Muscle Gain,Non-Vegetarian,1527.5,2634.9,2934.9,High Protein Non-Veg Diet,Moderate Strength Training,Moderately Fit,22.9,2.9,4,1.36,198,144,969.0
24,Female,150.0,59.4,26.4,Overweight,Moderate,Maintain Fitness,Non-Vegetarian,1250.5,1938.3,1938.3,Balanced Maintenance Diet,Active Lifestyle Routine,Needs Improvement,25.0,2.0,3,1.25,199,132,825.0
30,Male,191.0,113.4,31.08,Obese,Light,Weight Loss,Vegan,2182.8,3001.4,2601.4,Low Calorie Balanced Diet,Beginner Cardio + Walking,Needs Improvement,22.2,3.7,3,1.27,177,137,957.0
57,Female,152.0,61.9,26.79,Overweight,Light,Weight Loss,Non-Vegetarian,1123.0,1544.1,1200.0,Low Calorie Balanced Diet,Beginner Cardio + Walking,Needs Improvement,28.4,2.6,3,0.92,168,143,592.0
59,Female,168.0,70.7,25.05,Overweight,Moderate,Improve Stamina,Non-Vegetarian,1301.0,2016.5,2116.5,High Carb Performance Diet,Cardio Endurance Training,Needs Improvement,34.9,1.9,3,1.17,192,121,637.0
26,Male,190.0,111.5,30.89,Obese,Sedentary,Improve Stamina,Vegan,2177.5,2613.0,2713.0,High Carb Performance Diet,Beginner Fitness Routine,Needs Improvement,25.2,2.2,2,1.02,191,167,937.0
44,Female,166.0,72.1,26.16,Overweight,Sedentary,Muscle Gain,Vegetarian,1377.5,1653.0,1953.0,High Protein Veg Diet,Beginner Fitness Routine,Needs Improvement,27.0,2.5,2,1.4,176,152,958.0
19,Male,187.0,56.9,16.27,Underweight,Light,Weight Loss,Vegetarian,1647.8,2265.7,1865.7,Low Calorie Balanced Diet,Beginner Cardio + Walking,Moderately Fit,23.3,3.7,3,0.61,178,138,463.0
22,Male,190.0,86.2,23.88,Normal,Very Active,Muscle Gain,Vegetarian,1944.5,3694.5,3994.5,High Protein Veg Diet,Progressive Strength Training,Fit,11.7,3.5,5,1.91,186,128,1345.0
46,Male,168.0,59.4,21.05,Normal,Active,Muscle Gain,Non-Vegetarian,1419.0,2447.8,2747.8,High Protein Non-Veg Diet,Moderate Strength Training,Moderately Fit,20.2,2.5,4,1.16,165,147,844.0
54,Female,172.0,75.6,25.55,Overweight,Light,Weight Loss,Non-Vegetarian,1400.0,1925.0,1525.0,Low Calorie Balanced Diet,Beginner Cardio + Walking,Needs Improvement,26.4,1.9,3,0.97,194,154,672.0
55,Female,173.0,76.3,25.49,Overweight,Light,Improve Stamina,Non-Vegetarian,1408.2,1936.3,2036.3,High Carb Performance Diet,Beginner Fitness Routine,Needs Improvement,32.0,2.6,3,1.08,196,158,768.0
36,Male,186.0,95.8,27.69,Overweight,Light,Weight Loss,Vegetarian,1945.5,2675.1,2275.1,Low Calorie Balanced Diet,Beginner Cardio + Walking,Needs Improvement,21.2,3.2,3,1.37,193,129,972.0
25,Male,183.0,120.6,36.01,Obese,Moderate,Improve Stamina,Vegetarian,2229.8,3456.2,3556.2,High Carb Performance Diet,Cardio Endurance Training,Needs Improvement,22.3,2.5,3,1.04,179,120,686.0
18,Female,155.0,65.3,27.18,Overweight,Moderate,Maintain Fitness,Vegetarian,1370.8,2124.7,2124.7,Balanced Maintenance Diet,Active Lifestyle Routine,Needs Improvement,28.5,2.2,3,1.42,184,161,1143.0
39,Male,189.0,85.3,23.88,Normal,Sedentary,Muscle Gain,Vegetarian,1844.2,2213.0,2513.0,High Protein Veg Diet,Beginner Fitness Routine,Needs Improvement,27.6,3.6,2,0.77,163,140,593.0
34,Male,168.0,68.0,24.09,Normal,Sedentary,Weight Loss,Non-Vegetarian,1565.0,1878.0,1478.0,Low Calorie Balanced Diet,Beginner Cardio + Walking,Needs Improvement,25.8,3.4,2,0.67,169,128,472.0
24,Female,157.0,52.6,21.34,Normal,Sedentary,Maintain Fitness,Vegetarian,1226.2,1471.4,1471.4,Balanced Maintenance Diet,Beginner Cardio + Walking,Needs Improvement,31.9,2.4,2,1.29,169,166,1071.0
42,Male,177.0,63.3,20.2,Normal,Moderate,Maintain Fitness,Vegetarian,1534.2,2378.0,2378.0,Balanced Maintenance Diet,Intermediate Cardio + HIIT,Moderately Fit,25.7,3.3,3,1.32,183,134,876.0
21,Female,165.0,76.3,28.03,Overweight,Moderate,Weight Loss,Eggetarian,1528.2,2368.7,1968.7,Low Calorie Balanced Diet,Compound Strength Training,Needs Improvement,31.8,1.7,3,1.14,180,154,878.0
53,Male,163.0,61.0,22.96,Normal,Light,Weight Loss,Vegetarian,1368.8,1882.1,1482.1,Low Calorie Balanced Diet,Beginner Cardio + Walking,Moderately Fit,20.0,3.4,3,0.54,170,124,331.0
23,Female,161.0,67.8,26.16,Overweight,Sedentary,Weight Loss,Non-Vegetarian,1408.2,1689.8,1289.8,Low Calorie Balanced Diet,Beginner Cardio + Walking,Needs Improvement,34.3,1.8,2,1.34,186,160,1072.0
48,Male,186.0,114.9,33.21,Obese,Light,Weight Loss,Non-Vegetarian,2076.5,2855.2,2455.2,Low Calorie Balanced Diet,Beginner Cardio + Walking,Needs Improvement,21.1,3.6,3,1.36,175,141,949.0
36,Male,171.0,88.0,30.09,Obese,Very Active,Weight Loss,Vegetarian,1773.8,3370.2,2970.2,Low Calorie Balanced Diet,Intermediate Cardio + HIIT,Needs Improvement,12.0,3.5,5,1.87,185,160,1646.0
56,Female,158.0,67.7,27.12,Overweight,Sedentary,Weight Loss,Non-Vegetarian,1223.5,1468.2,1200.0,Low Calorie Balanced Diet,Beginner Fitness Routine,Needs Improvement,32.7,1.9,2,1.45,189,142,927.0
44,Male,185.0,124.8,36.46,Obese,Active,Weight Loss,Vegan,2189.2,3776.4,3376.4,Low Calorie Balanced Diet,Compound Strength Training,Needs Improvement,24.4,3.5,4,1.35,175,126,842.0
27,Female,158.0,53.0,21.23,Normal,Active,Improve Stamina,Eggetarian,1221.5,2107.1,2207.1,High Carb Performance Diet,Cardio Endurance Training,Needs Improvement,34.5,1.8,4,1.26,166,142,895.0
43,Male,188.0,61.2,17.32,Underweight,Light,Improve Stamina,Vegetarian,1577.0,2168.4,2268.4,High Carb Performance Diet,Beginner Fitness Routine,Moderately Fit,24.7,2.9,3,1.03,175,163,831.0
36,Female,168.0,48.7,17.25,Underweight,Light,Improve Stamina,Eggetarian,1196.0,1644.5,1744.5,High Carb Performance Diet,Beginner Fitness Routine,Needs Improvement,33.7,1.6,3,1.23,194,144,886.0
56,Female,170.0,50.6,17.51,Underweight,Sedentary,Muscle Gain,Non-Vegetarian,1127.5,1353.0,1653.0,High Protein Non-Veg Diet,Beginner Fitness Routine,Needs Improvement,33.1,2.3,2,1.29,175,146,848.0
20,Female,173.0,72.6,24.26,Normal,Moderate,Maintain Fitness,Vegetarian,1546.2,2396.6,2396.6,Balanced Maintenance Diet,Intermediate Cardio + HIIT,Needs Improvement,34.8,2.5,3,1.27,199,160,1016.0
30,Female,156.0,70.4,28.93,Overweight,Active,Maintain Fitness,Non-Vegetarian,1368.0,2359.8,2359.8,Balanced Maintenance Diet,Active Lifestyle Routine,Needs Improvement,34.3,2.4,4,1.03,171,125,644.0
45,Male,188.0,52.5,14.85,Underweight,Active,Muscle Gain,Eggetarian,1480.0,2553.0,2853.0,High Protein Non-Veg Diet,Progressive Strength Training,Needs Improvement,29.0,2.9,4,1.08,194,153,818.0
37,Male,177.0,76.3,24.35,Normal,Active,Maintain Fitness,Non-Vegetarian,1689.2,2913.9,2913.9,Balanced Maintenance Diet,Intermediate Cardio + HIIT,Moderately Fit,27.3,2.1,4,1.36,180,128,957.0
45,Female,158.0,41.2,16.5,Underweight,Sedentary,Maintain Fitness,Vegetarian,1013.5,1216.2,1216.2,Balanced Maintenance Diet,Beginner Cardio + Walking,Needs Improvement,28.7,2.6,2,1.47,195,168,1111.0
25,Female,176.0,55.3,17.85,Underweight,Active,Maintain Fitness,Non-Vegetarian,1367.0,2358.1,2358.1,Balanced Maintenance Diet,Active Lifestyle Routine,Moderately Fit,15.5,2.7,4,1.56,176,152,1186.0
58,Female,167.0,49.7,17.82,Underweight,Active,Muscle Gain,Vegetarian,1089.8,1879.9,2179.9,High Protein Veg Diet,Moderate Strength Training,Needs Improvement,31.9,2.3,4,1.38,191,125,776.0
56,Male,187.0,48.3,13.81,Underweight,Light,Maintain Fitness,Vegetarian,1376.8,1893.1,1893.1,Balanced Maintenance Diet,Beginner Cardio + Walking,Needs Improvement,29.8,3.3,3,0.68,165,156,525.0
18,Male,196.0,83.2,21.66,Normal,Active,Maintain Fitness,Vegetarian,1972.0,3401.7,3401.7,Balanced Maintenance Diet,Intermediate Cardio + HIIT,Fit,13.6,3.5,4,1.83,183,150,1510.0
20,Male,173.0,120.5,40.26,Obese,Moderate,Improve Stamina,Vegetarian,2191.2,3396.4,3496.4,High Carb Performance Diet,Cardio Endurance Training,Needs Improvement,29.3,3.4,3,1.01,186,153,850.0
30,Male,200.0,121.6,30.4,Obese,Active,Improve Stamina,Vegetarian,2321.0,4003.7,4000.0,High Carb Performance Diet,Cardio Endurance Training,Needs Improvement,28.0,3.3,4,1.24,179,160,1091.0
45,Female,175.0,73.0,23.84,Normal,Active,Maintain Fitness,Vegetarian,1437.8,2480.2,2480.2,Balanced Maintenance Diet,Active Lifestyle Routine,Moderately Fit,26.6,2.0,4,1.14,184,148,759.0
42,Female,167.0,57.5,20.62,Normal,Very Active,Improve Stamina,Non-Vegetarian,1247.8,2370.8,2470.8,High Carb Performance Diet,Cardio Endurance Training,Fit,16.2,2.7,5,1.76,161,133,1053.0
50,Female,153.0,42.7,18.24,Underweight,Active,Muscle Gain,Vegetarian,972.2,1677.0,1977.0,High Protein Veg Diet,Moderate Strength Training,Needs Improvement,28.4,2.4,4,1.41,168,155,983.0
55,Male,173.0,129.9,43.4,Obese,Light,Improve Stamina,Vegetarian,2110.2,2901.5,3001.5,High Carb Performance Diet,Beginner Fitness Routine,Needs Improvement,21.7,3.1,3,0.69,187,155,529.0
23,Male,192.0,108.6,29.46,Overweight,Sedentary,Improve Stamina,Vegan,2176.0,2611.2,2711.2,High Carb Performance Diet,Beginner Fitness Routine,Needs Improvement,25.8,3.5,2,0.89,197,134,656.0
49,Male,200.0,88.6,22.15,Normal,Active,Improve Stamina,Non-Vegetarian,1896.0,3270.6,3370.6,High Carb Performance Diet,Cardio Endurance Training,Fit,14.9,3.5,4,1.83,162,127,1150.0
38,Female,151.0,49.7,21.8,Normal,Light,Maintain Fitness,Non-Vegetarian,1089.8,1498.5,1498.5,Balanced Maintenance Diet,Beginner Cardio + Walking,Needs Improvement,32.6,2.5,3,1.25,179,145,906.0
33,Female,154.0,56.4,23.78,Normal,Light,Muscle Gain,Vegetarian,1200.5,1650.7,1950.7,High Protein Veg Diet,Beginner Fitness Routine,Needs Improvement,29.2,1.5,3,1.06,165,155,822.0
38,Male,174.0,46.9,15.49,Underweight,Active,Muscle Gain,Vegetarian,1371.5,2365.8,2665.8,High Protein Veg Diet,Progressive Strength Training,Moderately Fit,20.0,2.6,4,1.03,198,167,946.0
28,Female,167.0,71.3,25.57,Overweight,Active,Muscle Gain,Vegetarian,1455.8,2511.3,2811.3,High Protein Veg Diet,Progressive Strength Training,Needs Improvement,28.1,1.5,4,1.46,192,140,1022.0
54,Male,186.0,71.6,20.7,Normal,Moderate,Maintain Fitness,Vegetarian,1613.5,2500.9,2500.9,Balanced Maintenance Diet,Active Lifestyle Routine,Moderately Fit,25.3,2.2,3,1.14,160,147,830.0
53,Male,161.0,82.3,31.75,Obese,Very Active,Weight Loss,Vegetarian,1569.2,2981.5,2581.5,Low Calorie Balanced Diet,Moderate Strength Training,Needs Improvement,11.6,3.5,5,1.87,196,123,1139.0
52,Female,169.0,70.6,24.72,Normal,Light,Maintain Fitness,Vegetarian,1341.2,1844.2,1844.2,Balanced Maintenance Diet,Beginner Cardio + Walking,Moderately Fit,26.1,2.2,3,1.36,165,135,826.0
36,Male,162.0,109.8,41.84,Obese,Light,Weight Loss,Vegetarian,1935.5,2661.3,2261.3,Low Calorie Balanced Diet,Beginner Cardio + Walking,Needs Improvement,24.4,3.5,3,0.84,193,141,651.0
37,Female,169.0,73.5,25.73,Overweight,Sedentary,Weight Loss,Vegetarian,1445.2,1734.2,1334.2,Low Calorie Balanced Diet,Beginner Cardio + Walking,Needs Improvement,27.5,1.6,2,0.54,174,131,354.0
35,Male,185.0,85.6,25.01,Overweight,Very Active,Muscle Gain,Non-Vegetarian,1842.2,3500.2,3800.2,High Protein Non-Veg Diet,Progressive Strength Training,Needs Improvement,14.5,3.5,5,1.78,185,135,1322.0
58,Female,168.0,74.6,26.43,Overweight,Active,Maintain Fitness,Vegetarian,1345.0,2320.1,2320.1,Balanced Maintenance Diet,Active Lifestyle Routine,Needs Improvement,26.0,2.0,4,1.03,173,159,737.0
31,Female,180.0,63.2,19.51,Normal,Sedentary,Weight Loss,Vegetarian,1441.0,1729.2,1329.2,Low Calorie Balanced Diet,Beginner Cardio + Walking,Needs Improvement,25.5,2.6,2,0.59,166,157,463.0
32,Female,163.0,62.6,23.56,Normal,Very Active,Maintain Fitness,Non-Vegetarian,1323.8,2515.2,2515.2,Balanced Maintenance Diet,Intermediate Cardio + HIIT,Fit,15.0,2.7,5,1.67,190,161,1344.0
48,Male,176.0,87.1,28.12,Overweight,Very Active,Weight Loss,Non-Vegetarian,1736.0,3298.4,2898.4,Low Calorie Balanced Diet,Moderate Strength Training,Needs Improvement,11.6,3.5,5,1.81,183,156,1398.0
18,Male,184.0,82.3,24.31,Normal,Very Active,Maintain Fitness,Vegetarian,1888.0,3587.2,3587.2,Balanced Maintenance Diet,Intermediate Cardio + HIIT,Fit,13.3,3.5,5,1.73,190,148,1408.0
20,Female,178.0,64.3,20.29,Normal,Active,Improve Stamina,Non-Vegetarian,1494.5,2578.0,2678.0,High Carb Performance Diet,Cardio Endurance Training,Fit,18.7,2.7,4,1.71,188,137,1171.0
33,Female,166.0,53.7,19.49,Normal,Light,Maintain Fitness,Non-Vegetarian,1248.5,1716.7,1716.7,Balanced Maintenance Diet,Beginner Cardio + Walking,Needs Improvement,29.5,2.5,3,1.25,191,129,806.0
40,Male,200.0,63.0,15.75,Underweight,Active,Muscle Gain,Vegetarian,1685.0,2906.6,3206.6,High Protein Veg Diet,Progressive Strength Training,Moderately Fit,26.8,2.9,4,1.42,176,161,1257.0
28,Male,186.0,128.4,37.11,Obese,Active,Weight Loss,Vegan,2311.5,3987.3,3587.3,Low Calorie Balanced Diet,Compound Strength Training,Needs Improvement,23.6,3.3,4,1.06,173,158,921.0
29,Male,189.0,88.0,24.64,Normal,Very Active,Improve Stamina,Eggetarian,1921.2,3650.3,3750.3,High Carb Performance Diet,Cardio Endurance Training,Fit,13.3,3.5,5,1.75,199,137,1319.0
27,Female,152.0,63.7,27.57,Overweight,Active,Weight Loss,Vegetarian,1291.0,2227.0,1827.0,Low Calorie Balanced Diet,Compound Strength Training,Needs Improvement,25.4,2.1,4,1.19,195,120,714.0
49,Male,187.0,83.7,23.94,Normal,Active,Maintain Fitness,Vegetarian,1765.8,3046.0,3046.0,Balanced Maintenance Diet,Intermediate Cardio + HIIT,Moderately Fit,23.9,2.3,4,1.29,183,158,1009.0
33,Male,175.0,102.6,33.5,Obese,Moderate,Weight Loss,Vegan,1959.8,3037.7,2637.7,Low Calorie Balanced Diet,Intermediate Cardio + HIIT,Needs Improvement,27.9,2.2,3,1.4,186,140,1078.0
25,Female,155.0,77.7,32.34,Obese,Sedentary,Improve Stamina,Non-Vegetarian,1459.8,1751.8,1851.8,High Carb Performance Diet,Beginner Fitness Routine,Needs Improvement,33.0,1.7,2,0.55,184,120,330.0
55,Male,188.0,87.5,24.76,Normal,Active,Maintain Fitness,Vegetarian,1780.0,3070.5,3070.5,Balanced Maintenance Diet,Active Lifestyle Routine,Moderately Fit,27.2,2.6,4,1.19,191,134,789.0
29,Male,186.0,87.0,25.15,Overweight,Active,Maintain Fitness,Vegetarian,1892.5,3264.6,3264.6,Balanced Maintenance Diet,Active Lifestyle Routine,Needs Improvement,11.0,3.5,4,1.52,177,123,1028.0
41,Male,166.0,82.8,30.05,Obese,Very Active,Weight Loss,Vegetarian,1665.5,3164.4,2764.4,Low Calorie Balanced Diet,Intermediate Cardio + HIIT,Needs Improvement,11.2,3.5,5,1.97,177,139,1355.0
45,Female,168.0,65.4,23.17,Normal,Light,Maintain Fitness,Non-Vegetarian,1318.0,1812.2,1812.2,Balanced Maintenance Diet,Beginner Cardio + Walking,Needs Improvement,35.0,2.6,3,0.76,196,129,441.0
25,Female,171.0,47.2,16.14,Underweight,Sedentary,Weight Loss,Non-Vegetarian,1254.8,1505.8,1200.0,Low Calorie Balanced Diet,Beginner Cardio + Walking,Needs Improvement,26.0,2.5,2,0.89,185,142,632.0
45,Female,170.0,58.2,20.14,Normal,Light,Improve Stamina,Vegetarian,1258.5,1730.4,1830.4,High Carb Performance Diet,Beginner Fitness Routine,Moderately Fit,26.8,2.0,3,0.95,168,160,684.0
53,Female,155.0,73.5,30.59,Obese,Active,Weight Loss,Non-Vegetarian,1277.8,2204.2,1804.2,Low Calorie Balanced Diet,Intermediate Cardio + HIIT,Needs Improvement,26.3,2.1,4,1.17,194,153,806.0
43,Female,173.0,55.2,18.44,Underweight,Very Active,Improve Stamina,Non-Vegetarian,1257.2,2388.7,2488.7,High Carb Performance Diet,Cardio Endurance Training,Moderately Fit,16.6,2.7,5,1.67,167,165,1240.0
25,Female,171.0,64.4,22.02,Normal,Light,Maintain Fitness,Vegetarian,1426.8,1961.8,1961.8,Balanced Maintenance Diet,Beginner Cardio + Walking,Moderately Fit,27.1,1.8,3,1.12,179,167,935.0
45,Female,174.0,73.5,24.28,Normal,Active,Improve Stamina,Vegetarian,1436.5,2478.0,2578.0,High Carb Performance Diet,Cardio Endurance Training,Needs Improvement,30.0,2.3,4,1.18,181,152,807.0
45,Male,181.0,89.6,27.35,Overweight,Very Active,Maintain Fitness,Non-Vegetarian,1807.2,3433.7,3433.7,Balanced Maintenance Diet,Active Lifestyle Routine,Needs Improvement,12.4,3.5,5,1.7,178,153,1287.0
54,Male,176.0,86.5,27.92,Overweight,Moderate,Maintain Fitness,Vegan,1700.0,2635.0,2635.0,Balanced Maintenance Diet,Active Lifestyle Routine,Needs Improvement,29.0,3.4,3,1.48,189,158,1158.0
58,Female,167.0,46.1,16.53,Underweight,Active,Maintain Fitness,Non-Vegetarian,1053.8,1817.8,1817.8,Balanced Maintenance Diet,Active Lifestyle Routine,Moderately Fit,25.3,1.8,4,1.28,187,129,743.0
53,Male,197.0,68.5,17.65,Underweight,Moderate,Maintain Fitness,Non-Vegetarian,1656.2,2567.1,2567.1,Balanced Maintenance Diet,Intermediate Cardio + HIIT,Moderately Fit,23.2,2.1,3,1.3,194,139,894.0
44,Male,184.0,94.6,27.94,Overweight,Active,Weight Loss,Vegetarian,1881.0,3244.7,2844.7,Low Calorie Balanced Diet,Intermediate Cardio + HIIT,Needs Improvement,26.0,3.1,4,1.26,170,120,748.0
34,Female,152.0,54.2,23.46,Normal,Light,Weight Loss,Vegetarian,1161.0,1596.4,1200.0,Low Calorie Balanced Diet,Beginner Cardio + Walking,Needs Improvement,31.0,2.2,3,1.13,190,132,746.0
26,Male,177.0,47.7,15.23,Underweight,Moderate,Muscle Gain,Non-Vegetarian,1458.2,2260.2,2560.2,High Protein Non-Veg Diet,Progressive Strength Training,Moderately Fit,24.8,2.7,3,1.15,198,120,759.0
50,Male,184.0,52.2,15.42,Underweight,Active,Muscle Gain,Vegetarian,1427.0,2461.6,2761.6,High Protein Veg Diet,Moderate Strength Training,Needs Improvement,28.2,3.1,4,1.38,195,124,847.0
37,Male,195.0,88.8,23.35,Normal,Very Active,Maintain Fitness,Vegetarian,1926.8,3660.9,3660.9,Balanced Maintenance Diet,Active Lifestyle Routine,Fit,10.3,3.5,5,1.58,189,135,1173.0
30,Male,168.0,101.0,35.79,Obese,Active,Weight Loss,Vegetarian,1915.0,3303.4,2903.4,Low Calorie Balanced Diet,Compound Strength Training,Needs Improvement,28.2,2.9,4,1.46,182,134,1076.0
45,Male,195.0,118.4,31.14,Obese,Moderate,Maintain Fitness,Vegetarian,2182.8,3383.3,3383.3,Balanced Maintenance Diet,Active Lifestyle Routine,Needs Improvement,24.9,2.4,3,1.06,178,168,881.0
46,Female,172.0,47.9,16.19,Underweight,Light,Weight Loss,Vegetarian,1163.0,1599.1,1200.0,Low Calorie Balanced Diet,Beginner Cardio + Walking,Moderately Fit,26.3,2.0,3,1.41,171,147,933.0
30,Female,174.0,51.5,17.01,Underweight,Moderate,Muscle Gain,Vegetarian,1291.5,2001.8,2301.8,High Protein Veg Diet,Progressive Strength Training,Needs Improvement,33.9,2.0,3,1.08,174,150,810.0
52,Female,151.0,79.9,35.04,Obese,Light,Weight Loss,Vegetarian,1321.8,1817.5,1417.5,Low Calorie Balanced Diet,Beginner Fitness Routine,Needs Improvement,31.5,2.6,3,0.75,190,142,479.0
23,Male,185.0,121.3,35.44,Obese,Sedentary,Improve Stamina,Vegetarian,2259.2,2711.0,2811.0,High Carb Performance Diet,Beginner Fitness Routine,Needs Improvement,21.6,3.6,2,0.72,196,167,661.0
35,Female,164.0,78.9,29.34,Overweight,Active,Improve Stamina,Vegan,1478.0,2549.6,2649.6,High Carb Performance Diet,Cardio Endurance Training,Needs Improvement,25.3,2.6,4,1.28,196,164,1050.0
22,Male,162.0,88.5,33.72,Obese,Very Active,Weight Loss,Non-Vegetarian,1792.5,3405.8,3005.8,Low Calorie Balanced Diet,Compound Strength Training,Needs Improvement,10.7,3.5,5,1.88,174,162,1675.0
42,Male,163.0,73.5,27.66,Overweight,Light,Weight Loss,Non-Vegetarian,1548.8,2129.6,1729.6,Low Calorie Balanced Diet,Beginner Fitness Routine,Needs Improvement,26.1,3.2,3,0.52,188,136,350.0
19,Male,193.0,127.9,34.34,Obese,Active,Weight Loss,Non-Vegetarian,2395.2,4131.7,3731.7,Low Calorie Balanced Diet,Compound Strength Training,Needs Improvement,21.8,3.0,4,1.27,185,168,1173.0
27,Male,198.0,88.5,22.57,Normal,Active,Improve Stamina,Non-Vegetarian,1992.5,3437.1,3537.1,High Carb Performance Diet,Cardio Endurance Training,Fit,11.1,3.5,4,1.8,161,153,1515.0
47,Female,162.0,43.4,16.54,Underweight,Light,Weight Loss,Vegetarian,1050.5,1444.4,1200.0,Low Calorie Balanced Diet,Beginner Cardio + Walking,Moderately Fit,25.3,2.3,3,0.51,179,132,303.0
22,Female,156.0,42.8,17.59,Underweight,Moderate,Muscle Gain,Non-Vegetarian,1132.0,1754.6,2054.6,High Protein Non-Veg Diet,Progressive Strength Training,Needs Improvement,32.2,2.6,3,1.47,174,133,978.0
50,Male,179.0,64.5,20.13,Normal,Active,Maintain Fitness,Non-Vegetarian,1518.8,2619.9,2619.9,Balanced Maintenance Diet,Active Lifestyle Routine,Needs Improvement,28.1,2.4,4,1.17,163,130,753.0
18,Female,153.0,50.7,21.66,Normal,Moderate,Maintain Fitness,Non-Vegetarian,1212.2,1878.9,1878.9,Balanced Maintenance Diet,Active Lifestyle Routine,Needs Improvement,33.0,2.1,3,1.29,181,147,948.0
35,Male,166.0,59.2,21.48,Normal,Light,Muscle Gain,Vegetarian,1459.5,2006.8,2306.8,High Protein Veg Diet,Beginner Fitness Routine,Moderately Fit,21.3,3.2,3,1.3,197,161,1151.0
49,Female,173.0,78.9,26.36,Overweight,Sedentary,Weight Loss,Vegetarian,1464.2,1757.0,1357.0,Low Calorie Balanced Diet,Beginner Cardio + Walking,Needs Improvement,34.0,2.3,2,1.38,182,151,938.0
28,Female,163.0,78.7,29.62,Overweight,Moderate,Weight Loss,Vegetarian,1504.8,2332.4,1932.4,Low Calorie Balanced Diet,Compound Strength Training,Needs Improvement,31.7,1.8,3,1.1,185,154,847.0
38,Male,192.0,68.7,18.64,Normal,Active,Improve Stamina,Vegetarian,1702.0,2936.0,3036.0,High Carb Performance Diet,Cardio Endurance Training,Needs Improvement,29.0,3.0,4,1.31,170,150,1081.0
43,Female,159.0,53.1,21.0,Normal,Sedentary,Muscle Gain,Non-Vegetarian,1148.8,1378.6,1678.6,High Protein Non-Veg Diet,Beginner Fitness Routine,Needs Improvement,29.5,2.5,2,0.82,187,136,502.0
42,Male,165.0,64.8,23.8,Normal,Moderate,Improve Stamina,Non-Vegetarian,1474.2,2285.0,2385.0,High Carb Performance Diet,Cardio Endurance Training,Moderately Fit,24.4,2.8,3,1.1,161,166,904.0
39,Female,161.0,50.3,19.41,Normal,Sedentary,Maintain Fitness,Vegetarian,1153.2,1383.8,1383.8,Balanced Maintenance Diet,Beginner Cardio + Walking,Needs Improvement,32.8,2.5,2,1.17,167,128,749.0
44,Male,163.0,102.3,38.5,Obese,Active,Maintain Fitness,Eggetarian,1826.8,3151.2,3151.2,Balanced Maintenance Diet,Active Lifestyle Routine,Needs Improvement,20.9,2.6,4,1.34,188,129,856.0
30,Male,192.0,62.9,17.06,Underweight,Sedentary,Maintain Fitness,Non-Vegetarian,1684.0,2020.8,2020.8,Balanced Maintenance Diet,Beginner Cardio + Walking,Needs Improvement,25.2,3.6,2,1.13,170,127,789.0
50,Female,160.0,56.5,22.07,Normal,Very Active,Maintain Fitness,Vegetarian,1154.0,2192.6,2192.6,Balanced Maintenance Diet,Active Lifestyle Routine,Fit,19.2,2.7,5,1.88,196,140,1184.0
51,Female,155.0,74.6,31.05,Obese,Sedentary,Weight Loss,Vegetarian,1298.8,1558.6,1200.0,Low Calorie Balanced Diet,Beginner Cardio + Walking,Needs Improvement,33.3,2.1,2,0.71,177,132,422.0
58,Male,179.0,52.0,16.23,Underweight,Light,Maintain Fitness,Vegetarian,1353.8,1861.5,1861.5,Balanced Maintenance Diet,Beginner Cardio + Walking,Needs Improvement,29.6,3.0,3,1.12,173,169,937.0
52,Female,167.0,52.1,18.68,Normal,Sedentary,Improve Stamina,Vegetarian,1143.8,1372.6,1472.6,High Carb Performance Diet,Beginner Fitness Routine,Needs Improvement,32.0,1.5,2,1.5,169,124,837.0
18,Female,154.0,72.2,30.44,Obese,Sedentary,Weight Loss,Vegetarian,1433.5,1720.2,1320.2,Low Calorie Balanced Diet,Beginner Fitness Routine,Needs Improvement,27.1,1.7,2,0.97,194,125,606.0
38,Male,180.0,85.8,26.48,Overweight,Active,Improve Stamina,Vegetarian,1798.0,3101.6,3201.6,High Carb Performance Diet,Cardio Endurance Training,Needs Improvement,10.1,3.5,4,1.72,168,149,1410.0
23,Male,185.0,81.4,23.78,Normal,Active,Improve Stamina,Vegetarian,1860.2,3208.8,3308.8,High Carb Performance Diet,Cardio Endurance Training,Fit,12.4,3.5,4,1.6,194,150,1320.0
45,Female,165.0,50.9,18.7,Normal,Sedentary,Muscle Gain,Vegetarian,1154.2,1385.0,1685.0,High Protein Veg Diet,Beginner Fitness Routine,Needs Improvement,30.1,2.3,2,1.45,170,136,887.0
34,Male,178.0,52.0,16.41,Underweight,Active,Muscle Gain,Vegan,1467.5,2531.4,2831.4,High Protein Veg Diet,Progressive Strength Training,Moderately Fit,22.4,2.7,4,1.38,171,130,987.0
22,Male,193.0,71.0,19.06,Normal,Active,Maintain Fitness,Vegetarian,1811.2,3124.3,3124.3,Balanced Maintenance Diet,Active Lifestyle Routine,Moderately Fit,21.2,2.9,4,1.42,162,139,1086.0
48,Male,177.0,80.6,25.73,Overweight,Active,Improve Stamina,Non-Vegetarian,1677.2,2893.2,2993.2,High Carb Performance Diet,Cardio Endurance Training,Needs Improvement,12.9,3.5,4,1.51,198,167,1248.0
22,Female,172.0,58.3,19.71,Normal,Moderate,Maintain Fitness,Vegetarian,1387.0,2149.8,2149.8,Balanced Maintenance Diet,Active Lifestyle Routine,Needs Improvement,32.6,1.6,3,1.0,173,128,640.0
55,Female,170.0,63.0,21.8,Normal,Light,Muscle Gain,Eggetarian,1256.5,1727.7,2027.7,High Protein Non-Veg Diet,Beginner Fitness Routine,Needs Improvement,34.9,2.5,3,1.32,187,121,719.0
20,Male,194.0,111.0,29.49,Overweight,Active,Improve Stamina,Vegetarian,2227.5,3842.4,3942.4,High Carb Performance Diet,Cardio Endurance Training,Needs Improvement,27.6,3.3,4,1.02,170,156,875.0
40,Female,166.0,52.6,19.09,Normal,Moderate,Muscle Gain,Vegetarian,1202.5,1863.9,2163.9,High Protein Veg Diet,Progressive Strength Training,Needs Improvement,32.9,1.7,3,1.27,198,120,762.0
54,Male,200.0,116.4,29.1,Overweight,Light,Improve Stamina,Eggetarian,2149.0,2954.9,3054.9,High Carb Performance Diet,Beginner Fitness Routine,Needs Improvement,26.2,3.1,3,1.13,184,123,688.0
54,Female,161.0,75.6,29.17,Overweight,Active,Maintain Fitness,Vegan,1331.2,2296.3,2296.3,Balanced Maintenance Diet,Active Lifestyle Routine,Needs Improvement,34.9,2.5,4,1.41,180,155,983.0
27,Male,180.0,61.6,19.01,Normal,Sedentary,Improve Stamina,Vegan,1611.0,1933.2,2033.2,High Carb Performance Diet,Beginner Fitness Routine,Needs Improvement,26.4,3.1,2,1.48,169,144,1172.0
27,Male,180.0,108.0,33.33,Obese,Active,Improve Stamina,Vegetarian,2075.0,3579.4,3679.4,High Carb Performance Diet,Cardio Endurance Training,Needs Improvement,28.6,2.5,4,1.38,174,122,926.0
36,Female,175.0,59.3,19.36,Normal,Light,Muscle Gain,Vegetarian,1345.8,1850.5,2150.5,High Protein Veg Diet,Beginner Fitness Routine,Needs Improvement,34.5,2.3,3,0.99,178,128,634.0
34,Male,194.0,75.7,20.11,Normal,Active,Muscle Gain,Non-Vegetarian,1804.5,3112.8,3412.8,High Protein Non-Veg Diet,Progressive Strength Training,Needs Improvement,29.3,2.4,4,1.18,181,141,915.0
38,Female,160.0,56.3,21.99,Normal,Active,Maintain Fitness,Eggetarian,1212.0,2090.7,2090.7,Balanced Maintenance Diet,Active Lifestyle Routine,Needs Improvement,28.8,1.9,4,1.21,180,142,859.0
31,Female,173.0,58.2,19.45,Normal,Moderate,Maintain Fitness,Non-Vegetarian,1347.2,2088.2,2088.2,Balanced Maintenance Diet,Active Lifestyle Routine,Moderately Fit,25.8,1.8,3,1.17,191,131,766.0
26,Male,168.0,55.7,19.73,Normal,Light,Improve Stamina,Non-Vegetarian,1482.0,2037.8,2137.8,High Carb Performance Diet,Beginner Fitness Routine,Moderately Fit,21.7,2.9,3,1.13,182,129,802.0
18,Male,167.0,125.9,45.14,Obese,Moderate,Maintain Fitness,Vegetarian,2217.8,3437.6,3437.6,Balanced Maintenance Diet,Active Lifestyle Routine,Needs Improvement,20.6,2.2,3,1.46,172,153,1229.0
30,Female,167.0,62.7,22.48,Normal,Active,Maintain Fitness,Non-Vegetarian,1359.8,2345.7,2345.7,Balanced Maintenance Diet,Intermediate Cardio + HIIT,Moderately Fit,26.1,2.6,4,1.02,164,162,826.0
21,Male,186.0,86.6,25.03,Overweight,Moderate,Weight Loss,Vegetarian,1928.5,2989.2,2589.2,Low Calorie Balanced Diet,Intermediate Cardio + HIIT,Needs Improvement,21.8,2.6,3,1.37,163,129,972.0
18,Male,182.0,64.5,19.47,Normal,Moderate,Maintain Fitness,Vegetarian,1697.5,2631.1,2631.1,Balanced Maintenance Diet,Intermediate Cardio + HIIT,Moderately Fit,23.4,2.4,3,1.2,187,149,983.0
57,Male,186.0,76.6,22.14,Normal,Active,Maintain Fitness,Vegetarian,1648.5,2843.7,2843.7,Balanced Maintenance Diet,Active Lifestyle Routine,Moderately Fit,25.4,2.8,4,1.14,173,141,796.0
49,Male,183.0,81.4,24.31,Normal,Very Active,Maintain Fitness,Non-Vegetarian,1717.8,3263.8,3263.8,Balanced Maintenance Diet,Active Lifestyle Routine,Fit,13.6,3.5,5,1.98,167,125,1225.0
51,Male,171.0,60.7,20.76,Normal,Sedentary,Muscle Gain,Vegetarian,1425.8,1711.0,2011.0,High Protein Veg Diet,Beginner Fitness Routine,Needs Improvement,22.1,2.5,2,1.14,168,169,954.0
45,Female,155.0,57.2,23.81,Normal,Very Active,Improve Stamina,Vegetarian,1154.8,2194.1,2294.1,High Carb Performance Diet,Cardio Endurance Training,Fit,18.4,2.7,5,1.67,194,121,909.0
48,Female,159.0,73.0,28.88,Overweight,Moderate,Weight Loss,Non-Vegetarian,1322.8,2050.3,1650.3,Low Calorie Balanced Diet,Moderate Strength Training,Needs Improvement,32.0,2.1,3,1.19,196,149,798.0
25,Male,199.0,123.8,31.26,Obese,Light,Weight Loss,Vegetarian,2361.8,3247.5,2847.5,Low Calorie Balanced Diet,Beginner Cardio + Walking,Needs Improvement,25.6,2.6,3,1.13,180,121,752.0
56,Male,166.0,93.6,33.97,Obese,Sedentary,Weight Loss,Non-Vegetarian,1698.5,2038.2,1638.2,Low Calorie Balanced Diet,Beginner Fitness Routine,Needs Improvement,29.0,2.2,2,1.37,177,151,1024.0
43,Male,192.0,76.8,20.83,Normal,Light,Improve Stamina,Vegetarian,1758.0,2417.2,2517.2,High Carb Performance Diet,Beginner Fitness Routine,Moderately Fit,21.1,2.5,3,1.24,192,161,988.0
51,Female,153.0,54.7,23.37,Normal,Active,Maintain Fitness,Non-Vegetarian,1087.2,1875.4,1875.4,Balanced Maintenance Diet,Intermediate Cardio + HIIT,Moderately Fit,26.8,2.0,4,1.11,167,135,674.0
20,Male,194.0,92.3,24.52,Normal,Moderate,Maintain Fitness,Non-Vegetarian,2040.5,3162.8,3162.8,Balanced Maintenance Diet,Intermediate Cardio + HIIT,Moderately Fit,24.3,2.1,3,1.14,176,131,821.0
29,Female,155.0,71.8,29.89,Overweight,Active,Improve Stamina,Vegetarian,1380.8,2381.9,2481.9,High Carb Performance Diet,Cardio Endurance Training,Needs Improvement,26.3,2.4,4,1.2,190,120,720.0
18,Female,157.0,66.9,27.14,Overweight,Moderate,Improve Stamina,Vegetarian,1399.2,2168.8,2268.8,High Carb Performance Diet,Cardio Endurance Training,Needs Improvement,30.7,2.2,3,1.07,193,127,679.0
22,Female,176.0,48.7,15.72,Underweight,Active,Maintain Fitness,Vegetarian,1316.0,2270.1,2270.1,Balanced Maintenance Diet,Intermediate Cardio + HIIT,Needs Improvement,29.0,2.2,4,1.37,165,167,1144.0
47,Male,171.0,66.2,22.64,Normal,Light,Maintain Fitness,Vegetarian,1500.8,2063.6,2063.6,Balanced Maintenance Diet,Beginner Cardio + Walking,Moderately Fit,22.8,2.9,3,1.42,181,169,1188.0
47,Female,176.0,40.0,12.91,Underweight,Light,Muscle Gain,Eggetarian,1104.0,1518.0,1818.0,High Protein Non-Veg Diet,Beginner Fitness Routine,Moderately Fit,26.7,2.2,3,0.8,173,132,475.0
34,Male,185.0,112.4,32.84,Obese,Active,Weight Loss,Vegetarian,2115.2,3648.7,3248.7,Low Calorie Balanced Diet,Intermediate Cardio + HIIT,Needs Improvement,23.4,3.6,4,1.18,162,134,870.0
40,Female,155.0,70.0,29.14,Overweight,Light,Improve Stamina,Vegan,1307.8,1798.2,1898.2,High Carb Performance Diet,Beginner Fitness Routine,Needs Improvement,31.1,1.5,3,0.85,171,163,693.0
32,Male,174.0,84.0,27.74,Overweight,Light,Weight Loss,Vegetarian,1772.5,2437.2,2037.2,Low Calorie Balanced Diet,Beginner Fitness Routine,Needs Improvement,25.8,2.1,3,1.45,195,127,1013.0
54,Female,165.0,43.8,16.09,Underweight,Active,Maintain Fitness,Non-Vegetarian,1038.2,1790.9,1790.9,Balanced Maintenance Diet,Active Lifestyle Routine,Moderately Fit,26.6,1.7,4,1.29,171,129,749.0
38,Male,162.0,123.3,46.98,Obese,Active,Maintain Fitness,Non-Vegetarian,2060.5,3554.4,3554.4,Balanced Maintenance Diet,Active Lifestyle Routine,Needs Improvement,21.2,2.3,4,1.34,161,165,1216.0
31,Female,156.0,57.9,23.79,Normal,Very Active,Maintain Fitness,Non-Vegetarian,1238.0,2352.2,2352.2,Balanced Maintenance Diet,Active Lifestyle Routine,Fit,15.1,2.7,5,1.8,161,124,1116.0
19,Male,196.0,82.4,21.45,Normal,Very Active,Maintain Fitness,Non-Vegetarian,1959.0,3722.1,3722.1,Balanced Maintenance Diet,Intermediate Cardio + HIIT,Fit,10.1,3.5,5,1.9,174,169,1766.0
28,Male,179.0,84.8,26.47,Overweight,Active,Improve Stamina,Vegetarian,1831.8,3159.9,3259.9,High Carb Performance Diet,Cardio Endurance Training,Needs Improvement,28.8,2.3,4,1.35,182,138,1025.0
56,Male,166.0,109.6,39.77,Obese,Moderate,Improve Stamina,Vegetarian,1858.5,2880.7,2980.7,High Carb Performance Diet,Cardio Endurance Training,Needs Improvement,20.5,3.1,3,1.29,188,166,1060.0
55,Male,177.0,86.4,27.58,Overweight,Moderate,Maintain Fitness,Eggetarian,1700.2,2635.3,2635.3,Balanced Maintenance Diet,Active Lifestyle Routine,Needs Improvement,27.3,2.8,3,1.0,176,157,777.0
51,Female,180.0,63.9,19.72,Normal,Active,Maintain Fitness,Vegan,1348.0,2325.3,2325.3,Balanced Maintenance Diet,Intermediate Cardio + HIIT,Needs Improvement,33.7,2.7,4,1.07,191,130,626.0
55,Female,162.0,70.8,26.98,Overweight,Light,Muscle Gain,Eggetarian,1284.5,1766.2,2066.2,High Protein Non-Veg Diet,Beginner Fitness Routine,Needs Improvement,26.0,1.8,3,0.54,166,162,394.0
51,Male,167.0,115.3,41.34,Obese,Moderate,Maintain Fitness,Vegetarian,1946.8,3017.5,3017.5,Balanced Maintenance Diet,Active Lifestyle Routine,Needs Improvement,24.4,2.5,3,1.38,189,139,950.0
35,Female,156.0,55.3,22.72,Normal,Very Active,Muscle Gain,Non-Vegetarian,1192.0,2264.8,2564.8,High Protein Non-Veg Diet,Progressive Strength Training,Fit,19.8,2.7,5,1.71,187,139,1188.0
47,Male,180.0,73.9,22.81,Normal,Light,Muscle Gain,Eggetarian,1634.0,2246.8,2546.8,High Protein Non-Veg Diet,Beginner Fitness Routine,Needs Improvement,28.3,3.7,3,1.36,173,140,942.0
32,Male,196.0,97.3,25.33,Overweight,Moderate,Weight Loss,Vegetarian,2043.0,3166.7,2766.7,Low Calorie Balanced Diet,Intermediate Cardio + HIIT,Needs Improvement,24.9,3.4,3,1.36,189,137,1025.0
44,Female,165.0,60.4,22.19,Normal,Active,Maintain Fitness,Vegetarian,1254.2,2163.5,2163.5,Balanced Maintenance Diet,Intermediate Cardio + HIIT,Needs Improvement,32.6,2.1,4,1.27,176,169,966.0
51,Male,161.0,49.3,19.02,Normal,Sedentary,Weight Loss,Non-Vegetarian,1249.2,1499.0,1200.0,Low Calorie Balanced Diet,Beginner Cardio + Walking,Needs Improvement,28.3,2.9,2,1.36,191,129,868.0
55,Male,178.0,91.8,28.97,Overweight,Light,Weight Loss,Non-Vegetarian,1760.5,2420.7,2020.7,Low Calorie Balanced Diet,Beginner Cardio + Walking,Needs Improvement,23.5,3.4,3,1.44,165,153,1091.0
50,Female,155.0,73.6,30.63,Obese,Light,Weight Loss,Vegan,1293.8,1779.0,1379.0,Low Calorie Balanced Diet,Beginner Cardio + Walking,Needs Improvement,33.9,2.1,3,0.89,183,145,581.0
41,Male,178.0,47.1,14.87,Underweight,Light,Improve Stamina,Vegetarian,1383.5,1902.3,2002.3,High Carb Performance Diet,Beginner Fitness Routine,Moderately Fit,24.7,2.4,3,1.26,165,149,929.0
32,Male,162.0,65.2,24.84,Normal,Sedentary,Weight Loss,Non-Vegetarian,1509.5,1811.4,1411.4,Low Calorie Balanced Diet,Beginner Cardio + Walking,Needs Improvement,25.3,3.4,2,0.58,186,128,408.0
47,Male,164.0,87.2,32.42,Obese,Active,Weight Loss,Vegetarian,1667.0,2875.6,2475.6,Low Calorie Balanced Diet,Moderate Strength Training,Needs Improvement,15.0,3.5,4,2.0,177,165,1634.0
59,Male,171.0,96.7,33.07,Obese,Light,Improve Stamina,Vegetarian,1745.8,2400.5,2500.5,High Carb Performance Diet,Beginner Fitness Routine,Needs Improvement,28.4,2.9,3,0.57,183,150,423.0
34,Female,161.0,46.9,18.09,Underweight,Moderate,Muscle Gain,Vegetarian,1144.2,1773.5,2073.5,High Protein Veg Diet,Progressive Strength Training,Needs Improvement,28.6,1.7,3,1.02,196,161,821.0
22,Female,162.0,72.1,27.47,Overweight,Light,Weight Loss,Vegan,1462.5,2010.9,1610.9,Low Calorie Balanced Diet,Beginner Cardio + Walking,Needs Improvement,25.1,2.1,3,1.38,183,123,849.0
46,Female,154.0,62.5,26.35,Overweight,Active,Muscle Gain,Non-Vegetarian,1196.5,2064.0,2364.0,High Protein Non-Veg Diet,Moderate Strength Training,Needs Improvement,18.1,2.7,4,1.61,197,125,906.0
21,Male,169.0,110.7,38.76,Obese,Light,Improve Stamina,Non-Vegetarian,2063.2,2836.9,2936.9,High Carb Performance Diet,Beginner Fitness Routine,Needs Improvement,27.0,2.7,3,1.06,193,133,775.0
27,Male,183.0,102.6,30.64,Obese,Moderate,Weight Loss,Vegetarian,2039.8,3161.7,2761.7,Low Calorie Balanced Diet,Intermediate Cardio + HIIT,Needs Improvement,26.5,3.5,3,1.41,199,123,954.0
34,Female,162.0,64.3,24.5,Normal,Very Active,Maintain Fitness,Vegan,1324.5,2516.5,2516.5,Balanced Maintenance Diet,Active Lifestyle Routine,Fit,19.8,2.7,5,1.76,174,145,1276.0
27,Male,161.0,80.7,31.13,Obese,Active,Weight Loss,Vegetarian,1683.2,2903.5,2503.5,Low Calorie Balanced Diet,Compound Strength Training,Needs Improvement,14.3,3.5,4,1.75,170,166,1598.0
34,Male,181.0,115.3,35.19,Obese,Sedentary,Improve Stamina,Vegan,2119.2,2543.0,2643.0,High Carb Performance Diet,Beginner Fitness Routine,Needs Improvement,24.5,2.2,2,1.36,181,167,1249.0
37,Male,169.0,87.8,30.74,Obese,Very Active,Weight Loss,Vegetarian,1754.2,3333.0,2933.0,Low Calorie Balanced Diet,Intermediate Cardio + HIIT,Needs Improvement,10.3,3.5,5,1.81,183,158,1573.0
41,Male,161.0,74.3,28.66,Overweight,Active,Weight Loss,Vegetarian,1549.2,2672.4,2272.4,Low Calorie Balanced Diet,Compound Strength Training,Needs Improvement,24.8,3.5,4,1.06,160,136,714.0
22,Female,170.0,78.5,27.16,Overweight,Active,Weight Loss,Non-Vegetarian,1576.5,2719.5,2319.5,Low Calorie Balanced Diet,Compound Strength Training,Needs Improvement,31.9,2.1,4,1.36,177,138,938.0
51,Female,158.0,77.3,30.96,Obese,Sedentary,Weight Loss,Vegetarian,1344.5,1613.4,1213.4,Low Calorie Balanced Diet,Beginner Cardio + Walking,Needs Improvement,31.1,2.0,2,0.97,171,168,733.0
23,Female,170.0,64.5,22.32,Normal,Sedentary,Weight Loss,Non-Vegetarian,1431.5,1717.8,1317.8,Low Calorie Balanced Diet,Beginner Cardio + Walking,Needs Improvement,30.4,1.7,2,0.51,187,125,319.0
19,Male,194.0,72.0,19.13,Normal,Moderate,Maintain Fitness,Non-Vegetarian,1842.5,2855.9,2855.9,Balanced Maintenance Diet,Active Lifestyle Routine,Moderately Fit,24.7,3.2,3,1.17,199,148,952.0
30,Female,177.0,77.9,24.87,Normal,Active,Improve Stamina,Vegetarian,1574.2,2715.5,2815.5,High Carb Performance Diet,Cardio Endurance Training,Moderately Fit,27.9,2.6,4,1.41,166,130,916.0
28,Female,158.0,69.6,27.88,Overweight,Moderate,Improve Stamina,Vegan,1382.5,2142.9,2242.9,High Carb Performance Diet,Cardio Endurance Training,Needs Improvement,27.8,2.0,3,1.49,182,135,1006.0
40,Male,199.0,68.9,17.4,Underweight,Active,Improve Stamina,Vegetarian,1737.8,2997.7,3097.7,High Carb Performance Diet,Cardio Endurance Training,Moderately Fit,25.0,2.4,4,1.16,180,149,951.0
33,Male,189.0,45.9,12.85,Underweight,Moderate,Improve Stamina,Non-Vegetarian,1480.2,2294.3,2394.3,High Carb Performance Diet,Cardio Endurance Training,Moderately Fit,21.6,2.9,3,1.45,193,144,1148.0
48,Female,169.0,68.2,23.88,Normal,Light,Maintain Fitness,Eggetarian,1337.2,1838.7,1838.7,Balanced Maintenance Diet,Beginner Cardio + Walking,Needs Improvement,28.4,2.5,3,0.75,170,159,537.0
28,Female,159.0,79.6,31.49,Obese,Moderate,Weight Loss,Non-Vegetarian,1488.8,2307.6,1907.6,Low Calorie Balanced Diet,Intermediate Cardio + HIIT,Needs Improvement,28.2,1.5,3,1.49,181,130,968.0
33,Female,152.0,53.6,23.2,Normal,Sedentary,Weight Loss,Vegetarian,1160.0,1392.0,1200.0,Low Calorie Balanced Diet,Beginner Cardio + Walking,Needs Improvement,30.9,2.3,2,1.02,194,126,643.0
25,Female,158.0,57.7,23.11,Normal,Moderate,Maintain Fitness,Eggetarian,1278.5,1981.7,1981.7,Balanced Maintenance Diet,Active Lifestyle Routine,Moderately Fit,25.7,2.2,3,1.36,188,145,986.0
21,Male,193.0,74.2,19.92,Normal,Moderate,Maintain Fitness,Non-Vegetarian,1848.2,2864.7,2864.7,Balanced Maintenance Diet,Intermediate Cardio + HIIT,Needs Improvement,28.3,2.5,3,1.32,187,141,1024.0
57,Female,156.0,64.4,26.46,Overweight,Very Active,Improve Stamina,Vegetarian,1173.0,2228.7,2328.7,High Carb Performance Diet,Cardio Endurance Training,Needs Improvement,17.8,2.7,5,1.52,177,144,985.0
21,Female,178.0,54.9,17.33,Underweight,Sedentary,Maintain Fitness,Vegetarian,1395.5,1674.6,1674.6,Balanced Maintenance Diet,Beginner Cardio + Walking,Needs Improvement,31.7,2.0,2,0.55,173,138,380.0
42,Male,164.0,50.3,18.7,Normal,Light,Muscle Gain,Non-Vegetarian,1323.0,1819.1,2119.1,High Protein Non-Veg Diet,Beginner Fitness Routine,Moderately Fit,27.0,2.4,3,0.63,177,150,468.0
20,Female,168.0,46.5,16.48,Underweight,Sedentary,Maintain Fitness,Non-Vegetarian,1254.0,1504.8,1504.8,Balanced Maintenance Diet,Beginner Cardio + Walking,Needs Improvement,27.9,2.4,2,0.91,187,145,660.0
49,Male,199.0,57.8,14.6,Underweight,Light,Maintain Fitness,Non-Vegetarian,1581.8,2175.0,2175.0,Balanced Maintenance Diet,Beginner Cardio + Walking,Moderately Fit,24.7,3.1,3,0.93,183,161,741.0
20,Male,180.0,83.0,25.62,Overweight,Sedentary,Improve Stamina,Vegan,1860.0,2232.0,2332.0,High Carb Performance Diet,Beginner Fitness Routine,Needs Improvement,29.6,2.9,2,0.79,167,160,695.0
44,Male,179.0,82.5,25.75,Overweight,Very Active,Weight Loss,Non-Vegetarian,1728.8,3284.7,2884.7,Low Calorie Balanced Diet,Intermediate Cardio + HIIT,Needs Improvement,13.8,3.5,5,1.51,167,155,1159.0
46,Female,173.0,66.5,22.22,Normal,Light,Improve Stamina,Vegetarian,1355.2,1863.4,1963.4,High Carb Performance Diet,Beginner Fitness Routine,Needs Improvement,34.7,2.0,3,1.11,163,142,709.0
49,Female,167.0,70.2,25.17,Overweight,Light,Muscle Gain,Vegetarian,1339.8,1842.2,2142.2,High Protein Veg Diet,Beginner Fitness Routine,Needs Improvement,32.5,1.8,3,0.93,186,166,695.0
36,Male,193.0,121.9,32.73,Obese,Moderate,Improve Stamina,Vegetarian,2250.2,3487.8,3587.8,High Carb Performance Diet,Cardio Endurance Training,Needs Improvement,21.8,3.4,3,1.49,195,132,1082.0
38,Female,152.0,70.3,30.43,Obese,Active,Maintain Fitness,Non-Vegetarian,1302.0,2246.0,2246.0,Balanced Maintenance Diet,Active Lifestyle Routine,Needs Improvement,25.6,2.0,4,1.19,164,144,857.0
22,Female,156.0,40.3,16.56,Underweight,Active,Maintain Fitness,Vegetarian,1107.0,1909.6,1909.6,Balanced Maintenance Diet,Intermediate Cardio + HIIT,Needs Improvement,30.8,2.1,4,1.45,192,121,877.0
35,Male,176.0,101.4,32.74,Obese,Sedentary,Weight Loss,Non-Vegetarian,1944.0,2332.8,1932.8,Low Calorie Balanced Diet,Beginner Cardio + Walking,Needs Improvement,23.6,2.9,2,0.84,193,121,559.0
45,Male,195.0,79.2,20.83,Normal,Moderate,Maintain Fitness,Non-Vegetarian,1790.8,2775.7,2775.7,Balanced Maintenance Diet,Active Lifestyle Routine,Moderately Fit,22.8,2.8,3,1.47,189,135,982.0
59,Female,177.0,75.8,24.19,Normal,Light,Muscle Gain,Vegan,1408.2,1936.3,2236.3,High Protein Veg Diet,Beginner Fitness Routine,Needs Improvement,33.1,1.8,3,1.46,167,128,841.0
39,Male,188.0,71.7,20.29,Normal,Sedentary,Weight Loss,Vegetarian,1702.0,2042.4,1642.4,Low Calorie Balanced Diet,Beginner Cardio + Walking,Needs Improvement,23.7,2.2,2,0.55,198,147,445.0
38,Female,156.0,57.7,23.71,Normal,Very Active,Maintain Fitness,Vegan,1201.0,2281.9,2281.9,Balanced Maintenance Diet,Intermediate Cardio + HIIT,Fit,16.6,2.7,5,1.64,185,132,1082.0
23,Female,160.0,47.4,18.52,Normal,Light,Muscle Gain,Vegetarian,1198.0,1647.2,1947.2,High Protein Veg Diet,Beginner Fitness Routine,Needs Improvement,33.5,1.6,3,0.76,196,154,585.0
18,Female,175.0,57.2,18.68,Normal,Moderate,Improve Stamina,Vegan,1414.8,2192.9,2292.9,High Carb Performance Diet,Cardio Endurance Training,Needs Improvement,33.5,2.4,3,1.29,193,160,1032.0
22,Female,172.0,44.8,15.14,Underweight,Active,Improve Stamina,Vegetarian,1252.0,2159.7,2259.7,High Carb Performance Diet,Cardio Endurance Training,Needs Improvement,28.6,1.8,4,1.48,166,132,977.0
58,Male,172.0,90.2,30.49,Obese,Sedentary,Weight Loss,Vegetarian,1692.0,2030.4,1630.4,Low Calorie Balanced Diet,Beginner Cardio + Walking,Needs Improvement,28.3,2.1,2,0.9,199,150,668.0
29,Male,172.0,84.9,28.7,Overweight,Active,Maintain Fitness,Non-Vegetarian,1784.0,3077.4,3077.4,Balanced Maintenance Diet,Active Lifestyle Routine,Needs Improvement,14.3,3.5,4,1.79,187,140,1378.0
43,Male,177.0,95.7,30.55,Obese,Light,Weight Loss,Vegetarian,1853.2,2548.2,2148.2,Low Calorie Balanced Diet,Beginner Cardio + Walking,Needs Improvement,24.2,3.4,3,1.08,198,151,807.0
51,Male,165.0,59.0,21.67,Normal,Moderate,Maintain Fitness,Vegetarian,1371.2,2125.4,2125.4,Balanced Maintenance Diet,Intermediate Cardio + HIIT,Moderately Fit,20.7,2.3,3,1.22,198,153,924.0
31,Female,177.0,60.5,19.31,Normal,Active,Maintain Fitness,Non-Vegetarian,1395.2,2406.7,2406.7,Balanced Maintenance Diet,Intermediate Cardio + HIIT,Fit,15.0,2.7,4,1.72,187,127,1092.0
43,Female,172.0,53.8,18.19,Underweight,Active,Muscle Gain,Non-Vegetarian,1237.0,2133.8,2433.8,High Protein Non-Veg Diet,Progressive Strength Training,Needs Improvement,30.2,2.3,4,1.03,173,160,742.0
44,Male,197.0,86.6,22.31,Normal,Very Active,Maintain Fitness,Non-Vegetarian,1882.2,3576.2,3576.2,Balanced Maintenance Diet,Active Lifestyle Routine,Fit,11.7,3.5,5,1.66,197,167,1372.0
26,Female,167.0,72.8,26.1,Overweight,Sedentary,Muscle Gain,Non-Vegetarian,1480.8,1777.0,2077.0,High Protein Non-Veg Diet,Beginner Fitness Routine,Needs Improvement,35.0,1.9,2,1.37,163,121,829.0
43,Female,177.0,66.3,21.16,Normal,Active,Maintain Fitness,Non-Vegetarian,1393.2,2403.3,2403.3,Balanced Maintenance Diet,Intermediate Cardio + HIIT,Needs Improvement,32.7,1.7,4,1.48,177,157,1046.0
39,Female,160.0,56.0,21.87,Normal,Sedentary,Improve Stamina,Vegetarian,1204.0,1444.8,1544.8,High Carb Performance Diet,Beginner Fitness Routine,Needs Improvement,32.6,2.0,2,0.89,184,151,672.0
47,Male,193.0,45.9,12.32,Underweight,Moderate,Improve Stamina,Vegetarian,1435.2,2224.6,2324.6,High Carb Performance Diet,Cardio Endurance Training,Needs Improvement,29.6,2.0,3,1.29,166,159,1015.0
34,Male,164.0,88.0,32.72,Obese,Active,Maintain Fitness,Vegetarian,1740.0,3001.5,3001.5,Balanced Maintenance Diet,Active Lifestyle Routine,Needs Improvement,14.4,3.5,4,1.9,197,147,1536.0
43,Male,179.0,94.0,29.34,Overweight,Sedentary,Weight Loss,Eggetarian,1848.8,2218.6,1818.6,Low Calorie Balanced Diet,Beginner Cardio + Walking,Needs Improvement,23.2,3.4,2,1.31,187,156,1012.0
53,Female,179.0,44.7,13.95,Underweight,Moderate,Maintain Fitness,Non-Vegetarian,1139.8,1766.7,1766.7,Balanced Maintenance Diet,Active Lifestyle Routine,Moderately Fit,26.7,2.1,3,1.34,164,160,965.0
18,Male,163.0,63.2,23.79,Normal,Light,Weight Loss,Vegetarian,1565.8,2153.0,1753.0,Low Calorie Balanced Diet,Beginner Cardio + Walking,Moderately Fit,27.5,2.2,3,0.66,162,120,436.0
25,Male,190.0,95.6,26.48,Overweight,Active,Improve Stamina,Non-Vegetarian,2023.5,3490.5,3590.5,High Carb Performance Diet,Cardio Endurance Training,Needs Improvement,23.8,2.4,4,1.47,190,160,1294.0
52,Male,186.0,47.8,13.82,Underweight,Moderate,Maintain Fitness,Eggetarian,1385.5,2147.5,2147.5,Balanced Maintenance Diet,Active Lifestyle Routine,Moderately Fit,24.7,2.8,3,1.01,179,129,645.0
32,Male,164.0,85.3,31.71,Obese,Active,Improve Stamina,Vegetarian,1723.0,2972.2,3072.2,High Carb Performance Diet,Cardio Endurance Training,Needs Improvement,13.2,3.5,4,1.77,178,123,1197.0
39,Male,183.0,59.7,17.83,Underweight,Active,Muscle Gain,Non-Vegetarian,1550.8,2675.1,2975.1,High Protein Non-Veg Diet,Progressive Strength Training,Needs Improvement,29.1,2.3,4,1.35,170,154,1143.0
31,Male,198.0,70.2,17.91,Underweight,Sedentary,Improve Stamina,Non-Vegetarian,1789.5,2147.4,2247.4,High Carb Performance Diet,Beginner Fitness Routine,Needs Improvement,24.2,2.5,2,0.71,199,129,504.0
43,Female,180.0,72.7,22.44,Normal,Light,Weight Loss,Non-Vegetarian,1476.0,2029.5,1629.5,Low Calorie Balanced Diet,Beginner Cardio + Walking,Needs Improvement,32.8,2.1,3,0.79,162,166,590.0
45,Female,179.0,50.4,15.73,Underweight,Sedentary,Weight Loss,Vegetarian,1236.8,1484.2,1200.0,Low Calorie Balanced Diet,Beginner Cardio + Walking,Needs Improvement,27.7,2.5,2,0.74,182,130,433.0
40,Male,174.0,81.7,26.99,Overweight,Sedentary,Improve Stamina,Vegan,1709.5,2051.4,2151.4,High Carb Performance Diet,Beginner Fitness Routine,Needs Improvement,27.0,2.7,2,0.91,166,133,666.0
31,Male,162.0,49.3,18.79,Normal,Sedentary,Muscle Gain,Eggetarian,1355.5,1626.6,1926.6,High Protein Non-Veg Diet,Beginner Fitness Routine,Needs Improvement,20.0,3.2,2,0.56,182,157,484.0
41,Female,164.0,61.9,23.01,Normal,Active,Maintain Fitness,Non-Vegetarian,1278.0,2204.6,2204.6,Balanced Maintenance Diet,Active Lifestyle Routine,Fit,19.4,2.7,4,1.93,166,131,1138.0
19,Female,168.0,49.1,17.4,Underweight,Active,Improve Stamina,Non-Vegetarian,1285.0,2216.6,2316.6,High Carb Performance Diet,Cardio Endurance Training,Moderately Fit,25.3,2.6,4,1.42,193,164,1164.0
43,Male,183.0,66.5,19.86,Normal,Moderate,Maintain Fitness,Eggetarian,1598.8,2478.1,2478.1,Balanced Maintenance Diet,Active Lifestyle Routine,Moderately Fit,27.1,2.4,3,1.11,178,136,747.0
31,Male,193.0,75.5,20.27,Normal,Sedentary,Weight Loss,Non-Vegetarian,1811.2,2173.4,1773.4,Low Calorie Balanced Diet,Beginner Cardio + Walking,Needs Improvement,20.5,3.4,2,0.6,168,135,446.0
24,Male,179.0,88.2,27.53,Overweight,Active,Weight Loss,Vegetarian,1885.8,3253.0,2853.0,Low Calorie Balanced Diet,Intermediate Cardio + HIIT,Needs Improvement,11.3,3.5,4,1.76,177,154,1491.0
20,Male,175.0,74.8,24.42,Normal,Moderate,Maintain Fitness,Non-Vegetarian,1746.8,2707.5,2707.5,Balanced Maintenance Diet,Active Lifestyle Routine,Moderately Fit,25.0,3.3,3,1.33,184,121,885.0
40,Female,160.0,72.2,28.2,Overweight,Light,Improve Stamina,Non-Vegetarian,1361.0,1871.4,1971.4,High Carb Performance Diet,Beginner Fitness Routine,Needs Improvement,29.2,1.9,3,0.87,173,130,566.0
35,Male,163.0,62.8,23.64,Normal,Active,Improve Stamina,Vegetarian,1476.8,2547.5,2647.5,High Carb Performance Diet,Cardio Endurance Training,Moderately Fit,21.9,3.7,4,1.41,184,160,1241.0
55,Male,179.0,84.7,26.43,Overweight,Moderate,Improve Stamina,Non-Vegetarian,1695.8,2628.5,2728.5,High Carb Performance Diet,Cardio Endurance Training,Needs Improvement,23.3,2.4,3,1.19,178,122,719.0
52,Male,169.0,116.5,40.79,Obese,Sedentary,Weight Loss,Eggetarian,1966.2,2359.4,1959.4,Low Calorie Balanced Diet,Beginner Cardio + Walking,Needs Improvement,27.3,2.4,2,0.53,198,148,388.0
32,Male,192.0,77.4,21.0,Normal,Moderate,Improve Stamina,Eggetarian,1819.0,2819.5,2919.5,High Carb Performance Diet,Cardio Endurance Training,Moderately Fit,26.7,3.3,3,1.39,174,137,1047.0
42,Female,162.0,72.9,27.78,Overweight,Active,Maintain Fitness,Non-Vegetarian,1370.5,2364.1,2364.1,Balanced Maintenance Diet,Active Lifestyle Routine,Needs Improvement,25.7,2.0,4,1.17,175,139,732.0
54,Female,159.0,58.4,23.1,Normal,Sedentary,Weight Loss,Vegetarian,1146.8,1376.2,1200.0,Low Calorie Balanced Diet,Beginner Cardio + Walking,Needs Improvement,32.5,1.9,2,1.08,186,166,807.0
45,Female,154.0,64.3,27.11,Overweight,Active,Maintain Fitness,Eggetarian,1219.5,2103.6,2103.6,Balanced Maintenance Diet,Active Lifestyle Routine,Needs Improvement,15.3,2.7,4,1.67,199,133,999.0
27,Male,187.0,89.3,25.54,Overweight,Very Active,Muscle Gain,Vegan,1931.8,3670.4,3970.4,High Protein Veg Diet,Progressive Strength Training,Needs Improvement,12.7,3.5,5,1.62,169,153,1363.0
56,Male,161.0,90.2,34.8,Obese,Moderate,Maintain Fitness,Vegetarian,1633.2,2531.5,2531.5,Balanced Maintenance Diet,Active Lifestyle Routine,Needs Improvement,22.6,2.3,3,1.38,163,168,1148.0
34,Female,162.0,59.0,22.48,Normal,Active,Improve Stamina,Eggetarian,1271.5,2193.3,2293.3,High Carb Performance Diet,Cardio Endurance Training,Needs Improvement,30.9,2.4,4,1.13,178,150,847.0
56,Male,186.0,58.7,16.97,Underweight,Moderate,Improve Stamina,Vegan,1474.5,2285.5,2385.5,High Carb Performance Diet,Cardio Endurance Training,Moderately Fit,22.6,3.3,3,1.09,187,159,858.0
39,Male,182.0,127.5,38.49,Obese,Moderate,Weight Loss,Non-Vegetarian,2222.5,3444.9,3044.9,Low Calorie Balanced Diet,Compound Strength Training,Needs Improvement,29.8,3.0,3,1.26,180,161,1116.0
43,Female,152.0,68.6,29.69,Overweight,Active,Maintain Fitness,Non-Vegetarian,1260.0,2173.5,2173.5,Balanced Maintenance Diet,Active Lifestyle Routine,Needs Improvement,28.1,2.6,4,1.42,173,137,875.0
42,Female,153.0,56.7,24.22,Normal,Light,Muscle Gain,Vegetarian,1152.2,1584.3,1884.3,High Protein Veg Diet,Beginner Fitness Routine,Moderately Fit,27.4,1.9,3,1.07,192,149,717.0
34,Female,178.0,64.5,20.36,Normal,Active,Maintain Fitness,Vegetarian,1426.5,2460.7,2460.7,Balanced Maintenance Diet,Active Lifestyle Routine,Moderately Fit,27.8,1.8,4,1.33,169,144,958.0
30,Female,152.0,61.6,26.66,Overweight,Active,Improve Stamina,Vegetarian,1255.0,2164.9,2264.9,High Carb Performance Diet,Cardio Endurance Training,Needs Improvement,19.5,2.7,4,1.78,178,138,1228.0
37,Male,182.0,75.1,22.67,Normal,Active,Maintain Fitness,Vegan,1708.5,2947.2,2947.2,Balanced Maintenance Diet,Active Lifestyle Routine,Moderately Fit,26.4,3.2,4,1.23,189,127,859.0
42,Male,193.0,79.3,21.29,Normal,Sedentary,Weight Loss,Vegetarian,1794.2,2153.0,1753.0,Low Calorie Balanced Diet,Beginner Cardio + Walking,Needs Improvement,27.3,3.3,2,1.22,181,147,888.0
21,Female,168.0,72.6,25.72,Overweight,Moderate,Improve Stamina,Vegetarian,1510.0,2340.5,2440.5,High Carb Performance Diet,Cardio Endurance Training,Needs Improvement,34.2,1.8,3,1.19,162,127,756.0
27,Male,170.0,76.7,26.54,Overweight,Light,Weight Loss,Vegetarian,1699.5,2336.8,1936.8,Low Calorie Balanced Diet,Beginner Cardio + Walking,Needs Improvement,29.1,2.1,3,0.96,196,150,792.0
20,Female,161.0,44.2,17.05,Underweight,Sedentary,Maintain Fitness,Non-Vegetarian,1187.2,1424.6,1424.6,Balanced Maintenance Diet,Beginner Cardio + Walking,Needs Improvement,32.4,2.5,2,1.08,177,122,659.0
58,Female,170.0,56.5,19.55,Normal,Sedentary,Improve Stamina,Eggetarian,1176.5,1411.8,1511.8,High Carb Performance Diet,Beginner Fitness Routine,Needs Improvement,27.0,2.7,2,0.74,170,122,406.0
35,Male,163.0,100.9,37.98,Obese,Sedentary,Weight Loss,Vegetarian,1857.8,2229.4,1829.4,Low Calorie Balanced Diet,Beginner Cardio + Walking,Needs Improvement,28.4,3.1,2,1.1,161,163,986.0
53,Female,155.0,55.8,23.23,Normal,Active,Muscle Gain,Vegetarian,1100.8,1898.9,2198.9,High Protein Veg Diet,Moderate Strength Training,Moderately Fit,27.0,1.8,4,1.12,171,141,711.0
39,Male,193.0,58.3,15.65,Underweight,Active,Improve Stamina,Non-Vegetarian,1599.2,2758.6,2858.6,High Carb Performance Diet,Cardio Endurance Training,Moderately Fit,27.4,3.7,4,1.35,165,136,1010.0
51,Male,177.0,48.6,15.51,Underweight,Sedentary,Muscle Gain,Non-Vegetarian,1342.2,1610.6,1910.6,High Protein Non-Veg Diet,Beginner Fitness Routine,Needs Improvement,26.9,3.5,2,1.47,199,155,1128.0
25,Male,195.0,81.7,21.49,Normal,Active,Maintain Fitness,Vegetarian,1915.8,3304.8,3304.8,Balanced Maintenance Diet,Active Lifestyle Routine,Fit,13.8,3.5,4,1.94,188,136,1451.0
57,Male,169.0,85.6,29.97,Overweight,Very Active,Maintain Fitness,Non-Vegetarian,1632.2,3101.2,3101.2,Balanced Maintenance Diet,Active Lifestyle Routine,Needs Improvement,12.7,3.5,5,1.76,189,133,1159.0
36,Female,172.0,60.0,20.28,Normal,Very Active,Muscle Gain,Vegetarian,1334.0,2534.6,2834.6,High Protein Veg Diet,Progressive Strength Training,Fit,18.2,2.7,5,1.63,161,128,1043.0
59,Male,169.0,126.4,44.26,Obese,Light,Weight Loss,Vegetarian,2030.2,2791.5,2391.5,Low Calorie Balanced Diet,Beginner Fitness Routine,Needs Improvement,29.5,2.9,3,1.24,168,149,915.0
58,Female,178.0,75.4,23.8,Normal,Active,Improve Stamina,Non-Vegetarian,1415.5,2441.7,2541.7,High Carb Performance Diet,Cardio Endurance Training,Moderately Fit,26.0,2.5,4,1.05,161,140,662.0
54,Female,169.0,64.2,22.48,Normal,Active,Maintain Fitness,Vegetarian,1267.2,2185.9,2185.9,Balanced Maintenance Diet,Active Lifestyle Routine,Fit,16.5,2.7,4,1.69,188,131,996.0
23,Female,162.0,65.2,24.84,Normal,Moderate,Improve Stamina,Eggetarian,1388.5,2152.2,2252.2,High Carb Performance Diet,Cardio Endurance Training,Needs Improvement,31.1,2.5,3,1.37,192,156,1069.0
43,Female,166.0,70.1,25.44,Overweight,Sedentary,Muscle Gain,Vegetarian,1362.5,1635.0,1935.0,High Protein Veg Diet,Beginner Fitness Routine,Needs Improvement,34.6,2.6,2,0.99,169,151,673.0
51,Male,177.0,102.6,32.75,Obese,Sedentary,Weight Loss,Non-Vegetarian,1882.2,2258.6,1858.6,Low Calorie Balanced Diet,Beginner Cardio + Walking,Needs Improvement,21.0,3.4,2,1.21,193,130,779.0
23,Male,193.0,107.2,28.78,Overweight,Active,Weight Loss,Non-Vegetarian,2168.2,3740.1,3340.1,Low Calorie Balanced Diet,Intermediate Cardio + HIIT,Needs Improvement,20.2,3.1,4,1.15,167,139,879.0
54,Female,175.0,56.5,18.45,Underweight,Very Active,Maintain Fitness,Vegetarian,1227.8,2332.8,2332.8,Balanced Maintenance Diet,Intermediate Cardio + HIIT,Moderately Fit,15.3,2.7,5,1.76,196,154,1220.0
50,Female,175.0,61.6,20.11,Normal,Active,Muscle Gain,Non-Vegetarian,1298.8,2240.4,2540.4,High Protein Non-Veg Diet,Moderate Strength Training,Moderately Fit,25.5,2.2,4,1.22,192,166,911.0
39,Male,175.0,81.7,26.68,Overweight,Active,Improve Stamina,Vegetarian,1720.8,2968.4,3068.4,High Carb Performance Diet,Cardio Endurance Training,Needs Improvement,29.1,2.8,4,1.32,165,165,1198.0
38,Female,158.0,76.6,30.68,Obese,Sedentary,Improve Stamina,Eggetarian,1402.5,1683.0,1783.0,High Carb Performance Diet,Beginner Fitness Routine,Needs Improvement,32.2,2.3,2,0.74,199,130,481.0
23,Male,179.0,116.8,36.45,Obese,Active,Weight Loss,Vegetarian,2176.8,3755.0,3355.0,Low Calorie Balanced Diet,Compound Strength Training,Needs Improvement,26.8,3.4,4,1.0,178,127,698.0
23,Female,159.0,60.1,23.77,Normal,Active,Maintain Fitness,Vegetarian,1318.8,2274.9,2274.9,Balanced Maintenance Diet,Intermediate Cardio + HIIT,Fit,17.6,2.7,4,1.8,191,123,1107.0
21,Male,173.0,93.7,31.31,Obese,Sedentary,Weight Loss,Vegetarian,1918.2,2301.8,1901.8,Low Calorie Balanced Diet,Beginner Cardio + Walking,Needs Improvement,27.8,3.6,2,1.0,186,146,803.0
47,Female,158.0,41.6,16.66,Underweight,Active,Maintain Fitness,Eggetarian,1007.5,1737.9,1737.9,Balanced Maintenance Diet,Active Lifestyle Routine,Moderately Fit,26.6,2.1,4,1.03,160,163,756.0
28,Female,179.0,55.1,17.2,Underweight,Very Active,Maintain Fitness,Non-Vegetarian,1368.8,2600.7,2600.7,Balanced Maintenance Diet,Active Lifestyle Routine,Moderately Fit,17.0,2.7,5,1.99,192,159,1582.0
47,Male,176.0,127.1,41.03,Obese,Sedentary,Weight Loss,Non-Vegetarian,2141.0,2569.2,2169.2,Low Calorie Balanced Diet,Beginner Fitness Routine,Needs Improvement,24.9,3.0,2,0.71,199,157,552.0
48,Female,160.0,69.1,26.99,Overweight,Active,Muscle Gain,Vegetarian,1290.0,2225.2,2525.2,High Protein Veg Diet,Moderate Strength Training,Needs Improvement,26.1,2.0,4,1.34,191,166,1001.0
41,Female,174.0,66.8,22.06,Normal,Light,Improve Stamina,Non-Vegetarian,1389.5,1910.6,2010.6,High Carb Performance Diet,Beginner Fitness Routine,Needs Improvement,29.2,2.3,3,1.34,164,149,898.0
26,Male,176.0,125.5,40.52,Obese,Active,Maintain Fitness,Vegetarian,2230.0,3846.8,3846.8,Balanced Maintenance Diet,Active Lifestyle Routine,Needs Improvement,23.2,3.1,4,1.15,176,163,1031.0
20,Female,158.0,71.3,28.56,Overweight,Moderate,Weight Loss,Vegan,1439.5,2231.2,1831.2,Low Calorie Balanced Diet,Intermediate Cardio + HIIT,Needs Improvement,25.4,1.5,3,1.07,167,167,893.0
48,Male,161.0,129.2,49.84,Obese,Active,Maintain Fitness,Vegetarian,2063.2,3559.0,3559.0,Balanced Maintenance Diet,Active Lifestyle Routine,Needs Improvement,21.4,2.9,4,1.06,193,167,876.0
57,Male,186.0,96.3,27.84,Overweight,Moderate,Weight Loss,Vegetarian,1845.5,2860.5,2460.5,Low Calorie Balanced Diet,Moderate Strength Training,Needs Improvement,27.6,2.2,3,1.1,168,146,795.0
54,Female,154.0,67.5,28.46,Overweight,Light,Weight Loss,Vegetarian,1206.5,1658.9,1258.9,Low Calorie Balanced Diet,Beginner Cardio + Walking,Needs Improvement,25.2,1.5,3,0.72,182,140,454.0
53,Female,155.0,64.4,26.81,Overweight,Active,Weight Loss,Non-Vegetarian,1186.8,2047.2,1647.2,Low Calorie Balanced Diet,Intermediate Cardio + HIIT,Needs Improvement,19.7,2.7,4,1.77,194,139,1107.0
41,Female,157.0,64.9,26.33,Overweight,Active,Weight Loss,Non-Vegetarian,1264.2,2180.7,1780.7,Low Calorie Balanced Diet,Intermediate Cardio + HIIT,Needs Improvement,25.9,2.4,4,1.04,166,123,576.0
48,Female,166.0,52.3,18.98,Normal,Light,Improve Stamina,Vegetarian,1159.5,1594.3,1694.3,High Carb Performance Diet,Beginner Fitness Routine,Needs Improvement,33.0,1.8,3,0.74,174,130,433.0
23,Female,155.0,56.7,23.6,Normal,Active,Improve Stamina,Non-Vegetarian,1259.8,2173.2,2273.2,High Carb Performance Diet,Cardio Endurance Training,Needs Improvement,34.0,1.9,4,1.38,179,132,911.0
19,Female,163.0,46.8,17.61,Underweight,Active,Maintain Fitness,Non-Vegetarian,1230.8,2123.1,2123.1,Balanced Maintenance Diet,Intermediate Cardio + HIIT,Needs Improvement,34.4,1.6,4,1.35,184,128,864.0
37,Female,177.0,70.3,22.44,Normal,Sedentary,Muscle Gain,Non-Vegetarian,1463.2,1755.8,2055.8,High Protein Non-Veg Diet,Beginner Fitness Routine,Needs Improvement,33.7,1.7,2,1.01,162,123,621.0
45,Male,176.0,80.8,26.08,Overweight,Active,Maintain Fitness,Vegetarian,1688.0,2911.8,2911.8,Balanced Maintenance Diet,Active Lifestyle Routine,Needs Improvement,11.4,3.5,4,1.7,183,131,1102.0
28,Female,150.0,56.0,24.89,Normal,Very Active,Muscle Gain,Vegetarian,1196.5,2273.3,2573.3,High Protein Veg Diet,Progressive Strength Training,Fit,16.7,2.7,5,1.94,193,128,1242.0
21,Male,184.0,101.2,29.89,Overweight,Sedentary,Improve Stamina,Non-Vegetarian,2062.0,2474.4,2574.4,High Carb Performance Diet,Beginner Fitness Routine,Needs Improvement,24.3,3.3,2,1.3,181,132,944.0
32,Female,157.0,56.6,22.96,Normal,Active,Maintain Fitness,Vegetarian,1226.2,2115.2,2115.2,Balanced Maintenance Diet,Intermediate Cardio + HIIT,Fit,15.7,2.7,4,1.65,170,167,1378.0
23,Female,175.0,40.9,13.36,Underweight,Light,Improve Stamina,Vegetarian,1226.8,1686.8,1786.8,High Carb Performance Diet,Beginner Fitness Routine,Moderately Fit,25.2,2.1,3,0.82,167,145,594.0
47,Male,165.0,127.8,46.94,Obese,Sedentary,Weight Loss,Vegan,2079.2,2495.0,2095.0,Low Calorie Balanced Diet,Beginner Cardio + Walking,Needs Improvement,28.7,3.5,2,0.77,198,157,598.0
55,Female,176.0,49.3,15.92,Underweight,Sedentary,Muscle Gain,Eggetarian,1157.0,1388.4,1688.4,High Protein Non-Veg Diet,Beginner Fitness Routine,Needs Improvement,30.5,2.0,2,1.28,194,161,927.0
19,Female,163.0,64.3,24.2,Normal,Very Active,Improve Stamina,Vegetarian,1405.8,2671.0,2771.0,High Carb Performance Diet,Cardio Endurance Training,Fit,18.0,2.7,5,1.87,197,132,1234.0
32,Male,162.0,49.3,18.79,Normal,Moderate,Muscle Gain,Vegetarian,1350.5,2093.3,2393.3,High Protein Veg Diet,Progressive Strength Training,Needs Improvement,29.3,2.5,3,1.18,167,158,1025.0
28,Female,162.0,63.0,24.01,Normal,Sedentary,Muscle Gain,Non-Vegetarian,1341.5,1609.8,1909.8,High Protein Non-Veg Diet,Beginner Fitness Routine,Needs Improvement,31.7,1.9,2,0.68,196,147,500.0
25,Female,167.0,41.1,14.74,Underweight,Moderate,Maintain Fitness,Vegetarian,1168.8,1811.6,1811.6,Balanced Maintenance Diet,Active Lifestyle Routine,Needs Improvement,31.9,2.4,3,1.03,186,138,711.0
43,Female,174.0,40.5,13.38,Underweight,Moderate,Maintain Fitness,Vegetarian,1116.5,1730.6,1730.6,Balanced Maintenance Diet,Intermediate Cardio + HIIT,Needs Improvement,32.9,2.2,3,1.5,187,143,965.0
22,Male,162.0,71.0,27.05,Overweight,Sedentary,Weight Loss,Vegetarian,1617.5,1941.0,1541.0,Low Calorie Balanced Diet,Beginner Cardio + Walking,Needs Improvement,21.2,3.5,2,0.91,199,138,691.0
23,Female,162.0,60.9,23.21,Normal,Very Active,Improve Stamina,Non-Vegetarian,1345.5,2556.4,2656.4,High Carb Performance Diet,Cardio Endurance Training,Fit,16.8,2.7,5,1.59,193,168,1336.0
43,Female,166.0,64.7,23.48,Normal,Active,Maintain Fitness,Non-Vegetarian,1308.5,2257.2,2257.2,Balanced Maintenance Diet,Active Lifestyle Routine,Fit,19.8,2.7,4,1.88,191,132,1117.0
21,Female,171.0,51.0,17.44,Underweight,Moderate,Maintain Fitness,Vegetarian,1312.8,2034.8,2034.8,Balanced Maintenance Diet,Intermediate Cardio + HIIT,Needs Improvement,34.2,2.2,3,1.07,174,132,706.0
36,Female,177.0,57.7,18.42,Underweight,Active,Muscle Gain,Vegetarian,1342.2,2315.3,2615.3,High Protein Veg Diet,Progressive Strength Training,Moderately Fit,19.4,2.7,4,1.65,176,147,1213.0
37,Male,182.0,76.9,23.22,Normal,Active,Muscle Gain,Vegetarian,1726.5,2978.2,3278.2,High Protein Veg Diet,Progressive Strength Training,Moderately Fit,24.5,2.8,4,1.49,192,121,992.0
50,Male,177.0,80.5,25.7,Overweight,Active,Maintain Fitness,Non-Vegetarian,1666.2,2874.2,2874.2,Balanced Maintenance Diet,Active Lifestyle Routine,Needs Improvement,14.3,3.5,4,1.85,175,129,1181.0
37,Female,174.0,73.3,24.21,Normal,Moderate,Improve Stamina,Vegetarian,1474.5,2285.5,2385.5,High Carb Performance Diet,Cardio Endurance Training,Moderately Fit,25.5,2.4,3,1.03,188,141,726.0
29,Female,157.0,49.0,19.88,Normal,Moderate,Maintain Fitness,Vegetarian,1165.2,1806.1,1806.1,Balanced Maintenance Diet,Active Lifestyle Routine,Moderately Fit,26.5,2.6,3,1.33,168,132,878.0
18,Male,197.0,114.5,29.5,Overweight,Light,Weight Loss,Non-Vegetarian,2291.2,3150.4,2750.4,Low Calorie Balanced Diet,Beginner Cardio + Walking,Needs Improvement,24.1,2.6,3,1.03,192,128,725.0
43,Male,178.0,81.0,25.56,Overweight,Very Active,Maintain Fitness,Vegetarian,1712.5,3253.8,3253.8,Balanced Maintenance Diet,Active Lifestyle Routine,Needs Improvement,12.4,3.5,5,1.58,188,152,1189.0
31,Female,176.0,53.5,17.27,Underweight,Active,Muscle Gain,Non-Vegetarian,1319.0,2275.3,2575.3,High Protein Non-Veg Diet,Progressive Strength Training,Moderately Fit,27.6,1.8,4,1.22,172,133,811.0
55,Male,168.0,52.1,18.46,Underweight,Light,Improve Stamina,Vegetarian,1301.0,1788.9,1888.9,High Carb Performance Diet,Beginner Fitness Routine,Moderately Fit,23.6,3.0,3,0.77,180,167,637.0
54,Female,152.0,70.1,30.34,Obese,Sedentary,Weight Loss,Vegetarian,1220.0,1464.0,1200.0,Low Calorie Balanced Diet,Beginner Cardio + Walking,Needs Improvement,26.6,2.1,2,0.76,180,139,475.0
28,Male,178.0,86.9,27.43,Overweight,Active,Weight Loss,Vegetarian,1846.5,3185.2,2785.2,Low Calorie Balanced Diet,Intermediate Cardio + HIIT,Needs Improvement,24.9,3.7,4,1.29,164,134,951.0
53,Male,176.0,73.4,23.7,Normal,Moderate,Maintain Fitness,Non-Vegetarian,1574.0,2439.7,2439.7,Balanced Maintenance Diet,Active Lifestyle Routine,Moderately Fit,27.9,2.8,3,1.09,169,151,815.0
30,Male,166.0,90.0,32.66,Obese,Active,Improve Stamina,Vegan,1792.5,3092.1,3192.1,High Carb Performance Diet,Cardio Endurance Training,Needs Improvement,26.6,2.1,4,1.32,165,152,1104.0
20,Male,192.0,85.7,23.25,Normal,Very Active,Improve Stamina,Vegan,1962.0,3727.8,3827.8,High Carb Performance Diet,Cardio Endurance Training,Fit,10.5,3.5,5,1.72,172,136,1287.0
50,Female,155.0,70.4,29.3,Overweight,Sedentary,Weight Loss,Vegetarian,1261.8,1514.2,1200.0,Low Calorie Balanced Diet,Beginner Fitness Routine,Needs Improvement,29.9,2.7,2,0.73,160,143,470.0
23,Male,171.0,57.7,19.73,Normal,Moderate,Muscle Gain,Non-Vegetarian,1535.8,2380.5,2680.5,High Protein Non-Veg Diet,Progressive Strength Training,Moderately Fit,27.0,3.4,3,1.15,179,149,942.0
27,Male,176.0,75.7,24.44,Normal,Light,Weight Loss,Vegetarian,1727.0,2374.6,1974.6,Low Calorie Balanced Diet,Beginner Cardio + Walking,Moderately Fit,25.3,2.3,3,0.68,167,132,494.0
22,Female,152.0,61.8,26.75,Overweight,Very Active,Maintain Fitness,Vegetarian,1297.0,2464.3,2464.3,Balanced Maintenance Diet,Active Lifestyle Routine,Needs Improvement,17.0,2.7,5,1.83,169,166,1519.0
40,Male,176.0,80.3,25.92,Overweight,Very Active,Muscle Gain,Vegan,1708.0,3245.2,3545.2,High Protein Veg Diet,Progressive Strength Training,Needs Improvement,13.1,3.5,5,1.63,168,167,1497.0
27,Male,168.0,104.3,36.95,Obese,Moderate,Improve Stamina,Vegetarian,1963.0,3042.7,3142.7,High Carb Performance Diet,Cardio Endurance Training,Needs Improvement,29.7,3.5,3,1.28,162,135,950.0
19,Female,158.0,65.7,26.32,Overweight,Moderate,Improve Stamina,Vegetarian,1388.5,2152.2,2252.2,High Carb Performance Diet,Cardio Endurance Training,Needs Improvement,25.9,1.9,3,1.46,170,121,883.0
30,Male,196.0,120.3,31.32,Obese,Sedentary,Improve Stamina,Vegetarian,2283.0,2739.6,2839.6,High Carb Performance Diet,Beginner Fitness Routine,Needs Improvement,23.9,2.6,2,0.66,171,136,494.0
57,Female,157.0,51.9,21.06,Normal,Moderate,Maintain Fitness,Vegetarian,1054.2,1634.0,1634.0,Balanced Maintenance Diet,Intermediate Cardio + HIIT,Needs Improvement,29.1,2.6,3,1.05,169,151,713.0
19,Female,157.0,59.1,23.98,Normal,Very Active,Improve Stamina,Vegetarian,1316.2,2500.8,2600.8,High Carb Performance Diet,Cardio Endurance Training,Fit,17.9,2.7,5,1.65,184,162,1336.0
37,Female,175.0,66.9,21.84,Normal,Active,Muscle Gain,Non-Vegetarian,1416.8,2444.0,2744.0,High Protein Non-Veg Diet,Progressive Strength Training,Moderately Fit,26.5,2.1,4,1.38,184,127,876.0
18,Female,175.0,66.9,21.84,Normal,Sedentary,Improve Stamina,Vegetarian,1511.8,1814.2,1914.2,High Carb Performance Diet,Beginner Fitness Routine,Needs Improvement,26.8,1.7,2,0.94,170,122,573.0
54,Male,166.0,78.7,28.56,Overweight,Moderate,Maintain Fitness,Vegan,1559.5,2417.2,2417.2,Balanced Maintenance Diet,Active Lifestyle Routine,Needs Improvement,22.9,2.6,3,1.42,195,131,921.0
26,Female,161.0,62.4,24.07,Normal,Active,Maintain Fitness,Vegan,1339.2,2310.1,2310.1,Balanced Maintenance Diet,Active Lifestyle Routine,Fit,19.8,2.7,4,1.88,198,139,1307.0
34,Male,171.0,102.1,34.92,Obese,Sedentary,Weight Loss,Vegetarian,1924.8,2309.8,1909.8,Low Calorie Balanced Diet,Beginner Cardio + Walking,Needs Improvement,27.3,3.2,2,0.96,185,135,713.0
26,Male,200.0,51.9,12.97,Underweight,Sedentary,Maintain Fitness,Vegetarian,1644.0,1972.8,1972.8,Balanced Maintenance Diet,Beginner Cardio + Walking,Needs Improvement,26.6,2.3,2,0.75,173,133,549.0
28,Male,200.0,58.3,14.57,Underweight,Active,Muscle Gain,Vegetarian,1698.0,2929.1,3229.1,High Protein Veg Diet,Progressive Strength Training,Needs Improvement,28.2,3.0,4,1.32,198,135,980.0
32,Male,192.0,89.8,24.36,Normal,Active,Muscle Gain,Non-Vegetarian,1943.0,3351.7,3651.7,High Protein Non-Veg Diet,Progressive Strength Training,Fit,10.6,3.5,4,1.93,199,168,1783.0
41,Male,183.0,101.1,30.19,Obese,Sedentary,Improve Stamina,Vegetarian,1954.8,2345.8,2445.8,High Carb Performance Diet,Beginner Fitness Routine,Needs Improvement,28.6,3.2,2,0.79,160,162,634.0
55,Male,172.0,118.6,40.09,Obese,Light,Weight Loss,Non-Vegetarian,1991.0,2737.6,2337.6,Low Calorie Balanced Diet,Beginner Fitness Routine,Needs Improvement,25.9,2.6,3,0.77,163,168,640.0
52,Male,185.0,84.8,24.78,Normal,Sedentary,Weight Loss,Vegetarian,1749.2,2099.0,1699.0,Low Calorie Balanced Diet,Beginner Cardio + Walking,Needs Improvement,23.4,3.2,2,1.19,189,152,895.0
47,Male,177.0,80.0,25.54,Overweight,Light,Weight Loss,Non-Vegetarian,1676.2,2304.8,1904.8,Low Calorie Balanced Diet,Beginner Cardio + Walking,Needs Improvement,28.2,3.5,3,0.72,171,149,531.0
48,Male,183.0,73.1,21.83,Normal,Active,Maintain Fitness,Vegetarian,1639.8,2828.7,2828.7,Balanced Maintenance Diet,Active Lifestyle Routine,Moderately Fit,28.0,2.8,4,1.05,194,131,681.0
22,Male,168.0,117.3,41.56,Obese,Moderate,Maintain Fitness,Vegetarian,2118.0,3282.9,3282.9,Balanced Maintenance Diet,Active Lifestyle Routine,Needs Improvement,28.5,2.7,3,1.24,172,134,914.0
31,Female,171.0,77.4,26.47,Overweight,Active,Improve Stamina,Eggetarian,1526.8,2633.7,2733.7,High Carb Performance Diet,Cardio Endurance Training,Needs Improvement,26.2,1.8,4,1.26,190,137,863.0
28,Female,167.0,72.9,26.14,Overweight,Moderate,Improve Stamina,Non-Vegetarian,1471.8,2281.3,2381.3,High Carb Performance Diet,Cardio Endurance Training,Needs Improvement,34.7,2.2,3,1.13,197,147,831.0
26,Female,150.0,71.2,31.64,Obese,Sedentary,Weight Loss,Vegetarian,1358.5,1630.2,1230.2,Low Calorie Balanced Diet,Beginner Cardio + Walking,Needs Improvement,34.6,2.6,2,1.15,182,142,816.0
51,Male,162.0,88.2,33.61,Obese,Active,Improve Stamina,Vegan,1644.5,2836.8,2936.8,High Carb Performance Diet,Cardio Endurance Training,Needs Improvement,11.8,3.5,4,1.56,163,133,1027.0
29,Female,180.0,75.6,23.33,Normal,Active,Maintain Fitness,Non-Vegetarian,1575.0,2716.9,2716.9,Balanced Maintenance Diet,Active Lifestyle Routine,Moderately Fit,25.7,1.9,4,1.31,175,149,976.0
52,Female,156.0,57.9,23.79,Normal,Active,Maintain Fitness,Vegan,1133.0,1954.4,1954.4,Balanced Maintenance Diet,Intermediate Cardio + HIIT,Fit,15.8,2.7,4,1.66,166,152,1135.0
52,Female,158.0,70.6,28.28,Overweight,Moderate,Weight Loss,Non-Vegetarian,1272.5,1972.4,1572.4,Low Calorie Balanced Diet,Intermediate Cardio + HIIT,Needs Improvement,34.9,2.0,3,1.02,181,164,753.0
18,Male,164.0,118.6,44.1,Obese,Light,Weight Loss,Vegetarian,2126.0,2923.2,2523.2,Low Calorie Balanced Diet,Beginner Cardio + Walking,Needs Improvement,25.6,2.7,3,0.94,188,134,693.0
57,Male,199.0,55.7,14.07,Underweight,Moderate,Muscle Gain,Vegetarian,1520.8,2357.2,2657.2,High Protein Veg Diet,Moderate Strength Training,Moderately Fit,23.6,3.0,3,1.13,170,126,705.0
39,Male,194.0,102.3,27.18,Overweight,Light,Improve Stamina,Vegetarian,2045.5,2812.6,2912.6,High Carb Performance Diet,Beginner Fitness Routine,Needs Improvement,22.9,2.4,3,0.89,192,134,656.0
46,Male,187.0,72.6,20.76,Normal,Active,Maintain Fitness,Non-Vegetarian,1669.8,2880.4,2880.4,Balanced Maintenance Diet,Intermediate Cardio + HIIT,Moderately Fit,22.6,3.4,4,1.31,188,161,1044.0
25,Female,168.0,63.8,22.6,Normal,Sedentary,Weight Loss,Non-Vegetarian,1402.0,1682.4,1282.4,Low Calorie Balanced Diet,Beginner Cardio + Walking,Needs Improvement,31.6,1.9,2,0.95,198,165,784.0
28,Female,167.0,67.3,24.13,Normal,Light,Muscle Gain,Vegetarian,1415.8,1946.7,2246.7,High Protein Veg Diet,Beginner Fitness Routine,Needs Improvement,29.2,2.3,3,0.61,171,157,479.0
58,Female,158.0,59.3,23.75,Normal,Active,Muscle Gain,Vegetarian,1129.5,1948.4,2248.4,High Protein Veg Diet,Moderate Strength Training,Fit,19.8,2.7,4,1.97,166,165,1463.0
54,Female,157.0,70.7,28.68,Overweight,Light,Weight Loss,Vegan,1257.2,1728.7,1328.7,Low Calorie Balanced Diet,Beginner Cardio + Walking,Needs Improvement,31.8,2.1,3,1.14,198,163,836.0
31,Male,169.0,86.9,30.43,Obese,Active,Maintain Fitness,Eggetarian,1775.2,3062.2,3062.2,Balanced Maintenance Diet,Active Lifestyle Routine,Needs Improvement,14.0,3.5,4,1.72,185,130,1230.0
47,Male,190.0,98.2,27.2,Overweight,Light,Weight Loss,Non-Vegetarian,1939.5,2666.8,2266.8,Low Calorie Balanced Diet,Beginner Cardio + Walking,Needs Improvement,22.9,3.0,3,0.76,199,148,557.0
52,Male,162.0,63.6,24.23,Normal,Active,Muscle Gain,Vegetarian,1393.5,2403.8,2703.8,High Protein Veg Diet,Moderate Strength Training,Moderately Fit,20.8,2.3,4,1.3,168,150,965.0
38,Female,168.0,45.2,16.01,Underweight,Moderate,Maintain Fitness,Vegetarian,1151.0,1784.0,1784.0,Balanced Maintenance Diet,Intermediate Cardio + HIIT,Needs Improvement,29.9,2.4,3,1.01,193,144,727.0
54,Male,162.0,117.2,44.66,Obese,Active,Weight Loss,Vegetarian,1919.5,3311.1,2911.1,Low Calorie Balanced Diet,Intermediate Cardio + HIIT,Needs Improvement,23.1,2.3,4,1.04,172,143,736.0
22,Male,174.0,107.4,35.47,Obese,Sedentary,Weight Loss,Eggetarian,2056.5,2467.8,2067.8,Low Calorie Balanced Diet,Beginner Fitness Routine,Needs Improvement,22.0,2.2,2,1.34,195,138,1017.0
36,Female,178.0,59.1,18.65,Normal,Sedentary,Weight Loss,Vegetarian,1362.5,1635.0,1235.0,Low Calorie Balanced Diet,Beginner Cardio + Walking,Needs Improvement,34.5,2.2,2,0.85,184,121,514.0
31,Female,164.0,53.3,19.82,Normal,Light,Muscle Gain,Non-Vegetarian,1242.0,1707.8,2007.8,High Protein Non-Veg Diet,Beginner Fitness Routine,Needs Improvement,29.4,2.4,3,0.57,183,141,402.0
43,Male,163.0,46.2,17.39,Underweight,Sedentary,Muscle Gain,Vegetarian,1270.8,1525.0,1825.0,High Protein Veg Diet,Beginner Fitness Routine,Needs Improvement,21.7,2.1,2,1.18,176,139,812.0
21,Male,161.0,67.0,25.85,Overweight,Moderate,Maintain Fitness,Non-Vegetarian,1576.2,2443.1,2443.1,Balanced Maintenance Diet,Active Lifestyle Routine,Needs Improvement,22.0,2.1,3,1.32,161,152,1104.0
42,Male,177.0,86.3,27.55,Overweight,Active,Weight Loss,Non-Vegetarian,1764.2,3043.2,2643.2,Low Calorie Balanced Diet,Intermediate Cardio + HIIT,Needs Improvement,11.4,3.5,4,1.77,172,127,1113.0
59,Male,167.0,85.5,30.66,Obese,Very Active,Improve Stamina,Vegan,1608.8,3056.7,3156.7,High Carb Performance Diet,Cardio Endurance Training,Needs Improvement,15.0,3.5,5,1.99,190,144,1418.0
42,Male,187.0,70.2,20.07,Normal,Moderate,Maintain Fitness,Vegetarian,1665.8,2582.0,2582.0,Balanced Maintenance Diet,Intermediate Cardio + HIIT,Moderately Fit,22.7,3.4,3,1.38,188,165,1127.0
35,Male,162.0,127.1,48.43,Obese,Active,Weight Loss,Vegetarian,2113.5,3645.8,3245.8,Low Calorie Balanced Diet,Compound Strength Training,Needs Improvement,23.3,3.4,4,1.02,187,128,718.0
57,Female,167.0,75.6,27.11,Overweight,Moderate,Improve Stamina,Vegetarian,1353.8,2098.4,2198.4,High Carb Performance Diet,Cardio Endurance Training,Needs Improvement,31.6,1.8,3,1.05,186,153,723.0
25,Female,165.0,62.6,22.99,Normal,Light,Weight Loss,Eggetarian,1371.2,1885.4,1485.4,Low Calorie Balanced Diet,Beginner Cardio + Walking,Moderately Fit,27.9,2.2,3,1.2,174,142,852.0
56,Female,153.0,55.7,23.79,Normal,Very Active,Improve Stamina,Vegan,1072.2,2037.2,2137.2,High Carb Performance Diet,Cardio Endurance Training,Fit,16.1,2.7,5,1.91,190,124,1066.0
57,Male,174.0,96.1,31.74,Obese,Moderate,Improve Stamina,Non-Vegetarian,1768.5,2741.2,2841.2,High Carb Performance Diet,Cardio Endurance Training,Needs Improvement,21.6,2.8,3,1.21,199,144,862.0
31,Female,162.0,76.7,29.23,Overweight,Active,Maintain Fitness,Non-Vegetarian,1463.5,2524.5,2524.5,Balanced Maintenance Diet,Active Lifestyle Routine,Needs Improvement,28.1,2.3,4,1.39,174,127,883.0
49,Male,189.0,57.2,16.01,Underweight,Sedentary,Weight Loss,Non-Vegetarian,1513.2,1815.8,1415.8,Low Calorie Balanced Diet,Beginner Cardio + Walking,Needs Improvement,21.1,3.5,2,1.14,192,135,762.0
55,Male,181.0,69.9,21.34,Normal,Active,Muscle Gain,Vegetarian,1560.2,2691.3,2991.3,High Protein Veg Diet,Moderate Strength Training,Moderately Fit,20.2,2.1,4,1.2,179,167,992.0
50,Female,177.0,67.9,21.67,Normal,Moderate,Maintain Fitness,Eggetarian,1374.2,2130.0,2130.0,Balanced Maintenance Diet,Active Lifestyle Routine,Needs Improvement,33.0,2.4,3,1.03,171,164,760.0
40,Male,187.0,87.9,25.14,Overweight,Very Active,Muscle Gain,Vegetarian,1852.8,3520.3,3820.3,High Protein Veg Diet,Progressive Strength Training,Needs Improvement,10.7,3.5,5,1.96,196,134,1445.0
32,Male,198.0,102.8,26.22,Overweight,Moderate,Muscle Gain,Vegetarian,2110.5,3271.3,3571.3,High Protein Veg Diet,Progressive Strength Training,Needs Improvement,27.8,2.8,3,1.24,168,120,818.0
50,Female,150.0,51.8,23.02,Normal,Light,Maintain Fitness,Non-Vegetarian,1044.5,1436.2,1436.2,Balanced Maintenance Diet,Beginner Cardio + Walking,Needs Improvement,33.0,2.2,3,1.32,182,141,838.0
42,Female,157.0,57.7,23.41,Normal,Active,Improve Stamina,Vegetarian,1187.2,2047.9,2147.9,High Carb Performance Diet,Cardio Endurance Training,Fit,17.7,2.7,4,1.83,167,122,1005.0
34,Female,169.0,66.5,23.28,Normal,Light,Weight Loss,Vegetarian,1390.2,1911.5,1511.5,Low Calorie Balanced Diet,Beginner Cardio + Walking,Needs Improvement,28.1,2.3,3,0.81,191,157,636.0
50,Male,161.0,95.4,36.8,Obese,Active,Weight Loss,Non-Vegetarian,1715.2,2958.7,2558.7,Low Calorie Balanced Diet,Moderate Strength Training,Needs Improvement,21.5,3.6,4,1.16,173,133,764.0
19,Female,160.0,69.2,27.03,Overweight,Light,Weight Loss,Vegetarian,1436.0,1974.5,1574.5,Low Calorie Balanced Diet,Beginner Cardio + Walking,Needs Improvement,32.4,1.6,3,1.17,186,155,907.0
31,Female,167.0,66.6,23.88,Normal,Active,Maintain Fitness,Non-Vegetarian,1393.8,2404.3,2404.3,Balanced Maintenance Diet,Active Lifestyle Routine,Needs Improvement,31.0,1.5,4,1.02,184,137,699.0
57,Male,165.0,83.4,30.63,Obese,Active,Weight Loss,Vegetarian,1585.2,2734.5,2334.5,Low Calorie Balanced Diet,Intermediate Cardio + HIIT,Needs Improvement,13.3,3.5,4,1.57,172,166,1290.0
57,Female,175.0,43.8,14.3,Underweight,Sedentary,Weight Loss,Vegetarian,1085.8,1303.0,1200.0,Low Calorie Balanced Diet,Beginner Cardio + Walking,Needs Improvement,25.1,1.7,2,1.39,180,160,1001.0
56,Female,169.0,64.2,22.48,Normal,Very Active,Improve Stamina,Vegetarian,1257.2,2388.7,2488.7,High Carb Performance Diet,Cardio Endurance Training,Fit,19.6,2.7,5,1.99,190,137,1227.0
23,Female,162.0,44.1,16.8,Underweight,Sedentary,Improve Stamina,Vegetarian,1177.5,1413.0,1513.0,High Carb Performance Diet,Beginner Fitness Routine,Needs Improvement,25.7,2.7,2,0.58,196,122,354.0
23,Male,191.0,87.3,23.93,Normal,Very Active,Maintain Fitness,Non-Vegetarian,1956.8,3717.9,3717.9,Balanced Maintenance Diet,Intermediate Cardio + HIIT,Fit,11.8,3.5,5,1.87,164,129,1327.0
20,Male,160.0,55.0,21.48,Normal,Active,Maintain Fitness,Vegetarian,1455.0,2509.9,2509.9,Balanced Maintenance Diet,Active Lifestyle Routine,Moderately Fit,24.0,3.2,4,1.12,172,168,1035.0
24,Male,174.0,87.1,28.77,Overweight,Active,Weight Loss,Non-Vegetarian,1843.5,3180.0,2780.0,Low Calorie Balanced Diet,Compound Strength Training,Needs Improvement,10.0,3.5,4,1.57,187,158,1364.0
25,Male,161.0,66.6,25.69,Overweight,Sedentary,Muscle Gain,Non-Vegetarian,1552.2,1862.6,2162.6,High Protein Non-Veg Diet,Beginner Fitness Routine,Needs Improvement,25.0,3.0,2,1.38,184,166,1260.0
59,Female,176.0,60.4,19.5,Normal,Very Active,Improve Stamina,Non-Vegetarian,1248.0,2371.2,2471.2,High Carb Performance Diet,Cardio Endurance Training,Fit,18.8,2.7,5,1.72,194,120,929.0
32,Male,183.0,126.4,37.74,Obese,Moderate,Weight Loss,Eggetarian,2252.8,3491.8,3091.8,Low Calorie Balanced Diet,Intermediate Cardio + HIIT,Needs Improvement,28.2,2.1,3,1.1,198,146,883.0
46,Male,163.0,88.7,33.38,Obese,Sedentary,Weight Loss,Non-Vegetarian,1680.8,2017.0,1617.0,Low Calorie Balanced Diet,Beginner Fitness Routine,Needs Improvement,28.8,3.5,2,0.75,166,146,542.0
