age,gender,weight_kg,height_m,height_cm,bmi,bmi_category,max_bpm,avg_bpm,resting_bpm,session_duration_h,calories_burned,fat_pct,water_intake_l,workout_freq,workout_type,experience_level,bmr,tdee,inferred_goal,fitness_category,diet_plan,workout_plan
56,Male,88.3,1.71,171.0,30.2,Obese,180,157,60,1.69,1313.0,12.6,3.5,4,Yoga,3,1676.8,2892.5,Weight Loss,Fit,Balanced Maintenance Diet,Active Lifestyle Routine
46,Female,74.9,1.53,153.0,32.0,Obese,179,151,66,1.3,883.0,33.9,2.1,4,HIIT,2,1314.2,2267.0,Weight Loss,Needs Improvement,High Protein Veg Diet,Progressive Strength Training
32,Female,68.1,1.66,166.0,24.71,Normal,167,122,54,1.11,677.0,33.4,2.3,4,Cardio,2,1397.5,2410.7,Improve Stamina,Moderately Fit,High Carb Performance Diet,Cardio Endurance Training
25,Male,53.2,1.7,170.0,18.41,Underweight,190,164,56,0.59,532.0,28.8,2.1,3,Strength,1,1474.5,2285.5,Weight Gain,Needs Improvement,High Protein Non-Veg Diet,Beginner Fitness Routine
38,Male,46.1,1.79,179.0,14.39,Underweight,188,158,68,0.64,556.0,29.2,2.8,3,Strength,1,1394.8,2161.9,Weight Gain,Needs Improvement,High Protein Non-Veg Diet,Beginner Fitness Routine
56,Female,58.0,1.68,168.0,20.55,Normal,168,156,74,1.59,1116.0,15.5,2.7,5,HIIT,3,1189.0,2259.1,Maintain Fitness,Fit,High Protein Veg Diet,Intermediate Cardio + HIIT
36,Male,70.3,1.72,172.0,23.76,Normal,174,169,73,1.49,1385.0,21.3,2.3,3,Cardio,2,1603.0,2484.7,Improve Stamina,Moderately Fit,High Carb Performance Diet,Cardio Endurance Training
40,Female,69.7,1.51,151.0,30.57,Obese,189,141,64,1.27,895.0,30.6,1.9,3,Cardio,2,1279.8,1983.7,Weight Loss,Needs Improvement,Low Calorie Balanced Diet,Cardio Endurance Training
28,Male,121.7,1.94,194.0,32.34,Obese,185,127,52,1.03,719.0,28.9,2.6,4,Strength,2,2294.5,3958.0,Weight Loss,Needs Improvement,High Protein Non-Veg Diet,Progressive Strength Training
28,Male,101.8,1.84,184.0,30.07,Obese,169,136,64,1.08,808.0,29.7,2.7,3,Cardio,1,2033.0,3151.2,Weight Loss,Needs Improvement,Low Calorie Balanced Diet,Beginner Cardio + Walking
41,Male,120.8,1.67,167.0,43.31,Obese,188,146,54,0.82,593.0,20.5,3.0,2,HIIT,1,2051.8,2821.2,Weight Loss,Needs Improvement,High Protein Non-Veg Diet,Intermediate Cardio + HIIT
53,Male,51.7,1.7,170.0,17.89,Underweight,175,152,72,1.15,865.0,23.6,3.5,3,HIIT,2,1319.5,2045.2,Weight Gain,Moderately Fit,High Protein Non-Veg Diet,Progressive Strength Training
57,Male,112.5,1.61,161.0,43.4,Obese,195,165,61,1.24,1013.0,22.1,2.7,3,Cardio,2,1851.2,2869.4,Weight Loss,Needs Improvement,Low Calorie Balanced Diet,Cardio Endurance Training
41,Male,94.5,2.0,200.0,23.62,Normal,179,136,69,1.18,794.0,27.6,3.7,3,HIIT,1,1995.0,3092.2,Maintain Fitness,Moderately Fit,High Protein Non-Veg Diet,Intermediate Cardio + HIIT
20,Male,117.7,1.81,181.0,35.93,Obese,196,161,54,1.35,1195.0,26.4,3.3,3,Yoga,2,2213.2,3430.5,Weight Loss,Needs Improvement,Balanced Maintenance Diet,Active Lifestyle Routine
39,Female,42.5,1.75,175.0,13.88,Underweight,181,131,52,1.13,740.0,26.2,2.1,2,Strength,1,1162.8,1598.8,Weight Gain,Moderately Fit,High Protein Veg Diet,Beginner Fitness Routine
19,Female,64.0,1.53,153.0,27.34,Overweight,166,167,58,1.33,1111.0,29.8,2.3,3,HIIT,2,1340.2,2077.3,Weight Loss,Needs Improvement,High Protein Veg Diet,Progressive Strength Training
41,Female,43.8,1.77,177.0,13.98,Underweight,182,165,58,1.19,884.0,31.9,1.6,3,Cardio,1,1178.2,1826.2,Weight Gain,Needs Improvement,High Carb Performance Diet,Beginner Cardio + Walking
47,Female,66.8,1.75,175.0,21.81,Normal,199,146,56,1.13,742.0,32.8,2.5,3,Strength,2,1365.8,2117.0,Muscle Gain,Moderately Fit,High Protein Veg Diet,Progressive Strength Training
55,Female,75.2,1.67,167.0,26.96,Overweight,188,167,51,1.37,1030.0,25.2,2.2,2,HIIT,1,1359.8,1869.7,Weight Loss,Needs Improvement,High Protein Veg Diet,Intermediate Cardio + HIIT
19,Male,89.0,1.77,177.0,28.41,Overweight,175,127,72,1.5,1048.0,28.9,3.7,4,Strength,2,1906.2,3288.2,Weight Loss,Moderately Fit,High Protein Non-Veg Diet,Progressive Strength Training
38,Male,71.9,1.77,177.0,22.95,Normal,197,142,72,1.12,875.0,25.7,3.1,2,Cardio,1,1640.2,2255.3,Improve Stamina,Moderately Fit,High Carb Performance Diet,Beginner Cardio + Walking
50,Female,71.0,1.68,168.0,25.16,Overweight,187,161,70,1.17,848.0,33.1,2.5,2,Yoga,1,1349.0,1854.9,Weight Loss,Needs Improvement,Balanced Maintenance Diet,Active Lifestyle Routine
29,Male,120.9,1.78,178.0,38.16,Obese,197,168,65,0.78,721.0,28.1,3.4,2,Yoga,1,2181.5,2999.6,Weight Loss,Needs Improvement,Balanced Maintenance Diet,Active Lifestyle Routine
39,Female,64.3,1.69,169.0,22.51,Normal,190,148,58,1.25,925.0,26.9,1.9,4,HIIT,2,1343.2,2317.0,Maintain Fitness,Fit,High Protein Veg Diet,Progressive Strength Training
42,Female,63.7,1.71,171.0,21.78,Normal,173,169,62,1.42,1080.0,26.1,1.8,3,Yoga,2,1334.8,2068.9,Maintain Fitness,Moderately Fit,Balanced Maintenance Diet,Active Lifestyle Routine
44,Male,65.2,1.8,180.0,20.12,Normal,192,139,68,0.73,502.0,27.2,2.7,2,HIIT,1,1562.0,2147.8,Maintain Fitness,Moderately Fit,High Protein Non-Veg Diet,Intermediate Cardio + HIIT
59,Male,53.9,1.75,175.0,17.6,Underweight,168,135,69,1.48,989.0,21.6,2.8,4,Strength,2,1342.8,2316.3,Weight Gain,Fit,High Protein Non-Veg Diet,Progressive Strength Training
45,Male,84.9,1.86,186.0,24.54,Normal,186,136,66,1.64,1104.0,14.2,3.5,5,HIIT,3,1791.5,3403.8,Maintain Fitness,Fit,High Protein Non-Veg Diet,Intermediate Cardio + HIIT
33,Female,78.0,1.68,168.0,27.64,Overweight,183,135,55,1.29,871.0,32.3,1.8,3,HIIT,2,1504.0,2331.2,Weight Loss,Needs Improvement,High Protein Veg Diet,Progressive Strength Training
32,Male,108.2,1.8,180.0,33.4,Obese,172,138,53,1.27,964.0,28.4,3.5,3,HIIT,1,2052.0,3180.6,Weight Loss,Needs Improvement,High Protein Non-Veg Diet,Intermediate Cardio + HIIT
20,Female,65.4,1.52,152.0,28.31,Overweight,185,127,50,1.03,654.0,28.0,2.2,4,Yoga,2,1343.0,2316.7,Weight Loss,Moderately Fit,Balanced Maintenance Diet,Active Lifestyle Routine
54,Female,50.2,1.61,161.0,19.37,Normal,188,157,67,1.48,1046.0,28.2,2.7,2,HIIT,1,1077.2,1481.2,Maintain Fitness,Needs Improvement,High Protein Veg Diet,Intermediate Cardio + HIIT
24,Female,58.9,1.51,151.0,25.83,Overweight,187,157,68,1.04,816.0,31.7,2.5,2,Cardio,1,1251.8,1721.2,Weight Loss,Needs Improvement,Low Calorie Balanced Diet,Beginner Cardio + Walking
38,Male,81.4,1.71,171.0,27.84,Overweight,187,148,58,1.52,1237.0,10.2,3.5,5,HIIT,3,1697.8,3225.8,Weight Loss,Fit,High Protein Non-Veg Diet,Intermediate Cardio + HIIT
26,Male,127.6,1.73,173.0,42.63,Obese,167,160,62,1.32,1162.0,27.3,2.9,3,Strength,1,2232.2,3459.9,Weight Loss,Needs Improvement,High Protein Non-Veg Diet,Beginner Fitness Routine
56,Female,59.3,1.56,156.0,24.37,Normal,182,155,57,1.26,879.0,33.4,2.6,4,Cardio,2,1127.0,1944.1,Improve Stamina,Moderately Fit,High Carb Performance Diet,Cardio Endurance Training
35,Male,96.9,1.71,171.0,33.14,Obese,188,145,72,1.34,1069.0,24.2,2.9,3,Strength,2,1867.8,2895.1,Weight Loss,Needs Improvement,High Protein Non-Veg Diet,Progressive Strength Training
21,Male,62.6,1.81,181.0,19.11,Normal,164,150,62,1.3,1072.0,27.6,3.5,4,Strength,2,1657.2,2858.7,Muscle Gain,Fit,High Protein Non-Veg Diet,Progressive Strength Training
42,Male,45.5,1.6,160.0,17.77,Underweight,166,163,64,1.31,1057.0,21.7,2.6,3,Strength,2,1250.0,1937.5,Weight Gain,Moderately Fit,High Protein Non-Veg Diet,Progressive Strength Training
31,Female,48.8,1.51,151.0,21.4,Normal,195,131,60,1.48,969.0,28.2,2.0,2,Cardio,1,1115.8,1534.2,Improve Stamina,Needs Improvement,High Carb Performance Diet,Beginner Cardio + Walking
26,Female,44.3,1.6,160.0,17.3,Underweight,186,136,61,1.08,734.0,34.7,2.0,3,Cardio,1,1152.0,1785.6,Weight Gain,Needs Improvement,High Carb Performance Diet,Beginner Cardio + Walking
43,Male,113.2,1.83,183.0,33.8,Obese,161,134,63,1.45,962.0,29.9,2.9,4,Yoga,2,2065.8,3563.5,Weight Loss,Needs Improvement,Balanced Maintenance Diet,Active Lifestyle Routine
19,Female,60.5,1.59,159.0,23.93,Normal,184,128,53,1.14,730.0,30.1,2.2,2,Cardio,1,1342.8,1846.3,Improve Stamina,Needs Improvement,High Carb Performance Diet,Beginner Cardio + Walking
37,Male,124.2,1.76,176.0,40.1,Obese,168,158,50,1.5,1304.0,29.3,2.8,2,HIIT,1,2162.0,2972.8,Weight Loss,Needs Improvement,High Protein Non-Veg Diet,Intermediate Cardio + HIIT
45,Male,52.4,1.85,185.0,15.31,Underweight,186,161,73,1.2,956.0,25.2,2.5,3,Strength,1,1460.2,2263.3,Weight Gain,Moderately Fit,High Protein Non-Veg Diet,Beginner Fitness Routine
24,Male,54.7,1.74,174.0,18.07,Underweight,160,167,53,0.84,772.0,22.9,3.6,3,Yoga,1,1519.5,2355.2,Weight Gain,Moderately Fit,Balanced Maintenance Diet,Active Lifestyle Routine
25,Male,88.1,1.95,195.0,23.17,Normal,182,131,68,1.41,1016.0,22.7,3.0,2,Cardio,1,1979.8,2722.2,Improve Stamina,Moderately Fit,High Carb Performance Diet,Beginner Cardio + Walking
52,Female,59.7,1.71,171.0,20.42,Normal,169,151,58,1.23,836.0,34.3,2.0,3,Strength,1,1244.8,1929.4,Muscle Gain,Needs Improvement,High Protein Veg Diet,Beginner Fitness Routine
31,Female,79.7,1.54,154.0,33.61,Obese,184,144,59,1.03,742.0,26.7,2.3,4,Cardio,2,1443.5,2490.0,Weight Loss,Moderately Fit,Low Calorie Balanced Diet,Cardio Endurance Training
34,Female,51.0,1.62,162.0,19.43,Normal,162,158,53,1.42,1122.0,30.8,2.4,3,Yoga,2,1191.5,1846.8,Maintain Fitness,Moderately Fit,Balanced Maintenance Diet,Active Lifestyle Routine
53,Male,84.2,1.76,176.0,27.18,Overweight,165,137,69,1.67,1133.0,12.8,3.5,5,Cardio,3,1682.0,3195.8,Weight Loss,Fit,Low Calorie Balanced Diet,Cardio Endurance Training
57,Male,122.1,1.89,189.0,34.18,Obese,165,134,58,1.13,750.0,27.4,3.6,3,Cardio,1,2122.2,3289.4,Weight Loss,Needs Improvement,Low Calorie Balanced Diet,Beginner Cardio + Walking
21,Male,96.7,1.72,172.0,32.69,Obese,161,151,62,1.26,1046.0,25.0,2.8,3,Strength,1,1942.0,3010.1,Weight Loss,Needs Improvement,High Protein Non-Veg Diet,Beginner Fitness Routine
19,Female,73.0,1.79,179.0,22.78,Normal,177,125,61,0.81,506.0,27.7,1.6,3,HIIT,1,1592.8,2468.8,Maintain Fitness,Moderately Fit,High Protein Veg Diet,Intermediate Cardio + HIIT
23,Male,114.8,1.6,160.0,44.84,Obese,182,163,60,1.47,1318.0,21.7,2.7,4,Cardio,2,2038.0,3515.6,Weight Loss,Moderately Fit,Low Calorie Balanced Diet,Cardio Endurance Training
59,Female,65.5,1.52,152.0,28.35,Overweight,161,162,61,1.4,1021.0,31.2,2.1,3,Yoga,2,1149.0,1781.0,Weight Loss,Needs Improvement,Balanced Maintenance Diet,Active Lifestyle Routine
21,Female,50.3,1.52,152.0,21.77,Normal,171,154,67,1.08,832.0,32.2,2.6,3,Cardio,1,1187.0,1839.9,Improve Stamina,Needs Improvement,High Carb Performance Diet,Beginner Cardio + Walking
46,Female,61.0,1.71,171.0,20.86,Normal,181,153,61,1.67,1150.0,17.8,2.7,4,Cardio,3,1287.8,2221.5,Improve Stamina,Fit,High Carb Performance Diet,Cardio Endurance Training
35,Female,44.6,1.62,162.0,16.99,Underweight,196,157,65,0.56,440.0,32.4,2.0,2,HIIT,1,1122.5,1543.4,Weight Gain,Needs Improvement,High Protein Veg Diet,Intermediate Cardio + HIIT
43,Female,58.2,1.61,161.0,22.45,Normal,179,124,54,1.04,580.0,26.4,2.6,3,Strength,2,1212.2,1878.9,Muscle Gain,Moderately Fit,High Protein Veg Diet,Progressive Strength Training
51,Female,44.8,1.63,163.0,16.86,Underweight,198,137,69,1.08,666.0,33.8,2.1,4,Yoga,2,1050.8,1812.6,Weight Gain,Moderately Fit,Balanced Maintenance Diet,Active Lifestyle Routine
27,Male,87.5,1.63,163.0,32.93,Obese,183,135,74,1.75,1299.0,12.9,3.5,5,Strength,3,1763.8,3351.2,Weight Loss,Fit,High Protein Non-Veg Diet,Compound Strength Training
53,Male,51.8,1.74,174.0,17.11,Underweight,179,127,61,1.23,773.0,21.3,3.7,3,Strength,2,1345.5,2085.5,Weight Gain,Moderately Fit,High Protein Non-Veg Diet,Progressive Strength Training
31,Female,64.4,1.7,170.0,22.28,Normal,160,144,70,1.97,1418.0,17.3,2.7,5,Strength,3,1390.5,2641.9,Muscle Gain,Fit,High Protein Veg Diet,Compound Strength Training
48,Female,67.1,1.61,161.0,25.89,Overweight,160,151,74,0.62,421.0,33.4,1.5,2,Cardio,1,1276.2,1754.8,Weight Loss,Needs Improvement,Low Calorie Balanced Diet,Beginner Cardio + Walking
32,Male,85.9,1.6,160.0,33.55,Obese,176,145,60,1.99,1587.0,14.5,3.5,5,HIIT,3,1704.0,3237.6,Weight Loss,Fit,High Protein Non-Veg Diet,Intermediate Cardio + HIIT
25,Female,65.4,1.77,177.0,20.88,Normal,160,141,58,0.89,627.0,27.6,2.6,3,Cardio,1,1474.2,2285.0,Improve Stamina,Moderately Fit,High Carb Performance Diet,Beginner Cardio + Walking
31,Female,61.1,1.76,176.0,19.72,Normal,189,150,67,1.81,1358.0,18.6,2.7,4,Yoga,3,1395.0,2406.4,Maintain Fitness,Fit,Balanced Maintenance Diet,Active Lifestyle Routine
40,Male,106.5,1.65,165.0,39.12,Obese,162,162,74,1.32,1176.0,21.0,3.6,4,HIIT,2,1901.2,3279.6,Weight Loss,Moderately Fit,High Protein Non-Veg Diet,Progressive Strength Training
57,Female,64.0,1.52,152.0,27.7,Overweight,170,129,52,1.73,1004.0,15.2,2.7,5,Strength,3,1144.0,2173.6,Weight Loss,Fit,High Protein Veg Diet,Compound Strength Training
38,Female,61.4,1.54,154.0,25.89,Overweight,183,131,69,1.47,963.0,30.6,2.7,3,HIIT,2,1225.5,1899.5,Weight Loss,Needs Improvement,High Protein Veg Diet,Progressive Strength Training
33,Female,40.5,1.63,163.0,15.24,Underweight,181,147,66,1.07,786.0,31.9,1.5,4,Yoga,2,1097.8,1893.7,Weight Gain,Moderately Fit,Balanced Maintenance Diet,Active Lifestyle Routine
35,Male,70.1,1.79,179.0,21.88,Normal,185,125,63,1.08,743.0,28.0,2.3,3,Cardio,2,1649.8,2557.2,Improve Stamina,Moderately Fit,High Carb Performance Diet,Cardio Endurance Training
41,Male,94.1,1.62,162.0,35.86,Obese,172,139,50,1.13,777.0,23.4,3.1,4,Cardio,2,1753.5,3024.8,Weight Loss,Moderately Fit,Low Calorie Balanced Diet,Cardio Endurance Training
43,Male,55.5,1.82,182.0,16.76,Underweight,160,124,66,1.08,663.0,20.1,2.0,3,Strength,1,1482.5,2297.9,Weight Gain,Moderately Fit,High Protein Non-Veg Diet,Beginner Fitness Routine
42,Female,53.7,1.72,172.0,18.15,Underweight,183,142,74,1.37,875.0,29.8,1.6,3,Cardio,1,1241.0,1923.5,Weight Gain,Needs Improvement,High Carb Performance Diet,Beginner Cardio + Walking
58,Female,66.1,1.75,175.0,21.58,Normal,169,128,57,0.63,363.0,25.2,1.8,2,Cardio,1,1303.8,1792.7,Improve Stamina,Moderately Fit,High Carb Performance Diet,Beginner Cardio + Walking
46,Male,103.9,1.77,177.0,33.16,Obese,194,148,54,1.18,864.0,20.9,2.9,2,Yoga,1,1920.2,2640.3,Weight Loss,Needs Improvement,Balanced Maintenance Diet,Active Lifestyle Routine
32,Female,61.7,1.58,158.0,24.72,Normal,183,135,54,1.87,1262.0,16.6,2.7,5,HIIT,3,1283.5,2438.7,Maintain Fitness,Fit,High Protein Veg Diet,Intermediate Cardio + HIIT
18,Female,52.3,1.74,174.0,17.27,Underweight,187,165,58,1.2,990.0,29.4,2.2,2,Cardio,1,1359.5,1869.3,Weight Gain,Needs Improvement,High Carb Performance Diet,Beginner Cardio + Walking
42,Female,59.5,1.74,174.0,19.65,Normal,195,141,52,1.78,1129.0,16.4,2.7,5,Yoga,3,1311.5,2491.8,Maintain Fitness,Fit,Balanced Maintenance Diet,Active Lifestyle Routine
24,Female,72.9,1.76,176.0,23.53,Normal,175,127,68,0.86,546.0,30.8,1.5,3,Yoga,1,1548.0,2399.4,Maintain Fitness,Needs Improvement,Balanced Maintenance Diet,Active Lifestyle Routine
26,Female,76.7,1.63,163.0,28.87,Overweight,199,139,72,1.08,751.0,25.6,1.7,2,Strength,1,1494.8,2055.3,Weight Loss,Needs Improvement,High Protein Veg Diet,Beginner Fitness Routine
41,Male,72.1,1.83,183.0,21.53,Normal,175,133,58,1.13,744.0,21.4,2.8,3,Yoga,2,1664.8,2580.4,Maintain Fitness,Moderately Fit,Balanced Maintenance Diet,Active Lifestyle Routine
18,Female,54.8,1.68,168.0,19.42,Normal,176,158,71,1.27,1003.0,32.0,2.2,4,Strength,2,1347.0,2323.6,Muscle Gain,Moderately Fit,High Protein Veg Diet,Progressive Strength Training
25,Male,105.0,1.88,188.0,29.71,Overweight,174,156,67,1.34,1150.0,21.4,2.3,3,Cardio,2,2105.0,3262.8,Weight Loss,Moderately Fit,Low Calorie Balanced Diet,Cardio Endurance Training
41,Female,55.0,1.55,155.0,22.89,Normal,175,169,65,1.45,1103.0,31.4,2.0,4,Strength,2,1152.8,1988.6,Muscle Gain,Moderately Fit,High Protein Veg Diet,Progressive Strength Training
28,Male,81.6,1.66,166.0,29.61,Overweight,174,153,50,1.09,917.0,20.5,3.5,4,Yoga,2,1718.5,2964.4,Weight Loss,Moderately Fit,Balanced Maintenance Diet,Active Lifestyle Routine
34,Female,75.6,1.6,160.0,29.53,Overweight,193,130,51,0.64,416.0,29.1,2.7,2,HIIT,1,1425.0,1959.4,Weight Loss,Needs Improvement,High Protein Veg Diet,Intermediate Cardio + HIIT
25,Male,81.5,1.61,161.0,31.44,Obese,170,159,63,1.93,1688.0,10.9,3.5,4,HIIT,3,1701.2,2934.6,Weight Loss,Fit,High Protein Non-Veg Diet,Intermediate Cardio + HIIT
52,Female,61.5,1.69,169.0,21.53,Normal,160,152,63,1.8,1231.0,15.5,2.7,4,Cardio,3,1250.2,2156.6,Improve Stamina,Fit,High Carb Performance Diet,Cardio Endurance Training
52,Male,74.0,1.63,163.0,27.85,Overweight,174,150,50,1.26,936.0,25.7,3.7,3,Cardio,2,1503.8,2330.9,Weight Loss,Moderately Fit,Low Calorie Balanced Diet,Cardio Endurance Training
50,Female,56.4,1.59,159.0,22.31,Normal,185,163,74,1.26,924.0,34.3,2.6,3,HIIT,1,1146.8,1777.5,Maintain Fitness,Needs Improvement,High Protein Veg Diet,Intermediate Cardio + HIIT
22,Male,102.6,1.84,184.0,30.3,Obese,163,153,65,1.25,1052.0,20.5,2.7,3,Strength,2,2071.0,3210.1,Weight Loss,Needs Improvement,High Protein Non-Veg Diet,Progressive Strength Training
59,Female,54.6,1.57,157.0,22.15,Normal,164,169,64,0.58,441.0,29.2,2.3,3,Cardio,1,1071.2,1660.4,Improve Stamina,Needs Improvement,High Carb Performance Diet,Beginner Cardio + Walking
56,Male,129.0,1.78,178.0,40.71,Obese,194,126,64,1.29,805.0,27.1,2.7,2,Yoga,1,2127.5,2925.3,Weight Loss,Needs Improvement,Balanced Maintenance Diet,Active Lifestyle Routine
58,Male,103.5,1.66,166.0,37.56,Obese,172,168,61,1.33,1106.0,24.6,3.1,3,Cardio,1,1787.5,2770.6,Weight Loss,Needs Improvement,Low Calorie Balanced Diet,Beginner Cardio + Walking
45,Female,59.4,1.51,151.0,26.05,Overweight,169,142,65,1.15,735.0,33.1,1.9,4,Strength,2,1151.8,1986.9,Weight Loss,Moderately Fit,High Protein Veg Diet,Progressive Strength Training
24,Female,60.1,1.79,179.0,18.76,Normal,170,165,63,1.97,1625.0,15.9,2.7,4,Cardio,3,1438.8,2481.9,Improve Stamina,Fit,High Carb Performance Diet,Cardio Endurance Training
26,Male,77.7,1.62,162.0,29.61,Overweight,177,126,73,1.16,804.0,29.6,3.0,3,Yoga,2,1664.5,2580.0,Weight Loss,Needs Improvement,Balanced Maintenance Diet,Active Lifestyle Routine
25,Female,41.2,1.62,162.0,15.7,Underweight,193,144,64,1.49,1073.0,28.9,2.1,4,Yoga,2,1138.5,1963.9,Weight Gain,Moderately Fit,Balanced Maintenance Diet,Active Lifestyle Routine
29,Male,58.6,1.61,161.0,22.61,Normal,198,122,72,1.2,805.0,23.4,2.0,3,Yoga,2,1452.2,2250.9,Maintain Fitness,Moderately Fit,Balanced Maintenance Diet,Active Lifestyle Routine
51,Male,109.3,1.78,178.0,34.5,Obese,182,157,64,0.54,420.0,28.7,3.3,3,Strength,1,1955.5,3031.0,Weight Loss,Needs Improvement,High Protein Non-Veg Diet,Beginner Fitness Routine
50,Male,69.6,1.96,196.0,18.12,Underweight,166,139,68,0.97,667.0,25.6,2.0,3,Strength,1,1676.0,2597.8,Weight Gain,Moderately Fit,High Protein Non-Veg Diet,Beginner Fitness Routine
40,Female,56.2,1.79,179.0,17.54,Underweight,198,153,57,1.79,1369.0,17.6,2.7,5,Yoga,3,1319.8,2507.6,Weight Gain,Fit,Balanced Maintenance Diet,Active Lifestyle Routine
41,Male,71.7,1.96,196.0,18.66,Normal,162,168,51,0.51,424.0,27.3,2.5,2,Yoga,1,1742.0,2395.2,Maintain Fitness,Moderately Fit,Balanced Maintenance Diet,Active Lifestyle Routine
54,Male,86.0,1.93,193.0,23.09,Normal,171,163,51,1.74,1404.0,12.9,3.5,5,Strength,3,1801.2,3422.3,Muscle Gain,Fit,High Protein Non-Veg Diet,Compound Strength Training
52,Female,79.4,1.59,159.0,31.41,Obese,166,163,59,1.39,1020.0,26.6,1.5,3,Strength,2,1366.8,2118.5,Weight Loss,Needs Improvement,High Protein Veg Diet,Progressive Strength Training
57,Female,78.4,1.62,162.0,29.87,Overweight,185,149,52,1.01,677.0,31.7,2.0,4,Strength,2,1350.5,2329.6,Weight Loss,Moderately Fit,High Protein Veg Diet,Progressive Strength Training
39,Female,55.4,1.6,160.0,21.64,Normal,192,136,72,1.44,979.0,26.3,1.6,3,HIIT,2,1198.0,1856.9,Maintain Fitness,Moderately Fit,High Protein Veg Diet,Progressive Strength Training
44,Female,61.7,1.55,155.0,25.68,Overweight,196,129,66,1.41,819.0,33.1,2.6,4,Strength,2,1204.8,2078.3,Weight Loss,Moderately Fit,High Protein Veg Diet,Progressive Strength Training
52,Male,85.5,1.82,182.0,25.81,Overweight,174,154,57,1.78,1357.0,14.9,3.5,4,Yoga,3,1737.5,2997.2,Weight Loss,Fit,Balanced Maintenance Diet,Active Lifestyle Routine
18,Male,87.6,1.93,193.0,23.52,Normal,161,139,72,1.72,1315.0,11.9,3.5,4,HIIT,3,1997.2,3445.2,Maintain Fitness,Fit,High Protein Non-Veg Diet,Intermediate Cardio + HIIT
52,Male,82.4,1.72,172.0,27.85,Overweight,166,137,53,1.01,685.0,24.4,2.7,4,Strength,2,1644.0,2835.9,Weight Loss,Moderately Fit,High Protein Non-Veg Diet,Progressive Strength Training
54,Male,67.0,1.68,168.0,23.74,Normal,191,164,63,0.55,446.0,20.5,2.8,3,Yoga,1,1455.0,2255.2,Maintain Fitness,Moderately Fit,Balanced Maintenance Diet,Active Lifestyle Routine
31,Female,42.3,1.6,160.0,16.52,Underweight,163,163,70,1.09,888.0,25.1,1.9,3,Cardio,2,1107.0,1715.9,Weight Gain,Moderately Fit,High Carb Performance Diet,Cardio Endurance Training
20,Male,82.7,1.99,199.0,20.88,Normal,179,146,59,1.69,1357.0,14.6,3.5,5,HIIT,3,1975.8,3754.0,Maintain Fitness,Fit,High Protein Non-Veg Diet,Intermediate Cardio + HIIT
18,Male,92.4,1.74,174.0,30.52,Obese,195,168,50,1.41,1303.0,21.3,3.1,2,Yoga,1,1926.5,2648.9,Weight Loss,Needs Improvement,Balanced Maintenance Diet,Active Lifestyle Routine
22,Female,63.2,1.54,154.0,26.65,Overweight,191,155,53,1.02,790.0,29.5,2.4,4,Cardio,2,1323.5,2283.0,Weight Loss,Moderately Fit,Low Calorie Balanced Diet,Cardio Endurance Training
43,Male,82.7,1.85,185.0,24.16,Normal,187,142,50,1.22,858.0,28.2,3.1,4,Yoga,2,1773.2,3058.8,Maintain Fitness,Moderately Fit,Balanced Maintenance Diet,Active Lifestyle Routine
31,Male,86.6,1.76,176.0,27.96,Overweight,172,151,66,1.29,1071.0,28.9,3.3,3,Strength,2,1816.0,2814.8,Weight Loss,Needs Improvement,High Protein Non-Veg Diet,Progressive Strength Training
56,Male,129.5,1.95,195.0,34.06,Obese,160,129,66,1.0,639.0,25.2,3.5,2,Strength,1,2238.8,3078.4,Weight Loss,Needs Improvement,High Protein Non-Veg Diet,Beginner Fitness Routine
44,Male,98.0,1.83,183.0,29.26,Overweight,194,130,56,1.28,824.0,25.7,3.5,4,Cardio,2,1908.8,3292.7,Weight Loss,Moderately Fit,Low Calorie Balanced Diet,Cardio Endurance Training
26,Male,86.2,1.68,168.0,30.54,Obese,189,157,72,1.97,1701.0,13.3,3.5,5,Strength,3,1787.0,3395.3,Weight Loss,Fit,High Protein Non-Veg Diet,Compound Strength Training
32,Male,78.6,1.62,162.0,29.95,Overweight,195,125,69,1.28,880.0,29.6,3.1,3,Yoga,1,1643.5,2547.4,Weight Loss,Needs Improvement,Balanced Maintenance Diet,Active Lifestyle Routine
32,Female,59.0,1.66,166.0,21.41,Normal,184,160,64,0.51,408.0,31.0,1.8,2,Cardio,1,1306.5,1796.4,Improve Stamina,Needs Improvement,High Carb Performance Diet,Beginner Cardio + Walking
43,Female,57.3,1.79,179.0,17.88,Underweight,175,166,62,1.98,1479.0,17.8,2.7,4,Yoga,3,1315.8,2269.8,Weight Gain,Fit,Balanced Maintenance Diet,Active Lifestyle Routine
59,Male,122.3,1.89,189.0,34.24,Obese,178,153,51,0.66,500.0,20.1,3.1,3,Yoga,1,2114.2,3277.0,Weight Loss,Needs Improvement,Balanced Maintenance Diet,Active Lifestyle Routine
30,Male,85.3,1.95,195.0,22.43,Normal,160,155,68,1.61,1373.0,10.4,3.5,5,Yoga,3,1926.8,3660.9,Maintain Fitness,Fit,Balanced Maintenance Diet,Active Lifestyle Routine
49,Female,45.2,1.74,174.0,14.93,Underweight,164,156,73,1.24,870.0,30.8,2.1,3,Strength,2,1133.5,1756.9,Weight Gain,Moderately Fit,High Protein Veg Diet,Progressive Strength Training
56,Male,55.6,1.92,192.0,15.08,Underweight,181,136,62,0.68,458.0,29.4,3.2,3,Strength,1,1481.0,2295.6,Weight Gain,Needs Improvement,High Protein Non-Veg Diet,Beginner Fitness Routine
49,Male,82.8,1.95,195.0,21.78,Normal,183,159,73,1.91,1503.0,14.3,3.5,5,Yoga,3,1806.8,3432.9,Maintain Fitness,Fit,Balanced Maintenance Diet,Active Lifestyle Routine
21,Male,125.2,1.66,166.0,45.43,Obese,196,159,60,1.38,1207.0,29.8,3.4,3,HIIT,2,2189.5,3393.7,Weight Loss,Needs Improvement,High Protein Non-Veg Diet,Progressive Strength Training
47,Female,58.5,1.79,179.0,18.26,Underweight,195,131,71,1.42,837.0,30.3,2.4,4,Yoga,2,1307.8,2256.0,Weight Gain,Moderately Fit,Balanced Maintenance Diet,Active Lifestyle Routine
54,Male,86.1,1.95,195.0,22.64,Normal,195,140,64,1.17,811.0,27.9,3.4,2,Yoga,1,1814.8,2495.3,Maintain Fitness,Moderately Fit,Balanced Maintenance Diet,Active Lifestyle Routine
40,Female,63.5,1.61,161.0,24.5,Normal,163,159,59,1.31,1041.0,33.4,1.6,3,Cardio,2,1280.2,1984.3,Improve Stamina,Moderately Fit,High Carb Performance Diet,Cardio Endurance Training
56,Male,69.3,1.68,168.0,24.55,Normal,195,138,58,0.66,451.0,26.5,2.1,2,Yoga,1,1468.0,2018.5,Maintain Fitness,Moderately Fit,Balanced Maintenance Diet,Active Lifestyle Routine
32,Female,70.5,1.62,162.0,26.86,Overweight,177,122,58,1.24,756.0,28.4,1.8,2,Strength,1,1396.5,1920.2,Weight Loss,Needs Improvement,High Protein Veg Diet,Beginner Fitness Routine
46,Female,60.1,1.65,165.0,22.08,Normal,175,137,69,1.69,1042.0,17.3,2.7,4,Cardio,3,1241.2,2141.1,Improve Stamina,Fit,High Carb Performance Diet,Cardio Endurance Training
53,Male,94.1,1.95,195.0,24.75,Normal,177,138,50,0.89,608.0,28.6,3.5,3,HIIT,1,1899.8,2944.7,Maintain Fitness,Needs Improvement,High Protein Non-Veg Diet,Intermediate Cardio + HIIT
30,Female,79.2,1.62,162.0,30.18,Obese,181,166,66,1.26,1046.0,28.0,2.5,4,Cardio,2,1493.5,2576.3,Weight Loss,Needs Improvement,Low Calorie Balanced Diet,Cardio Endurance Training
49,Male,115.3,1.91,191.0,31.61,Obese,161,125,61,1.38,854.0,29.2,3.2,2,HIIT,1,2106.8,2896.9,Weight Loss,Needs Improvement,High Protein Non-Veg Diet,Intermediate Cardio + HIIT
24,Female,62.9,1.79,179.0,19.63,Normal,180,135,59,1.42,958.0,27.3,2.3,4,Cardio,2,1466.8,2530.2,Improve Stamina,Fit,High Carb Performance Diet,Cardio Endurance Training
39,Male,62.0,1.64,164.0,23.05,Normal,195,127,54,0.97,678.0,27.5,3.2,3,Cardio,1,1455.0,2255.2,Improve Stamina,Moderately Fit,High Carb Performance Diet,Beginner Cardio + Walking
45,Male,88.5,1.78,178.0,27.93,Overweight,198,167,67,1.53,1265.0,13.2,3.5,4,HIIT,3,1777.5,3066.2,Weight Loss,Fit,High Protein Non-Veg Diet,Intermediate Cardio + HIIT
19,Female,73.9,1.77,177.0,23.59,Normal,198,137,64,1.28,877.0,32.5,2.6,3,Strength,2,1589.2,2463.3,Muscle Gain,Moderately Fit,High Protein Veg Diet,Progressive Strength Training
59,Male,50.3,1.95,195.0,13.23,Underweight,188,167,55,1.07,885.0,24.4,3.4,3,Strength,1,1431.8,2219.3,Weight Gain,Moderately Fit,High Protein Non-Veg Diet,Beginner Fitness Routine
23,Male,83.1,1.8,180.0,25.65,Overweight,185,162,56,0.7,624.0,29.3,3.1,3,Strength,1,1846.0,2861.3,Weight Loss,Needs Improvement,High Protein Non-Veg Diet,Beginner Fitness Routine
45,Female,65.1,1.78,178.0,20.55,Normal,180,158,66,1.46,1038.0,31.3,2.3,3,Cardio,1,1377.5,2135.1,Improve Stamina,Needs Improvement,High Carb Performance Diet,Beginner Cardio + Walking
45,Male,46.6,1.79,179.0,14.54,Underweight,176,168,55,1.46,1214.0,22.9,2.4,3,Yoga,2,1364.8,2115.4,Weight Gain,Moderately Fit,Balanced Maintenance Diet,Active Lifestyle Routine
37,Male,103.5,1.89,189.0,28.97,Overweight,175,168,57,0.54,499.0,26.4,3.1,2,Cardio,1,2036.2,2799.8,Weight Loss,Needs Improvement,Low Calorie Balanced Diet,Beginner Cardio + Walking
47,Female,61.9,1.54,154.0,26.1,Overweight,190,131,61,1.95,1150.0,16.4,2.7,4,Yoga,3,1185.5,2045.0,Weight Loss,Fit,Balanced Maintenance Diet,Active Lifestyle Routine
28,Female,52.0,1.61,161.0,20.06,Normal,168,164,70,1.32,1082.0,27.9,2.0,3,Yoga,2,1225.2,1899.1,Maintain Fitness,Moderately Fit,Balanced Maintenance Diet,Active Lifestyle Routine
45,Male,113.4,1.71,171.0,38.78,Obese,190,129,63,0.83,530.0,24.0,2.3,2,Strength,1,1982.8,2726.3,Weight Loss,Needs Improvement,High Protein Non-Veg Diet,Beginner Fitness Routine
42,Male,62.9,1.98,198.0,16.04,Underweight,173,126,61,1.42,886.0,28.5,3.4,4,Yoga,2,1661.5,2866.1,Weight Gain,Moderately Fit,Balanced Maintenance Diet,Active Lifestyle Routine
56,Female,40.4,1.8,180.0,12.47,Underweight,196,165,72,1.23,913.0,30.0,2.1,4,Cardio,2,1088.0,1876.8,Weight Gain,Moderately Fit,High Carb Performance Diet,Cardio Endurance Training
50,Female,67.1,1.75,175.0,21.91,Normal,161,120,59,0.67,362.0,31.8,2.7,3,Cardio,1,1353.8,2098.4,Improve Stamina,Needs Improvement,High Carb Performance Diet,Beginner Cardio + Walking
18,Male,70.0,1.61,161.0,27.01,Overweight,173,168,71,1.3,1201.0,23.9,2.5,2,Strength,1,1621.2,2229.2,Weight Loss,Needs Improvement,High Protein Non-Veg Diet,Beginner Fitness Routine
44,Female,69.5,1.75,175.0,22.69,Normal,192,155,69,1.02,711.0,27.6,2.1,3,HIIT,1,1407.8,2182.1,Maintain Fitness,Moderately Fit,High Protein Veg Diet,Intermediate Cardio + HIIT
30,Male,107.9,1.66,166.0,39.16,Obese,194,140,64,1.08,832.0,29.5,2.8,3,Cardio,2,1971.5,3055.8,Weight Loss,Needs Improvement,Low Calorie Balanced Diet,Cardio Endurance Training
58,Male,109.0,1.91,191.0,29.88,Overweight,198,156,56,1.49,1151.0,26.0,2.2,3,Yoga,2,1998.8,3098.1,Weight Loss,Moderately Fit,Balanced Maintenance Diet,Active Lifestyle Routine
20,Male,101.0,1.91,191.0,27.69,Overweight,179,143,58,1.36,1070.0,29.3,2.7,3,Cardio,2,2108.8,3268.6,Weight Loss,Needs Improvement,Low Calorie Balanced Diet,Cardio Endurance Training
56,Male,88.5,1.85,185.0,25.86,Overweight,161,144,59,1.57,1119.0,11.0,3.5,4,Cardio,3,1766.2,3046.7,Weight Loss,Fit,Low Calorie Balanced Diet,Cardio Endurance Training
23,Male,80.9,1.8,180.0,24.97,Normal,178,126,59,1.55,1074.0,10.7,3.5,4,Cardio,3,1824.0,3146.4,Improve Stamina,Fit,High Carb Performance Diet,Cardio Endurance Training
25,Female,43.1,1.62,162.0,16.42,Underweight,196,161,65,1.04,837.0,33.6,1.8,4,HIIT,2,1157.5,1996.7,Weight Gain,Moderately Fit,High Protein Veg Diet,Progressive Strength Training
44,Female,59.1,1.52,152.0,25.58,Overweight,177,136,56,1.58,967.0,18.4,2.7,5,Yoga,3,1160.0,2204.0,Weight Loss,Fit,Balanced Maintenance Diet,Active Lifestyle Routine
26,Female,54.0,1.53,153.0,23.07,Normal,175,148,54,1.14,844.0,26.9,1.7,3,Strength,1,1205.2,1868.1,Muscle Gain,Moderately Fit,High Protein Veg Diet,Beginner Fitness Routine
54,Female,72.3,1.78,178.0,22.82,Normal,163,149,72,1.27,852.0,27.7,1.8,2,Cardio,1,1404.5,1931.2,Improve Stamina,Moderately Fit,High Carb Performance Diet,Beginner Cardio + Walking
50,Male,51.1,1.98,198.0,13.03,Underweight,171,126,52,0.92,574.0,28.0,2.4,2,Yoga,1,1503.5,2067.3,Weight Gain,Needs Improvement,Balanced Maintenance Diet,Active Lifestyle Routine
59,Male,89.4,1.72,172.0,30.22,Obese,188,152,67,1.08,813.0,24.5,3.2,3,Yoga,1,1679.0,2602.5,Weight Loss,Needs Improvement,Balanced Maintenance Diet,Active Lifestyle Routine
41,Male,51.5,1.8,180.0,15.9,Underweight,166,126,60,1.09,680.0,26.7,2.1,4,Strength,2,1440.0,2484.0,Weight Gain,Fit,High Protein Non-Veg Diet,Progressive Strength Training
32,Male,87.9,1.88,188.0,24.87,Normal,173,143,64,1.52,1195.0,11.6,3.5,5,Cardio,3,1899.0,3608.1,Improve Stamina,Fit,High Carb Performance Diet,Cardio Endurance Training
49,Female,42.0,1.52,152.0,18.18,Underweight,171,130,70,1.1,644.0,28.8,2.2,3,HIIT,1,964.0,1494.2,Weight Gain,Needs Improvement,High Protein Veg Diet,Intermediate Cardio + HIIT
49,Male,79.2,1.72,172.0,26.77,Overweight,194,128,69,1.46,925.0,29.9,3.3,3,Yoga,1,1627.0,2521.8,Weight Loss,Needs Improvement,Balanced Maintenance Diet,Active Lifestyle Routine
41,Male,64.8,1.71,171.0,22.16,Normal,164,131,54,1.2,778.0,22.5,2.8,3,Strength,2,1516.8,2351.0,Muscle Gain,Moderately Fit,High Protein Non-Veg Diet,Progressive Strength Training
58,Female,63.0,1.78,178.0,19.88,Normal,176,154,73,1.58,1095.0,17.5,2.7,4,HIIT,3,1291.5,2227.8,Maintain Fitness,Fit,High Protein Veg Diet,Intermediate Cardio + HIIT
29,Female,56.2,1.77,177.0,17.94,Underweight,191,123,61,0.68,418.0,33.4,2.6,3,Yoga,1,1362.2,2111.4,Weight Gain,Needs Improvement,Balanced Maintenance Diet,Active Lifestyle Routine
56,Female,52.9,1.64,164.0,19.67,Normal,169,155,53,1.1,767.0,27.4,2.3,3,Cardio,2,1113.0,1725.2,Improve Stamina,Moderately Fit,High Carb Performance Diet,Cardio Endurance Training
19,Female,49.0,1.69,169.0,17.16,Underweight,176,147,64,1.05,772.0,29.2,2.4,3,Yoga,1,1290.2,1999.8,Weight Gain,Needs Improvement,Balanced Maintenance Diet,Active Lifestyle Routine
20,Male,128.2,1.84,184.0,37.87,Obese,164,132,58,0.83,603.0,26.2,2.3,3,HIIT,1,2337.0,3622.3,Weight Loss,Needs Improvement,High Protein Non-Veg Diet,Intermediate Cardio + HIIT
54,Male,83.6,1.86,186.0,24.16,Normal,168,142,56,1.54,1082.0,12.4,3.5,5,HIIT,3,1733.5,3293.6,Maintain Fitness,Fit,High Protein Non-Veg Diet,Intermediate Cardio + HIIT
34,Female,56.2,1.77,177.0,17.94,Underweight,192,138,59,1.81,1249.0,17.3,2.7,5,Cardio,3,1337.2,2540.7,Weight Gain,Fit,High Carb Performance Diet,Cardio Endurance Training
19,Male,87.8,1.78,178.0,27.71,Overweight,195,161,72,1.28,1133.0,23.6,3.3,2,Cardio,1,1900.5,2613.2,Weight Loss,Needs Improvement,Low Calorie Balanced Diet,Beginner Cardio + Walking
19,Male,85.9,1.85,185.0,25.1,Overweight,195,156,62,1.66,1424.0,12.9,3.5,4,Strength,3,1925.2,3321.0,Weight Loss,Fit,High Protein Non-Veg Diet,Compound Strength Training
45,Male,51.1,1.87,187.0,14.61,Underweight,177,158,57,1.44,1126.0,26.2,3.4,4,Cardio,2,1459.8,2518.2,Weight Gain,Fit,High Carb Performance Diet,Cardio Endurance Training
40,Female,57.4,1.71,171.0,19.63,Normal,168,143,61,1.87,1337.0,18.3,2.7,5,Strength,3,1281.8,2435.4,Muscle Gain,Fit,High Protein Veg Diet,Compound Strength Training
54,Male,114.9,1.92,192.0,31.17,Obese,188,135,71,1.2,802.0,20.7,2.6,4,HIIT,2,2084.0,3594.9,Weight Loss,Moderately Fit,High Protein Non-Veg Diet,Progressive Strength Training
49,Female,62.1,1.66,166.0,22.54,Normal,173,152,73,1.37,937.0,31.3,1.8,3,HIIT,2,1252.5,1941.4,Maintain Fitness,Moderately Fit,High Protein Veg Diet,Progressive Strength Training
50,Male,57.1,1.91,191.0,15.65,Underweight,184,131,68,1.09,707.0,29.5,2.7,4,Yoga,2,1519.8,2621.7,Weight Gain,Moderately Fit,Balanced Maintenance Diet,Active Lifestyle Routine
18,Male,68.1,1.8,180.0,21.02,Normal,174,153,50,1.1,926.0,25.4,3.3,4,Yoga,2,1721.0,2968.7,Maintain Fitness,Fit,Balanced Maintenance Diet,Active Lifestyle Routine
36,Male,69.2,1.65,165.0,25.42,Overweight,165,126,65,1.23,852.0,27.2,2.7,3,Strength,1,1548.2,2399.7,Weight Loss,Needs Improvement,High Protein Non-Veg Diet,Beginner Fitness Routine
19,Female,65.2,1.52,152.0,28.22,Overweight,188,130,71,1.23,800.0,30.6,2.4,3,Cardio,1,1346.0,2086.3,Weight Loss,Needs Improvement,Low Calorie Balanced Diet,Beginner Cardio + Walking
43,Male,108.6,1.73,173.0,36.29,Obese,174,150,66,1.33,988.0,28.5,2.2,2,Cardio,1,1957.2,2691.2,Weight Loss,Needs Improvement,Low Calorie Balanced Diet,Beginner Cardio + Walking
49,Female,40.0,1.65,165.0,14.69,Underweight,188,148,74,1.03,686.0,34.3,2.5,3,Yoga,2,1025.2,1589.1,Weight Gain,Moderately Fit,Balanced Maintenance Diet,Active Lifestyle Routine
23,Female,41.9,1.58,158.0,16.78,Underweight,163,132,67,0.56,370.0,26.8,1.8,3,HIIT,1,1130.5,1752.3,Weight Gain,Moderately Fit,High Protein Veg Diet,Intermediate Cardio + HIIT
49,Female,68.3,1.52,152.0,29.56,Overweight,177,150,60,1.45,979.0,29.4,1.8,4,Strength,2,1227.0,2116.6,Weight Loss,Moderately Fit,High Protein Veg Diet,Progressive Strength Training
21,Male,88.4,1.6,160.0,34.53,Obese,198,121,67,1.71,1138.0,12.0,3.5,4,HIIT,3,1784.0,3077.4,Weight Loss,Fit,High Protein Non-Veg Diet,Intermediate Cardio + HIIT
28,Male,66.0,1.9,190.0,18.28,Underweight,175,158,56,1.18,1025.0,24.1,3.0,3,HIIT,1,1712.5,2654.4,Weight Gain,Moderately Fit,High Protein Non-Veg Diet,Intermediate Cardio + HIIT
34,Male,71.9,1.64,164.0,26.73,Overweight,170,134,67,1.26,929.0,21.3,2.1,4,Cardio,2,1579.0,2723.8,Weight Loss,Moderately Fit,Low Calorie Balanced Diet,Cardio Endurance Training
55,Male,75.6,1.71,171.0,25.85,Overweight,173,130,57,1.03,663.0,28.1,2.0,4,Strength,2,1554.8,2682.0,Weight Loss,Moderately Fit,High Protein Non-Veg Diet,Progressive Strength Training
41,Female,63.4,1.59,159.0,25.08,Overweight,162,153,55,1.84,1267.0,15.2,2.7,5,HIIT,3,1261.8,2397.4,Weight Loss,Fit,High Protein Veg Diet,Intermediate Cardio + HIIT
22,Female,71.6,1.77,177.0,22.85,Normal,197,158,56,1.49,1177.0,30.3,1.8,3,Yoga,1,1551.2,2404.4,Maintain Fitness,Needs Improvement,Balanced Maintenance Diet,Active Lifestyle Routine
51,Female,57.4,1.77,177.0,18.32,Underweight,177,123,72,1.08,598.0,31.6,2.1,4,Yoga,2,1264.2,2180.7,Weight Gain,Moderately Fit,Balanced Maintenance Diet,Active Lifestyle Routine
23,Male,83.8,1.99,199.0,21.16,Normal,179,130,71,1.79,1280.0,11.0,3.5,4,Cardio,3,1971.8,3401.4,Improve Stamina,Fit,High Carb Performance Diet,Cardio Endurance Training
39,Female,55.9,1.71,171.0,19.12,Normal,184,148,59,1.95,1443.0,19.5,2.7,5,Yoga,3,1271.8,2416.4,Maintain Fitness,Fit,Balanced Maintenance Diet,Active Lifestyle Routine
28,Male,87.0,1.76,176.0,28.09,Overweight,197,121,60,1.2,799.0,28.4,3.5,3,Yoga,2,1835.0,2844.2,Weight Loss,Needs Improvement,Balanced Maintenance Diet,Active Lifestyle Routine
33,Female,65.3,1.71,171.0,22.33,Normal,172,135,74,1.18,796.0,29.7,2.5,4,HIIT,2,1395.8,2407.8,Maintain Fitness,Moderately Fit,High Protein Veg Diet,Progressive Strength Training
50,Male,45.4,1.67,167.0,16.28,Underweight,163,158,62,1.37,1071.0,24.1,2.8,4,Yoga,2,1252.8,2161.1,Weight Gain,Fit,Balanced Maintenance Diet,Active Lifestyle Routine
26,Male,87.1,1.87,187.0,24.91,Normal,173,132,58,1.71,1241.0,11.2,3.5,4,Yoga,3,1914.8,3303.0,Maintain Fitness,Fit,Balanced Maintenance Diet,Active Lifestyle Routine
23,Female,78.6,1.73,173.0,26.26,Overweight,192,156,56,1.47,1147.0,32.3,1.5,4,HIIT,2,1591.2,2744.8,Weight Loss,Moderately Fit,High Protein Veg Diet,Progressive Strength Training
33,Female,78.0,1.71,171.0,26.67,Overweight,187,136,58,1.08,734.0,26.3,2.1,3,Cardio,1,1522.8,2360.3,Weight Loss,Needs Improvement,Low Calorie Balanced Diet,Beginner Cardio + Walking
46,Female,58.0,1.53,153.0,24.78,Normal,196,140,62,1.83,1153.0,18.4,2.7,4,Cardio,3,1145.2,1975.5,Improve Stamina,Fit,High Carb Performance Diet,Cardio Endurance Training
20,Female,71.3,1.69,169.0,24.96,Normal,167,163,52,1.28,1043.0,33.4,2.3,3,Strength,2,1508.2,2337.7,Muscle Gain,Moderately Fit,High Protein Veg Diet,Progressive Strength Training
37,Male,49.1,1.74,174.0,16.22,Underweight,193,138,52,1.11,842.0,22.3,2.6,3,Yoga,2,1398.5,2167.7,Weight Gain,Moderately Fit,Balanced Maintenance Diet,Active Lifestyle Routine
53,Female,78.3,1.65,165.0,28.76,Overweight,164,126,50,1.24,703.0,33.7,1.6,3,HIIT,1,1388.2,2151.7,Weight Loss,Needs Improvement,High Protein Veg Diet,Intermediate Cardio + HIIT
36,Female,57.3,1.64,164.0,21.3,Normal,164,157,70,1.13,887.0,25.3,1.8,4,Strength,2,1257.0,2168.3,Muscle Gain,Fit,High Protein Veg Diet,Progressive Strength Training
43,Female,48.4,1.61,161.0,18.67,Normal,190,127,69,1.28,732.0,34.1,2.4,2,Cardio,1,1114.2,1532.0,Improve Stamina,Needs Improvement,High Carb Performance Diet,Beginner Cardio + Walking
20,Male,76.4,1.62,162.0,29.11,Overweight,168,132,51,1.35,980.0,21.2,2.6,4,Cardio,2,1681.5,2900.6,Weight Loss,Moderately Fit,Low Calorie Balanced Diet,Cardio Endurance Training
36,Male,110.2,1.77,177.0,35.18,Obese,191,156,74,1.19,1021.0,26.5,3.4,2,HIIT,1,2033.2,2795.7,Weight Loss,Needs Improvement,High Protein Non-Veg Diet,Intermediate Cardio + HIIT
37,Female,72.9,1.76,176.0,23.53,Normal,192,121,52,1.21,732.0,27.5,1.9,3,Strength,2,1483.0,2298.7,Muscle Gain,Moderately Fit,High Protein Veg Diet,Progressive Strength Training
49,Male,82.1,1.86,186.0,23.73,Normal,162,160,64,1.87,1481.0,14.2,3.5,4,Strength,3,1743.5,3007.5,Muscle Gain,Fit,High Protein Non-Veg Diet,Compound Strength Training
24,Female,58.9,1.76,176.0,19.01,Normal,189,130,73,0.63,410.0,30.1,1.7,3,HIIT,1,1408.0,2182.4,Maintain Fitness,Needs Improvement,High Protein Veg Diet,Intermediate Cardio + HIIT
58,Male,82.2,1.87,187.0,23.51,Normal,171,143,55,1.57,1111.0,10.7,3.5,4,HIIT,3,1705.8,2942.5,Maintain Fitness,Fit,High Protein Non-Veg Diet,Intermediate Cardio + HIIT
50,Male,96.7,1.72,172.0,32.69,Obese,188,125,62,1.46,903.0,25.7,2.7,3,Strength,2,1797.0,2785.3,Weight Loss,Needs Improvement,High Protein Non-Veg Diet,Progressive Strength Training
57,Male,81.4,1.86,186.0,23.53,Normal,162,145,70,1.8,1292.0,12.0,3.5,5,Cardio,3,1696.5,3223.3,Improve Stamina,Fit,High Carb Performance Diet,Cardio Endurance Training
56,Male,107.8,1.73,173.0,36.02,Obese,185,126,50,1.09,680.0,26.6,2.8,3,Yoga,2,1884.2,2920.5,Weight Loss,Needs Improvement,Balanced Maintenance Diet,Active Lifestyle Routine
35,Female,65.8,1.62,162.0,25.07,Overweight,189,158,69,1.0,790.0,33.8,1.5,4,Cardio,2,1334.5,2302.0,Weight Loss,Moderately Fit,Low Calorie Balanced Diet,Cardio Endurance Training
57,Female,68.5,1.56,156.0,28.15,Overweight,168,138,68,1.45,900.0,29.1,1.6,4,HIIT,2,1214.0,2094.2,Weight Loss,Moderately Fit,High Protein Veg Diet,Progressive Strength Training
18,Female,63.9,1.59,159.0,25.28,Overweight,185,125,50,1.87,1169.0,16.4,2.7,4,Strength,3,1381.8,2383.6,Weight Loss,Fit,High Protein Veg Diet,Compound Strength Training
28,Male,76.3,1.62,162.0,29.07,Overweight,161,162,70,1.16,1034.0,20.1,2.3,3,Strength,2,1640.5,2542.8,Weight Loss,Moderately Fit,High Protein Non-Veg Diet,Progressive Strength Training
45,Female,44.5,1.65,165.0,16.35,Underweight,162,148,71,1.44,959.0,30.7,1.6,3,Yoga,1,1090.2,1689.8,Weight Gain,Needs Improvement,Balanced Maintenance Diet,Active Lifestyle Routine
42,Female,50.7,1.75,175.0,16.56,Underweight,163,162,51,1.29,940.0,29.0,1.9,3,Strength,2,1229.8,1906.2,Weight Gain,Moderately Fit,High Protein Veg Diet,Progressive Strength Training
40,Female,55.1,1.61,161.0,21.26,Normal,184,158,64,1.55,1224.0,16.9,2.7,4,Yoga,3,1196.2,2063.4,Maintain Fitness,Fit,Balanced Maintenance Diet,Active Lifestyle Routine
48,Male,73.7,1.61,161.0,28.43,Overweight,172,121,63,1.36,815.0,21.8,3.6,4,Cardio,2,1508.2,2601.6,Weight Loss,Moderately Fit,Low Calorie Balanced Diet,Cardio Endurance Training
47,Male,55.6,1.77,177.0,17.75,Underweight,198,138,68,1.2,820.0,24.3,2.9,4,Cardio,2,1432.2,2470.5,Weight Gain,Fit,High Carb Performance Diet,Cardio Endurance Training
59,Male,86.9,1.76,176.0,28.05,Overweight,194,123,60,1.13,688.0,29.8,3.1,3,Strength,2,1679.0,2602.5,Weight Loss,Needs Improvement,High Protein Non-Veg Diet,Progressive Strength Training
52,Female,60.3,1.68,168.0,21.36,Normal,182,125,64,1.6,900.0,16.5,2.7,4,Strength,3,1232.0,2125.2,Muscle Gain,Fit,High Protein Veg Diet,Compound Strength Training
24,Female,40.4,1.64,164.0,15.02,Underweight,168,168,55,0.99,832.0,31.0,1.9,2,HIIT,1,1148.0,1578.5,Weight Gain,Needs Improvement,High Protein Veg Diet,Intermediate Cardio + HIIT
33,Female,78.5,1.66,166.0,28.49,Overweight,161,156,69,1.29,1006.0,32.8,1.9,4,HIIT,2,1496.5,2581.5,Weight Loss,Moderately Fit,High Protein Veg Diet,Progressive Strength Training
43,Male,102.6,1.72,172.0,34.68,Obese,190,147,58,0.82,597.0,27.5,2.0,2,Strength,1,1891.0,2600.1,Weight Loss,Needs Improvement,High Protein Non-Veg Diet,Beginner Fitness Routine
19,Male,110.8,1.91,191.0,30.37,Obese,161,149,54,1.31,1074.0,23.3,2.9,2,Strength,1,2211.8,3041.2,Weight Loss,Needs Improvement,High Protein Non-Veg Diet,Beginner Fitness Routine
18,Female,60.9,1.79,179.0,19.01,Normal,191,126,69,1.11,699.0,31.1,2.1,2,Cardio,1,1476.8,2030.6,Improve Stamina,Needs Improvement,High Carb Performance Diet,Beginner Cardio + Walking
29,Male,55.7,1.61,161.0,21.49,Normal,177,128,51,1.41,993.0,28.7,2.3,3,Strength,1,1423.2,2206.0,Muscle Gain,Needs Improvement,High Protein Non-Veg Diet,Beginner Fitness Routine
22,Male,110.5,1.92,192.0,29.98,Overweight,172,144,55,1.16,919.0,20.2,3.3,3,HIIT,2,2200.0,3410.0,Weight Loss,Moderately Fit,High Protein Non-Veg Diet,Progressive Strength Training
54,Male,55.2,1.71,171.0,18.88,Normal,164,152,67,0.77,579.0,24.4,2.8,2,Cardio,1,1355.8,1864.2,Improve Stamina,Moderately Fit,High Carb Performance Diet,Beginner Cardio + Walking
49,Male,46.5,1.72,172.0,15.72,Underweight,169,120,72,1.4,832.0,22.2,2.6,4,Yoga,2,1300.0,2242.5,Weight Gain,Fit,Balanced Maintenance Diet,Active Lifestyle Routine
26,Female,70.9,1.66,166.0,25.73,Overweight,184,125,68,0.81,506.0,28.9,1.7,3,HIIT,1,1455.5,2256.0,Weight Loss,Needs Improvement,High Protein Veg Diet,Intermediate Cardio + HIIT
58,Male,74.6,1.75,175.0,24.36,Normal,193,137,58,1.09,739.0,24.2,2.9,2,HIIT,1,1554.8,2137.8,Maintain Fitness,Moderately Fit,High Protein Non-Veg Diet,Intermediate Cardio + HIIT
52,Male,45.1,1.72,172.0,15.24,Underweight,196,129,70,0.93,594.0,27.5,3.3,2,Cardio,1,1271.0,1747.6,Weight Gain,Moderately Fit,High Carb Performance Diet,Beginner Cardio + Walking
36,Male,99.9,1.99,199.0,25.23,Overweight,189,147,73,1.33,1075.0,20.9,2.5,3,Yoga,1,2067.8,3205.1,Weight Loss,Needs Improvement,Balanced Maintenance Diet,Active Lifestyle Routine
33,Male,117.0,1.61,161.0,45.14,Obese,166,130,55,1.04,744.0,25.1,2.4,3,HIIT,2,2016.2,3125.1,Weight Loss,Needs Improvement,High Protein Non-Veg Diet,Progressive Strength Training
20,Female,75.9,1.73,173.0,25.36,Overweight,165,152,63,1.39,1056.0,30.6,2.1,4,Strength,2,1579.2,2724.1,Weight Loss,Moderately Fit,High Protein Veg Diet,Progressive Strength Training
37,Female,71.2,1.64,164.0,26.47,Overweight,162,120,73,1.11,666.0,29.9,1.7,3,HIIT,2,1391.0,2156.1,Weight Loss,Needs Improvement,High Protein Veg Diet,Progressive Strength Training
41,Male,78.8,1.72,172.0,26.64,Overweight,172,132,62,1.01,660.0,27.3,3.1,4,Cardio,2,1663.0,2868.7,Weight Loss,Moderately Fit,Low Calorie Balanced Diet,Cardio Endurance Training
50,Male,50.6,1.69,169.0,17.72,Underweight,162,156,60,1.31,1012.0,23.8,3.0,2,Cardio,1,1317.2,1811.2,Weight Gain,Moderately Fit,High Carb Performance Diet,Beginner Cardio + Walking
41,Male,82.5,1.79,179.0,25.75,Overweight,185,139,61,1.69,1163.0,14.7,3.5,4,Cardio,3,1743.8,3008.1,Weight Loss,Fit,Low Calorie Balanced Diet,Cardio Endurance Training
28,Male,108.5,1.79,179.0,33.86,Obese,183,120,68,1.33,878.0,24.8,2.1,4,HIIT,2,2068.8,3568.7,Weight Loss,Moderately Fit,High Protein Non-Veg Diet,Progressive Strength Training
25,Male,49.9,1.98,198.0,12.73,Underweight,165,122,68,1.15,772.0,25.7,2.1,3,Yoga,2,1616.5,2505.6,Weight Gain,Moderately Fit,Balanced Maintenance Diet,Active Lifestyle Routine
53,Male,125.1,1.91,191.0,34.29,Obese,171,137,70,0.52,353.0,28.3,3.1,2,Strength,1,2184.8,3004.1,Weight Loss,Needs Improvement,High Protein Non-Veg Diet,Beginner Fitness Routine
55,Female,79.7,1.66,166.0,28.92,Overweight,195,160,68,1.06,763.0,27.8,1.9,2,Cardio,1,1398.5,1922.9,Weight Loss,Needs Improvement,Low Calorie Balanced Diet,Beginner Cardio + Walking
57,Male,126.8,1.63,163.0,47.72,Obese,161,133,73,0.96,632.0,20.8,2.1,2,Yoga,1,2006.8,2759.3,Weight Loss,Needs Improvement,Balanced Maintenance Diet,Active Lifestyle Routine
37,Female,54.6,1.57,157.0,22.15,Normal,170,150,62,1.31,982.0,32.1,2.4,3,Strength,1,1181.2,1830.9,Muscle Gain,Needs Improvement,High Protein Veg Diet,Beginner Fitness Routine
52,Female,47.8,1.54,154.0,20.16,Normal,198,146,63,1.34,880.0,29.8,1.9,3,Cardio,2,1019.5,1580.2,Improve Stamina,Moderately Fit,High Carb Performance Diet,Cardio Endurance Training
42,Male,97.9,1.91,191.0,26.84,Overweight,193,136,73,1.01,680.0,29.0,2.8,3,Strength,2,1967.8,3050.1,Weight Loss,Needs Improvement,High Protein Non-Veg Diet,Progressive Strength Training
52,Female,63.1,1.54,154.0,26.61,Overweight,185,165,67,1.36,1010.0,34.8,1.8,3,Strength,2,1172.5,1817.4,Weight Loss,Needs Improvement,High Protein Veg Diet,Progressive Strength Training
42,Female,72.4,1.69,169.0,25.35,Overweight,177,148,61,1.07,713.0,29.0,2.3,3,Yoga,2,1409.2,2184.3,Weight Loss,Needs Improvement,Balanced Maintenance Diet,Active Lifestyle Routine
46,Female,58.9,1.7,170.0,20.38,Normal,180,155,53,1.52,1060.0,17.1,2.7,4,Strength,3,1260.5,2174.4,Muscle Gain,Fit,High Protein Veg Diet,Compound Strength Training
35,Female,50.4,1.6,160.0,19.69,Normal,195,156,59,1.03,803.0,29.1,1.9,4,Cardio,2,1168.0,2014.8,Improve Stamina,Moderately Fit,High Carb Performance Diet,Cardio Endurance Training
35,Female,64.2,1.59,159.0,25.39,Overweight,199,145,66,1.63,1182.0,16.6,2.7,5,Yoga,3,1299.8,2469.6,Weight Loss,Fit,Balanced Maintenance Diet,Active Lifestyle Routine
19,Female,58.8,1.77,177.0,18.77,Normal,181,136,53,1.4,952.0,32.8,2.7,2,HIIT,1,1438.2,1977.5,Maintain Fitness,Needs Improvement,High Protein Veg Diet,Intermediate Cardio + HIIT
52,Male,105.2,1.62,162.0,40.09,Obese,189,141,61,1.36,949.0,27.6,3.2,3,HIIT,1,1809.5,2804.7,Weight Loss,Needs Improvement,High Protein Non-Veg Diet,Intermediate Cardio + HIIT
33,Female,45.9,1.5,150.0,20.4,Normal,189,144,62,0.92,662.0,29.8,1.7,3,Yoga,1,1070.5,1659.3,Maintain Fitness,Needs Improvement,Balanced Maintenance Diet,Active Lifestyle Routine
58,Female,65.2,1.63,163.0,24.54,Normal,167,121,53,1.12,610.0,25.4,2.0,3,HIIT,2,1219.8,1890.7,Maintain Fitness,Moderately Fit,High Protein Veg Diet,Progressive Strength Training
53,Female,56.3,1.79,179.0,17.57,Underweight,193,141,59,1.52,964.0,16.5,2.7,5,Strength,3,1255.8,2386.0,Weight Gain,Fit,High Protein Veg Diet,Compound Strength Training
50,Male,90.0,1.7,170.0,31.14,Obese,168,124,74,0.81,497.0,22.9,2.7,2,Cardio,1,1717.5,2361.6,Weight Loss,Needs Improvement,Low Calorie Balanced Diet,Beginner Cardio + Walking
21,Female,60.0,1.7,170.0,20.76,Normal,179,123,52,1.97,1212.0,19.1,2.7,5,Strength,3,1396.5,2653.3,Muscle Gain,Fit,High Protein Veg Diet,Compound Strength Training
50,Male,51.5,1.71,171.0,17.61,Underweight,199,155,64,1.48,1136.0,20.9,2.9,2,Yoga,1,1338.8,1840.8,Weight Gain,Moderately Fit,Balanced Maintenance Diet,Active Lifestyle Routine
31,Female,63.1,1.64,164.0,23.46,Normal,184,125,51,1.54,962.0,19.0,2.7,4,Cardio,3,1340.0,2311.5,Improve Stamina,Fit,High Carb Performance Diet,Cardio Endurance Training
38,Male,91.5,1.77,177.0,29.21,Overweight,178,140,74,0.8,616.0,26.7,3.4,2,Yoga,1,1836.2,2524.8,Weight Loss,Needs Improvement,Balanced Maintenance Diet,Active Lifestyle Routine
37,Male,48.7,1.67,167.0,17.46,Underweight,164,132,74,1.39,1009.0,27.3,3.0,2,Yoga,1,1350.8,1857.3,Weight Gain,Moderately Fit,Balanced Maintenance Diet,Active Lifestyle Routine
25,Female,57.8,1.56,156.0,23.75,Normal,170,156,66,1.35,1053.0,29.3,1.6,3,Yoga,2,1267.0,1963.9,Maintain Fitness,Moderately Fit,Balanced Maintenance Diet,Active Lifestyle Routine
24,Female,42.0,1.75,175.0,13.71,Underweight,174,144,55,0.83,598.0,31.8,2.3,3,Strength,1,1232.8,1910.8,Weight Gain,Needs Improvement,High Protein Veg Diet,Beginner Fitness Routine
20,Male,128.4,1.92,192.0,34.83,Obese,167,145,57,0.63,502.0,26.1,2.0,2,Cardio,1,2389.0,3284.9,Weight Loss,Needs Improvement,Low Calorie Balanced Diet,Beginner Cardio + Walking
34,Female,74.2,1.57,157.0,30.1,Obese,178,158,52,1.47,1161.0,32.7,2.4,3,Cardio,1,1392.2,2157.9,Weight Loss,Needs Improvement,Low Calorie Balanced Diet,Beginner Cardio + Walking
50,Male,89.6,1.68,168.0,31.75,Obese,182,139,74,1.79,1232.0,12.2,3.5,5,Cardio,3,1701.0,3231.9,Weight Loss,Fit,Low Calorie Balanced Diet,Cardio Endurance Training
29,Male,125.9,2.0,200.0,31.48,Obese,186,152,67,1.36,1137.0,24.7,3.1,4,Strength,2,2369.0,4086.5,Weight Loss,Moderately Fit,High Protein Non-Veg Diet,Progressive Strength Training
39,Male,105.5,1.99,199.0,26.64,Overweight,199,133,71,0.81,593.0,26.4,2.5,2,HIIT,1,2108.8,2899.6,Weight Loss,Needs Improvement,High Protein Non-Veg Diet,Intermediate Cardio + HIIT
39,Male,93.4,1.7,170.0,32.32,Obese,191,155,50,1.1,938.0,21.1,2.5,4,Strength,2,1806.5,3116.2,Weight Loss,Moderately Fit,High Protein Non-Veg Diet,Progressive Strength Training
47,Male,82.1,1.84,184.0,24.25,Normal,185,136,65,1.37,922.0,24.4,3.4,4,Strength,2,1741.0,3003.2,Muscle Gain,Fit,High Protein Non-Veg Diet,Progressive Strength Training
55,Female,42.9,1.69,169.0,15.02,Underweight,186,140,56,0.9,567.0,34.7,2.4,2,Yoga,1,1049.2,1442.7,Weight Gain,Needs Improvement,Balanced Maintenance Diet,Active Lifestyle Routine
55,Male,128.4,1.68,168.0,45.49,Obese,178,165,52,1.13,923.0,20.4,2.6,4,Cardio,2,2064.0,3560.4,Weight Loss,Moderately Fit,Low Calorie Balanced Diet,Cardio Endurance Training
25,Male,112.4,1.96,196.0,29.26,Overweight,188,135,72,1.42,1054.0,23.2,2.5,2,Cardio,1,2229.0,3064.9,Weight Loss,Needs Improvement,Low Calorie Balanced Diet,Beginner Cardio + Walking
44,Female,77.7,1.79,179.0,24.25,Normal,198,165,53,1.41,1047.0,28.1,2.2,3,HIIT,1,1514.8,2347.9,Maintain Fitness,Needs Improvement,High Protein Veg Diet,Intermediate Cardio + HIIT
44,Male,89.3,1.99,199.0,22.55,Normal,192,135,58,1.4,936.0,26.3,2.0,4,HIIT,2,1921.8,3315.1,Maintain Fitness,Fit,High Protein Non-Veg Diet,Progressive Strength Training
51,Female,70.3,1.55,155.0,29.26,Overweight,178,139,54,1.4,876.0,26.1,1.6,3,Yoga,1,1255.8,1946.5,Weight Loss,Needs Improvement,Balanced Maintenance Diet,Active Lifestyle Routine
38,Female,59.1,1.72,172.0,19.98,Normal,196,148,68,1.07,792.0,31.3,1.7,3,Cardio,2,1315.0,2038.2,Improve Stamina,Moderately Fit,High Carb Performance Diet,Cardio Endurance Training
47,Female,49.9,1.69,169.0,17.47,Underweight,178,147,64,1.48,979.0,26.0,1.7,3,HIIT,2,1159.2,1796.8,Weight Gain,Moderately Fit,High Protein Veg Diet,Progressive Strength Training
50,Male,101.7,1.67,167.0,36.47,Obese,192,127,57,0.53,333.0,20.9,2.9,2,HIIT,1,1815.8,2496.7,Weight Loss,Needs Improvement,High Protein Non-Veg Diet,Intermediate Cardio + HIIT
45,Male,93.0,1.91,191.0,25.49,Overweight,175,143,55,1.03,729.0,27.3,3.7,3,Cardio,2,1903.8,2950.9,Weight Loss,Moderately Fit,Low Calorie Balanced Diet,Cardio Endurance Training
50,Male,87.4,1.6,160.0,34.14,Obese,182,122,67,0.77,465.0,23.2,3.1,2,Strength,1,1629.0,2239.9,Weight Loss,Needs Improvement,High Protein Non-Veg Diet,Beginner Fitness Routine
22,Female,55.1,1.61,161.0,21.26,Normal,166,144,68,1.62,1166.0,19.9,2.7,4,HIIT,3,1286.2,2218.7,Maintain Fitness,Fit,High Protein Veg Diet,Intermediate Cardio + HIIT
36,Male,123.7,1.69,169.0,43.31,Obese,185,138,73,1.3,987.0,20.4,2.1,4,Cardio,2,2118.2,3653.9,Weight Loss,Moderately Fit,Low Calorie Balanced Diet,Cardio Endurance Training
21,Female,61.3,1.57,157.0,24.87,Normal,191,152,64,1.94,1474.0,17.2,2.7,4,HIIT,3,1328.2,2291.1,Maintain Fitness,Fit,High Protein Veg Diet,Intermediate Cardio + HIIT
52,Male,72.3,1.94,194.0,19.21,Normal,171,121,56,1.46,874.0,21.1,2.9,3,Yoga,2,1680.5,2604.8,Maintain Fitness,Moderately Fit,Balanced Maintenance Diet,Active Lifestyle Routine
34,Female,69.2,1.53,153.0,29.56,Overweight,167,134,59,1.36,911.0,28.5,2.1,2,HIIT,1,1317.2,1811.2,Weight Loss,Needs Improvement,High Protein Veg Diet,Intermediate Cardio + HIIT
45,Male,81.4,1.61,161.0,31.4,Obese,164,141,55,1.14,796.0,30.0,2.2,4,Cardio,2,1600.2,2760.3,Weight Loss,Needs Improvement,Low Calorie Balanced Diet,Cardio Endurance Training
47,Male,84.8,1.86,186.0,24.51,Normal,187,129,63,1.85,1181.0,14.4,3.5,5,HIIT,3,1780.5,3382.9,Maintain Fitness,Fit,High Protein Non-Veg Diet,Intermediate Cardio + HIIT
46,Male,55.1,1.72,172.0,18.62,Normal,164,137,66,1.43,970.0,20.5,3.6,3,Yoga,2,1401.0,2171.6,Maintain Fitness,Moderately Fit,Balanced Maintenance Diet,Active Lifestyle Routine
23,Female,59.0,1.78,178.0,18.62,Normal,185,141,58,1.67,1177.0,17.8,2.7,5,Yoga,3,1426.5,2710.3,Maintain Fitness,Fit,Balanced Maintenance Diet,Active Lifestyle Routine
52,Female,64.9,1.51,151.0,28.46,Overweight,164,165,68,1.83,1359.0,18.2,2.7,4,HIIT,3,1171.8,2021.4,Weight Loss,Fit,High Protein Veg Diet,Intermediate Cardio + HIIT
58,Male,109.7,1.75,175.0,35.82,Obese,181,168,54,1.01,840.0,22.1,2.7,2,HIIT,1,1905.8,2620.5,Weight Loss,Needs Improvement,High Protein Non-Veg Diet,Intermediate Cardio + HIIT
54,Male,78.4,1.9,190.0,21.72,Normal,174,146,72,0.81,585.0,21.5,3.7,2,Yoga,1,1706.5,2346.4,Maintain Fitness,Moderately Fit,Balanced Maintenance Diet,Active Lifestyle Routine
41,Female,76.7,1.79,179.0,23.94,Normal,172,132,56,1.4,832.0,34.0,2.0,4,Yoga,2,1519.8,2621.7,Maintain Fitness,Moderately Fit,Balanced Maintenance Diet,Active Lifestyle Routine
46,Female,63.1,1.61,161.0,24.34,Normal,187,152,68,1.0,684.0,34.7,2.2,4,Strength,2,1246.2,2149.7,Muscle Gain,Moderately Fit,High Protein Veg Diet,Progressive Strength Training
48,Female,62.9,1.58,158.0,25.2,Overweight,192,124,69,1.98,1105.0,20.0,2.7,4,Strength,3,1215.5,2096.7,Weight Loss,Fit,High Protein Veg Diet,Compound Strength Training
52,Male,85.6,1.74,174.0,28.27,Overweight,182,145,56,1.84,1321.0,13.9,3.5,4,Yoga,3,1688.5,2912.7,Weight Loss,Fit,Balanced Maintenance Diet,Active Lifestyle Routine
50,Female,66.3,1.57,157.0,26.9,Overweight,192,132,73,1.25,742.0,31.6,1.6,2,HIIT,1,1233.2,1695.7,Weight Loss,Needs Improvement,High Protein Veg Diet,Intermediate Cardio + HIIT
38,Male,61.3,1.97,197.0,15.8,Underweight,177,146,51,1.37,1100.0,23.5,2.8,3,Cardio,1,1659.2,2571.8,Weight Gain,Moderately Fit,High Carb Performance Diet,Beginner Cardio + Walking
49,Female,44.1,1.65,165.0,16.2,Underweight,189,133,74,1.16,694.0,26.7,1.8,4,HIIT,2,1066.2,1839.2,Weight Gain,Fit,High Protein Veg Diet,Progressive Strength Training
40,Male,63.8,1.62,162.0,24.31,Normal,185,143,72,1.3,1022.0,20.8,3.4,2,HIIT,1,1455.5,2001.3,Maintain Fitness,Moderately Fit,High Protein Non-Veg Diet,Intermediate Cardio + HIIT
50,Female,55.4,1.55,155.0,23.06,Normal,175,122,65,1.85,1016.0,18.5,2.7,4,Strength,3,1111.8,1917.9,Muscle Gain,Fit,High Protein Veg Diet,Compound Strength Training
20,Female,74.7,1.58,158.0,29.92,Overweight,172,166,62,1.04,863.0,32.8,2.4,3,Strength,2,1473.5,2283.9,Weight Loss,Needs Improvement,High Protein Veg Diet,Progressive Strength Training
35,Female,78.0,1.67,167.0,27.97,Overweight,198,168,57,1.13,949.0,33.3,2.5,4,Strength,2,1487.8,2566.5,Weight Loss,Moderately Fit,High Protein Veg Diet,Progressive Strength Training
42,Female,57.5,1.67,167.0,20.62,Normal,192,149,55,1.14,764.0,34.1,2.4,2,Yoga,1,1247.8,1715.7,Maintain Fitness,Needs Improvement,Balanced Maintenance Diet,Active Lifestyle Routine
59,Female,60.7,1.73,173.0,20.28,Normal,185,154,55,1.03,714.0,33.8,2.5,3,Yoga,2,1232.2,1909.9,Maintain Fitness,Moderately Fit,Balanced Maintenance Diet,Active Lifestyle Routine
48,Male,69.0,1.74,174.0,22.79,Normal,160,167,58,1.48,1223.0,30.0,2.3,3,HIIT,2,1542.5,2390.9,Maintain Fitness,Moderately Fit,High Protein Non-Veg Diet,Progressive Strength Training
20,Female,75.8,1.78,178.0,23.92,Normal,197,133,53,1.42,944.0,27.4,2.0,4,HIIT,2,1609.5,2776.4,Maintain Fitness,Fit,High Protein Veg Diet,Progressive Strength Training
57,Female,75.7,1.63,163.0,28.49,Overweight,161,131,60,0.69,407.0,32.6,2.3,3,Cardio,1,1329.8,2061.2,Weight Loss,Needs Improvement,Low Calorie Balanced Diet,Beginner Cardio + Walking
41,Female,71.2,1.64,164.0,26.47,Overweight,165,147,54,1.42,939.0,30.9,2.3,3,HIIT,2,1371.0,2125.1,Weight Loss,Needs Improvement,High Protein Veg Diet,Progressive Strength Training
49,Male,85.0,1.68,168.0,30.12,Obese,197,163,74,1.82,1468.0,11.3,3.5,4,HIIT,3,1660.0,2863.5,Weight Loss,Fit,High Protein Non-Veg Diet,Intermediate Cardio + HIIT
39,Female,63.6,1.56,156.0,26.13,Overweight,183,148,66,1.22,903.0,34.8,2.4,2,Strength,1,1255.0,1725.6,Weight Loss,Needs Improvement,High Protein Veg Diet,Beginner Fitness Routine
40,Male,73.2,1.94,194.0,19.45,Normal,177,162,69,0.81,722.0,29.0,2.4,2,Strength,1,1749.5,2405.6,Muscle Gain,Needs Improvement,High Protein Non-Veg Diet,Beginner Fitness Routine
19,Female,48.3,1.52,152.0,20.91,Normal,186,136,56,0.96,653.0,26.3,1.6,2,Strength,1,1177.0,1618.4,Muscle Gain,Moderately Fit,High Protein Veg Diet,Beginner Fitness Routine
44,Female,42.8,1.78,178.0,13.51,Underweight,167,159,64,1.49,1066.0,25.3,2.6,3,Strength,2,1159.5,1797.2,Weight Gain,Moderately Fit,High Protein Veg Diet,Progressive Strength Training
59,Male,88.1,1.76,176.0,28.44,Overweight,187,168,74,1.35,1123.0,26.9,3.0,3,Strength,2,1691.0,2621.1,Weight Loss,Moderately Fit,High Protein Non-Veg Diet,Progressive Strength Training
19,Female,72.4,1.75,175.0,23.64,Normal,169,140,64,1.2,840.0,31.0,1.7,4,Cardio,2,1561.8,2694.1,Improve Stamina,Moderately Fit,High Carb Performance Diet,Cardio Endurance Training
43,Male,73.2,1.88,188.0,20.71,Normal,176,142,63,1.17,822.0,29.4,3.3,3,Cardio,1,1697.0,2630.3,Improve Stamina,Needs Improvement,High Carb Performance Diet,Beginner Cardio + Walking
34,Male,110.5,1.86,186.0,31.94,Obese,188,139,62,1.42,1086.0,22.3,3.6,2,Cardio,1,2102.5,2890.9,Weight Loss,Needs Improvement,Low Calorie Balanced Diet,Beginner Cardio + Walking
57,Female,46.1,1.76,176.0,14.88,Underweight,165,130,60,1.44,842.0,25.8,1.7,3,Strength,2,1115.0,1728.2,Weight Gain,Moderately Fit,High Protein Veg Diet,Progressive Strength Training
50,Male,90.8,1.71,171.0,31.05,Obese,173,153,62,1.07,810.0,22.6,3.4,4,Yoga,2,1731.8,2987.4,Weight Loss,Moderately Fit,Balanced Maintenance Diet,Active Lifestyle Routine
26,Female,59.3,1.51,151.0,26.01,Overweight,181,129,71,1.7,1096.0,15.1,2.7,5,Strength,3,1245.8,2367.0,Weight Loss,Fit,High Protein Veg Diet,Compound Strength Training
56,Female,45.1,1.73,173.0,15.07,Underweight,165,129,73,0.83,482.0,25.4,2.6,3,Strength,1,1091.2,1691.4,Weight Gain,Moderately Fit,High Protein Veg Diet,Beginner Fitness Routine
46,Male,45.0,1.77,177.0,14.36,Underweight,185,162,58,1.48,1187.0,29.1,3.6,3,Cardio,2,1331.2,2063.4,Weight Gain,Moderately Fit,High Carb Performance Diet,Cardio Endurance Training
59,Male,89.4,1.62,162.0,34.06,Obese,198,125,59,1.43,885.0,23.5,3.6,3,Strength,2,1616.5,2505.6,Weight Loss,Needs Improvement,High Protein Non-Veg Diet,Progressive Strength Training
43,Male,127.7,1.69,169.0,44.71,Obese,171,155,53,1.14,875.0,24.1,2.9,3,Cardio,2,2123.2,3291.0,Weight Loss,Needs Improvement,Low Calorie Balanced Diet,Cardio Endurance Training
52,Male,70.9,1.72,172.0,23.97,Normal,194,143,66,1.31,927.0,20.2,2.6,3,Strength,2,1529.0,2370.0,Muscle Gain,Moderately Fit,High Protein Non-Veg Diet,Progressive Strength Training
42,Female,49.2,1.5,150.0,21.87,Normal,173,131,63,1.15,678.0,27.7,1.5,3,HIIT,2,1058.5,1640.7,Maintain Fitness,Moderately Fit,High Protein Veg Diet,Progressive Strength Training
41,Female,62.3,1.79,179.0,19.44,Normal,181,162,73,1.99,1451.0,19.0,2.7,5,Yoga,3,1375.8,2614.0,Maintain Fitness,Fit,Balanced Maintenance Diet,Active Lifestyle Routine
30,Male,64.1,1.87,187.0,18.33,Underweight,182,142,67,0.64,500.0,26.2,2.1,2,Yoga,1,1664.8,2289.1,Weight Gain,Moderately Fit,Balanced Maintenance Diet,Active Lifestyle Routine
24,Female,69.7,1.75,175.0,22.76,Normal,166,146,60,1.41,1029.0,32.5,2.0,3,Cardio,1,1509.8,2340.2,Improve Stamina,Needs Improvement,High Carb Performance Diet,Beginner Cardio + Walking
53,Female,56.9,1.59,159.0,22.51,Normal,199,164,65,1.49,1100.0,29.5,2.0,3,HIIT,2,1136.8,1762.0,Maintain Fitness,Moderately Fit,High Protein Veg Diet,Progressive Strength Training
37,Female,53.0,1.71,171.0,18.13,Underweight,184,156,50,1.13,881.0,28.1,1.7,4,Yoga,2,1252.8,2161.1,Weight Gain,Moderately Fit,Balanced Maintenance Diet,Active Lifestyle Routine
18,Female,72.7,1.55,155.0,30.26,Obese,172,125,56,0.84,525.0,29.8,2.0,3,Cardio,1,1444.8,2239.4,Weight Loss,Needs Improvement,Low Calorie Balanced Diet,Beginner Cardio + Walking
25,Male,76.5,1.96,196.0,19.91,Normal,180,120,59,0.67,442.0,23.2,2.3,3,Strength,1,1870.0,2898.5,Muscle Gain,Moderately Fit,High Protein Non-Veg Diet,Beginner Fitness Routine
33,Male,113.6,1.99,199.0,28.69,Overweight,169,125,58,1.38,949.0,28.4,3.4,2,Strength,1,2219.8,3052.2,Weight Loss,Needs Improvement,High Protein Non-Veg Diet,Beginner Fitness Routine
31,Female,62.5,1.62,162.0,23.81,Normal,168,169,74,1.56,1318.0,16.5,2.7,4,HIIT,3,1321.5,2279.6,Maintain Fitness,Fit,High Protein Veg Diet,Intermediate Cardio + HIIT
29,Male,95.2,1.86,186.0,27.52,Overweight,174,141,52,0.64,496.0,26.6,2.5,2,Yoga,1,1974.5,2714.9,Weight Loss,Needs Improvement,Balanced Maintenance Diet,Active Lifestyle Routine
40,Male,51.7,1.82,182.0,15.61,Underweight,161,160,71,0.9,792.0,21.4,3.0,3,Strength,1,1459.5,2262.2,Weight Gain,Moderately Fit,High Protein Non-Veg Diet,Beginner Fitness Routine
32,Male,105.3,1.67,167.0,37.76,Obese,184,143,72,0.57,448.0,26.9,2.9,3,Cardio,1,1941.8,3009.8,Weight Loss,Needs Improvement,Low Calorie Balanced Diet,Beginner Cardio + Walking
45,Female,71.2,1.68,168.0,25.23,Overweight,172,144,63,1.37,888.0,34.1,1.6,3,Strength,1,1376.0,2132.8,Weight Loss,Needs Improvement,High Protein Veg Diet,Beginner Fitness Routine
51,Female,78.1,1.51,151.0,34.25,Obese,193,134,74,0.92,555.0,31.1,2.6,3,Strength,1,1308.8,2028.6,Weight Loss,Needs Improvement,High Protein Veg Diet,Beginner Fitness Routine
19,Female,50.6,1.68,168.0,17.93,Underweight,193,145,64,1.21,877.0,30.6,2.1,3,Yoga,2,1300.0,2015.0,Weight Gain,Moderately Fit,Balanced Maintenance Diet,Active Lifestyle Routine
49,Male,70.2,1.89,189.0,19.65,Normal,194,127,51,0.7,440.0,29.6,2.6,3,Yoga,1,1643.2,2547.0,Maintain Fitness,Needs Improvement,Balanced Maintenance Diet,Active Lifestyle Routine
40,Female,62.6,1.53,153.0,26.74,Overweight,197,143,73,1.93,1380.0,18.1,2.7,5,Cardio,3,1221.2,2320.3,Weight Loss,Fit,Low Calorie Balanced Diet,Cardio Endurance Training
39,Female,60.6,1.65,165.0,22.26,Normal,162,167,63,0.92,768.0,27.6,1.7,3,HIIT,1,1281.2,1985.9,Maintain Fitness,Moderately Fit,High Protein Veg Diet,Intermediate Cardio + HIIT
42,Male,76.4,1.97,197.0,19.69,Normal,165,157,65,1.14,886.0,22.9,2.6,3,HIIT,2,1790.2,2774.8,Maintain Fitness,Moderately Fit,High Protein Non-Veg Diet,Progressive Strength Training
39,Female,63.3,1.71,171.0,21.65,Normal,178,125,56,1.88,1175.0,18.5,2.7,4,Strength,3,1345.8,2321.5,Muscle Gain,Fit,High Protein Veg Diet,Compound Strength Training
39,Female,68.6,1.64,164.0,25.51,Overweight,162,154,53,1.33,1024.0,32.4,1.5,3,Cardio,2,1355.0,2100.2,Weight Loss,Needs Improvement,Low Calorie Balanced Diet,Cardio Endurance Training
59,Male,123.3,1.88,188.0,34.89,Obese,177,161,67,1.3,1036.0,23.0,2.6,4,HIIT,2,2118.0,3653.6,Weight Loss,Moderately Fit,High Protein Non-Veg Diet,Progressive Strength Training
23,Male,107.0,1.94,194.0,28.43,Overweight,198,120,73,1.35,891.0,23.5,2.9,2,HIIT,1,2172.5,2987.2,Weight Loss,Needs Improvement,High Protein Non-Veg Diet,Intermediate Cardio + HIIT
32,Male,68.3,1.92,192.0,18.53,Normal,168,165,54,1.42,1289.0,29.9,3.5,2,Strength,1,1728.0,2376.0,Muscle Gain,Needs Improvement,High Protein Non-Veg Diet,Beginner Fitness Routine
54,Female,47.8,1.6,160.0,18.67,Normal,171,155,55,1.19,830.0,26.0,2.3,4,Cardio,2,1047.0,1806.1,Improve Stamina,Fit,High Carb Performance Diet,Cardio Endurance Training
50,Female,58.4,1.79,179.0,18.23,Underweight,164,131,56,1.6,943.0,17.0,2.7,4,HIIT,3,1291.8,2228.4,Weight Gain,Fit,High Protein Veg Diet,Intermediate Cardio + HIIT
25,Female,74.3,1.71,171.0,25.41,Overweight,162,157,64,1.43,1123.0,25.6,1.6,3,Yoga,2,1525.8,2365.0,Weight Loss,Moderately Fit,Balanced Maintenance Diet,Active Lifestyle Routine
22,Male,106.8,1.82,182.0,32.24,Obese,170,130,50,1.0,715.0,28.2,2.3,4,Yoga,2,2100.5,3623.4,Weight Loss,Needs Improvement,Balanced Maintenance Diet,Active Lifestyle Routine
56,Male,125.5,1.8,180.0,38.73,Obese,189,131,73,1.26,817.0,20.9,2.7,4,Strength,2,2105.0,3631.1,Weight Loss,Moderately Fit,High Protein Non-Veg Diet,Progressive Strength Training
21,Female,55.2,1.55,155.0,22.98,Normal,163,161,53,1.37,1103.0,31.7,1.7,4,Strength,2,1254.8,2164.5,Muscle Gain,Moderately Fit,High Protein Veg Diet,Progressive Strength Training
23,Female,71.4,1.72,172.0,24.13,Normal,164,169,74,1.25,1056.0,25.6,1.5,2,Strength,1,1513.0,2080.4,Muscle Gain,Moderately Fit,High Protein Veg Diet,Beginner Fitness Routine
49,Male,77.7,1.61,161.0,29.98,Overweight,160,158,50,1.03,806.0,26.7,3.4,3,Strength,2,1543.2,2392.0,Weight Loss,Moderately Fit,High Protein Non-Veg Diet,Progressive Strength Training
47,Male,88.4,1.6,160.0,34.53,Obese,186,126,60,1.86,1160.0,14.2,3.5,5,HIIT,3,1654.0,3142.6,Weight Loss,Fit,High Protein Non-Veg Diet,Intermediate Cardio + HIIT
52,Male,104.8,1.99,199.0,26.46,Overweight,187,130,67,0.93,598.0,24.0,2.0,2,Cardio,1,2036.8,2800.6,Weight Loss,Needs Improvement,Low Calorie Balanced Diet,Beginner Cardio + Walking
57,Male,82.2,1.69,169.0,28.78,Overweight,188,155,63,1.15,882.0,25.2,3.4,4,Strength,2,1598.2,2756.9,Weight Loss,Moderately Fit,High Protein Non-Veg Diet,Progressive Strength Training
33,Female,68.2,1.75,175.0,22.27,Normal,177,150,71,0.85,638.0,29.0,1.7,2,Strength,1,1449.8,1993.5,Muscle Gain,Needs Improvement,High Protein Veg Diet,Beginner Fitness Routine
30,Male,91.4,1.99,199.0,23.08,Normal,171,152,60,1.37,1145.0,23.0,3.7,3,HIIT,2,2012.8,3119.8,Maintain Fitness,Moderately Fit,High Protein Non-Veg Diet,Progressive Strength Training
59,Female,42.1,1.65,165.0,15.46,Underweight,172,132,59,1.22,725.0,33.0,2.2,2,Strength,1,996.2,1369.8,Weight Gain,Needs Improvement,High Protein Veg Diet,Beginner Fitness Routine
47,Female,68.7,1.76,176.0,22.18,Normal,161,137,66,1.37,845.0,27.7,2.4,3,Strength,2,1391.0,2156.1,Muscle Gain,Moderately Fit,High Protein Veg Diet,Progressive Strength Training
36,Female,47.2,1.74,174.0,15.59,Underweight,196,160,53,1.5,1200.0,32.2,1.6,4,Cardio,2,1218.5,2101.9,Weight Gain,Moderately Fit,High Carb Performance Diet,Cardio Endurance Training
34,Male,92.0,1.76,176.0,29.7,Overweight,175,143,73,0.73,574.0,22.1,3.5,3,Yoga,1,1855.0,2875.2,Weight Loss,Needs Improvement,Balanced Maintenance Diet,Active Lifestyle Routine
36,Male,56.2,1.95,195.0,14.78,Underweight,183,128,64,1.09,767.0,22.5,3.4,4,Strength,2,1605.8,2770.0,Weight Gain,Fit,High Protein Non-Veg Diet,Progressive Strength Training
45,Male,58.4,1.72,172.0,19.74,Normal,194,150,65,1.31,973.0,23.4,3.1,4,HIIT,2,1439.0,2482.3,Maintain Fitness,Fit,High Protein Non-Veg Diet,Progressive Strength Training
43,Male,82.9,1.95,195.0,21.8,Normal,181,160,70,1.9,1505.0,12.9,3.5,5,Cardio,3,1837.8,3491.8,Improve Stamina,Fit,High Carb Performance Diet,Cardio Endurance Training
54,Female,66.9,1.74,174.0,22.1,Normal,195,129,62,1.24,720.0,29.5,2.1,2,HIIT,1,1325.5,1822.6,Maintain Fitness,Needs Improvement,High Protein Veg Diet,Intermediate Cardio + HIIT
43,Male,66.3,1.85,185.0,19.37,Normal,170,121,58,1.18,707.0,27.5,3.2,2,Cardio,1,1609.2,2212.7,Improve Stamina,Moderately Fit,High Carb Performance Diet,Beginner Cardio + Walking
40,Male,93.6,1.93,193.0,25.13,Overweight,188,157,60,1.38,1192.0,22.1,2.0,3,Cardio,1,1947.2,3018.2,Weight Loss,Needs Improvement,Low Calorie Balanced Diet,Beginner Cardio + Walking
26,Female,64.1,1.5,150.0,28.49,Overweight,194,134,60,1.93,1293.0,15.1,2.7,5,Strength,3,1287.5,2446.2,Weight Loss,Fit,High Protein Veg Diet,Compound Strength Training
29,Male,86.7,1.62,162.0,33.04,Obese,174,122,55,1.52,1020.0,13.9,3.5,4,Strength,3,1739.5,3000.6,Weight Loss,Fit,High Protein Non-Veg Diet,Compound Strength Training
18,Female,62.0,1.59,159.0,24.52,Normal,190,162,50,1.23,996.0,33.2,2.2,4,Strength,2,1362.8,2350.8,Muscle Gain,Moderately Fit,High Protein Veg Diet,Progressive Strength Training
18,Female,58.1,1.61,161.0,22.41,Normal,175,150,71,1.9,1425.0,15.3,2.7,4,Yoga,3,1336.2,2304.9,Maintain Fitness,Fit,Balanced Maintenance Diet,Active Lifestyle Routine
51,Female,64.9,1.6,160.0,25.35,Overweight,169,125,55,1.49,838.0,31.1,2.5,4,Yoga,2,1233.0,2126.9,Weight Loss,Moderately Fit,Balanced Maintenance Diet,Active Lifestyle Routine
49,Female,69.3,1.62,162.0,26.41,Overweight,191,122,62,1.14,626.0,28.8,1.9,4,HIIT,2,1299.5,2241.6,Weight Loss,Moderately Fit,High Protein Veg Diet,Progressive Strength Training
42,Female,42.7,1.74,174.0,14.1,Underweight,161,130,71,1.04,608.0,32.9,1.6,3,Strength,1,1143.5,1772.4,Weight Gain,Needs Improvement,High Protein Veg Diet,Beginner Fitness Routine
57,Female,51.4,1.63,163.0,19.35,Normal,183,134,73,1.2,724.0,33.7,2.0,4,Yoga,2,1086.8,1874.7,Maintain Fitness,Moderately Fit,Balanced Maintenance Diet,Active Lifestyle Routine
18,Female,67.4,1.6,160.0,26.33,Overweight,182,164,71,0.6,492.0,33.5,2.4,3,Strength,1,1423.0,2205.7,Weight Loss,Needs Improvement,High Protein Veg Diet,Beginner Fitness Routine
33,Female,55.6,1.61,161.0,21.45,Normal,161,147,54,1.77,1301.0,18.9,2.7,4,Yoga,3,1236.2,2132.4,Maintain Fitness,Fit,Balanced Maintenance Diet,Active Lifestyle Routine
56,Male,125.3,1.86,186.0,36.22,Obese,197,129,64,1.0,639.0,22.7,2.2,3,Yoga,2,2140.5,3317.8,Weight Loss,Needs Improvement,Balanced Maintenance Diet,Active Lifestyle Routine
22,Male,102.1,1.85,185.0,29.83,Overweight,190,157,67,1.48,1278.0,28.1,2.4,4,Cardio,2,2072.2,3574.5,Weight Loss,Moderately Fit,Low Calorie Balanced Diet,Cardio Endurance Training
39,Male,61.9,1.77,177.0,19.76,Normal,199,166,69,1.32,1205.0,25.3,2.3,3,Strength,1,1535.2,2379.6,Muscle Gain,Moderately Fit,High Protein Non-Veg Diet,Beginner Fitness Routine
46,Male,108.8,1.64,164.0,40.45,Obese,185,169,63,1.4,1171.0,20.5,3.4,3,Strength,1,1888.0,2926.4,Weight Loss,Needs Improvement,High Protein Non-Veg Diet,Beginner Fitness Routine
20,Female,51.1,1.58,158.0,20.47,Normal,188,169,64,0.5,422.0,29.6,1.6,2,Yoga,1,1237.5,1701.6,Maintain Fitness,Needs Improvement,Balanced Maintenance Diet,Active Lifestyle Routine
29,Male,81.7,1.99,199.0,20.63,Normal,162,126,54,1.45,1005.0,29.4,3.2,2,Strength,1,1920.8,2641.1,Muscle Gain,Needs Improvement,High Protein Non-Veg Diet,Beginner Fitness Routine
43,Female,42.7,1.66,166.0,15.5,Underweight,173,134,53,0.73,440.0,33.9,1.9,2,Yoga,1,1088.5,1496.7,Weight Gain,Needs Improvement,Balanced Maintenance Diet,Active Lifestyle Routine
33,Male,81.8,1.99,199.0,20.66,Normal,184,137,51,1.59,1198.0,10.5,3.5,4,Strength,3,1901.8,3280.6,Muscle Gain,Fit,High Protein Non-Veg Diet,Compound Strength Training
54,Male,54.6,1.76,176.0,17.63,Underweight,160,137,56,1.28,868.0,27.4,3.3,4,Cardio,2,1381.0,2382.2,Weight Gain,Fit,High Carb Performance Diet,Cardio Endurance Training
39,Male,107.7,1.88,188.0,30.47,Obese,162,160,59,0.72,634.0,28.1,3.6,2,Strength,1,2062.0,2835.2,Weight Loss,Needs Improvement,High Protein Non-Veg Diet,Beginner Fitness Routine
46,Female,56.9,1.6,160.0,22.23,Normal,185,143,65,0.88,566.0,27.7,1.6,3,Cardio,1,1178.0,1825.9,Improve Stamina,Moderately Fit,High Carb Performance Diet,Beginner Cardio + Walking
31,Male,78.8,1.71,171.0,26.95,Overweight,177,121,59,1.49,992.0,24.7,2.5,4,HIIT,2,1706.8,2944.2,Weight Loss,Moderately Fit,High Protein Non-Veg Diet,Progressive Strength Training
45,Female,48.2,1.64,164.0,17.92,Underweight,168,159,67,1.25,894.0,32.1,2.5,4,Strength,2,1121.0,1933.7,Weight Gain,Moderately Fit,High Protein Veg Diet,Progressive Strength Training
22,Female,50.7,1.59,159.0,20.05,Normal,197,139,66,1.27,883.0,29.4,1.8,3,Strength,2,1229.8,1906.2,Muscle Gain,Moderately Fit,High Protein Veg Diet,Progressive Strength Training
47,Male,86.6,1.99,199.0,21.87,Normal,182,153,70,1.98,1500.0,10.6,3.5,4,Strength,3,1879.8,3242.7,Muscle Gain,Fit,High Protein Non-Veg Diet,Compound Strength Training
22,Male,96.3,1.63,163.0,36.25,Obese,180,162,62,1.35,1203.0,27.1,2.4,4,Cardio,2,1876.8,3237.5,Weight Loss,Moderately Fit,Low Calorie Balanced Diet,Cardio Endurance Training
29,Male,80.8,1.98,198.0,20.61,Normal,160,145,50,1.65,1316.0,14.6,3.5,5,Strength,3,1905.5,3620.4,Muscle Gain,Fit,High Protein Non-Veg Diet,Compound Strength Training
33,Female,58.0,1.53,153.0,24.78,Normal,180,126,50,1.84,1159.0,18.3,2.7,5,Strength,3,1210.2,2299.4,Muscle Gain,Fit,High Protein Veg Diet,Compound Strength Training
43,Male,95.9,1.85,185.0,28.02,Overweight,186,157,64,1.28,995.0,27.7,3.4,2,Yoga,1,1905.2,2619.7,Weight Loss,Needs Improvement,Balanced Maintenance Diet,Active Lifestyle Routine
43,Female,61.5,1.58,158.0,24.64,Normal,165,149,50,1.86,1247.0,16.8,2.7,5,HIIT,3,1226.5,2330.3,Maintain Fitness,Fit,High Protein Veg Diet,Intermediate Cardio + HIIT
38,Female,40.6,1.79,179.0,12.67,Underweight,195,161,55,0.62,499.0,26.8,2.7,2,Cardio,1,1173.8,1614.0,Weight Gain,Moderately Fit,High Carb Performance Diet,Beginner Cardio + Walking
56,Male,82.5,1.87,187.0,23.59,Normal,187,124,74,1.51,927.0,13.2,3.5,5,Yoga,3,1718.8,3265.7,Maintain Fitness,Fit,Balanced Maintenance Diet,Active Lifestyle Routine
53,Male,105.1,1.84,184.0,31.04,Obese,176,130,62,0.69,444.0,23.3,2.9,3,Cardio,1,1941.0,3008.6,Weight Loss,Needs Improvement,Low Calorie Balanced Diet,Beginner Cardio + Walking
50,Female,58.1,1.58,158.0,23.27,Normal,199,120,50,1.93,1042.0,19.3,2.7,5,Yoga,3,1157.5,2199.2,Maintain Fitness,Fit,Balanced Maintenance Diet,Active Lifestyle Routine
47,Female,61.0,1.76,176.0,19.69,Normal,162,153,54,1.54,1060.0,15.6,2.7,5,HIIT,3,1314.0,2496.6,Maintain Fitness,Fit,High Protein Veg Diet,Intermediate Cardio + HIIT
54,Female,64.5,1.53,153.0,27.55,Overweight,171,120,58,1.74,940.0,17.2,2.7,4,Yoga,3,1170.2,2018.6,Weight Loss,Fit,Balanced Maintenance Diet,Active Lifestyle Routine
40,Male,58.2,1.98,198.0,14.85,Underweight,198,138,74,1.43,1085.0,24.0,2.5,3,Cardio,2,1624.5,2518.0,Weight Gain,Moderately Fit,High Carb Performance Diet,Cardio Endurance Training
27,Female,69.5,1.76,176.0,22.44,Normal,171,121,66,0.94,569.0,34.4,2.0,3,Strength,1,1499.0,2323.5,Muscle Gain,Needs Improvement,High Protein Veg Diet,Beginner Fitness Routine
22,Male,62.2,1.84,184.0,18.37,Underweight,161,140,65,0.51,393.0,21.5,2.3,3,Strength,1,1667.0,2583.8,Weight Gain,Moderately Fit,High Protein Non-Veg Diet,Beginner Fitness Routine
53,Female,68.0,1.7,170.0,23.53,Normal,181,139,57,1.06,663.0,25.1,2.4,4,HIIT,2,1316.5,2271.0,Maintain Fitness,Fit,High Protein Veg Diet,Progressive Strength Training
51,Female,56.3,1.5,150.0,25.02,Overweight,182,142,66,1.43,914.0,27.4,2.4,3,Cardio,1,1084.5,1681.0,Weight Loss,Needs Improvement,Low Calorie Balanced Diet,Beginner Cardio + Walking
48,Male,94.5,1.7,170.0,32.7,Obese,189,140,64,1.01,700.0,28.2,3.5,3,Cardio,2,1772.5,2747.4,Weight Loss,Needs Improvement,Low Calorie Balanced Diet,Cardio Endurance Training
27,Female,58.0,1.79,179.0,18.1,Underweight,164,143,73,1.39,994.0,27.1,1.5,2,Cardio,1,1402.8,1928.8,Weight Gain,Moderately Fit,High Carb Performance Diet,Beginner Cardio + Walking
36,Male,84.0,1.94,194.0,22.32,Normal,168,123,50,1.8,1218.0,11.2,3.5,5,HIIT,3,1877.5,3567.2,Maintain Fitness,Fit,High Protein Non-Veg Diet,Intermediate Cardio + HIIT
49,Male,61.0,1.87,187.0,17.44,Underweight,180,131,61,1.14,739.0,21.3,3.0,4,Strength,2,1538.8,2654.4,Weight Gain,Fit,High Protein Non-Veg Diet,Progressive Strength Training
18,Female,64.8,1.53,153.0,27.68,Overweight,170,141,54,1.98,1396.0,18.6,2.7,5,Yoga,3,1353.2,2571.1,Weight Loss,Fit,Balanced Maintenance Diet,Active Lifestyle Routine
22,Male,45.7,1.77,177.0,14.59,Underweight,164,139,73,1.04,795.0,20.7,2.4,3,HIIT,1,1458.2,2260.2,Weight Gain,Moderately Fit,High Protein Non-Veg Diet,Intermediate Cardio + HIIT
21,Male,80.9,1.9,190.0,22.41,Normal,194,137,55,1.8,1356.0,11.7,3.5,4,Yoga,3,1896.5,3271.5,Maintain Fitness,Fit,Balanced Maintenance Diet,Active Lifestyle Routine
33,Female,64.1,1.63,163.0,24.13,Normal,186,120,74,1.58,948.0,16.4,2.7,5,Strength,3,1333.8,2534.2,Muscle Gain,Fit,High Protein Veg Diet,Compound Strength Training
41,Male,67.0,1.77,177.0,21.39,Normal,161,149,50,1.22,900.0,25.6,2.6,3,HIIT,2,1576.2,2443.1,Maintain Fitness,Moderately Fit,High Protein Non-Veg Diet,Progressive Strength Training
33,Male,106.5,1.6,160.0,41.6,Obese,183,152,74,1.4,1170.0,27.3,3.3,4,Strength,2,1905.0,3286.1,Weight Loss,Moderately Fit,High Protein Non-Veg Diet,Progressive Strength Training
19,Male,95.1,1.85,185.0,27.79,Overweight,190,143,50,1.21,952.0,25.3,2.3,4,Yoga,2,2017.2,3479.7,Weight Loss,Moderately Fit,Balanced Maintenance Diet,Active Lifestyle Routine
45,Female,65.5,1.57,157.0,26.57,Overweight,192,133,59,0.66,395.0,34.3,2.3,2,Cardio,1,1250.2,1719.0,Weight Loss,Needs Improvement,Low Calorie Balanced Diet,Beginner Cardio + Walking
49,Male,105.7,1.64,164.0,39.3,Obese,198,155,59,1.2,921.0,29.5,3.1,3,Cardio,2,1842.0,2855.1,Weight Loss,Needs Improvement,Low Calorie Balanced Diet,Cardio Endurance Training
44,Female,48.0,1.76,176.0,15.5,Underweight,189,124,52,0.88,491.0,28.6,2.6,2,Yoga,1,1199.0,1648.6,Weight Gain,Needs Improvement,Balanced Maintenance Diet,Active Lifestyle Routine
37,Female,69.5,1.5,150.0,30.89,Obese,196,130,66,0.69,448.0,32.8,2.4,2,Cardio,1,1286.5,1768.9,Weight Loss,Needs Improvement,Low Calorie Balanced Diet,Beginner Cardio + Walking
41,Male,66.1,1.69,169.0,23.14,Normal,187,143,68,0.77,545.0,27.4,3.4,2,Yoga,1,1517.2,2086.2,Maintain Fitness,Moderately Fit,Balanced Maintenance Diet,Active Lifestyle Routine
29,Male,68.0,1.7,170.0,23.53,Normal,190,150,60,0.76,627.0,28.9,2.9,2,HIIT,1,1602.5,2203.4,Maintain Fitness,Needs Improvement,High Protein Non-Veg Diet,Intermediate Cardio + HIIT
52,Male,50.3,1.78,178.0,15.88,Underweight,170,132,67,0.85,555.0,24.5,2.3,2,HIIT,1,1360.5,1870.7,Weight Gain,Moderately Fit,High Protein Non-Veg Diet,Intermediate Cardio + HIIT
50,Female,69.3,1.68,168.0,24.55,Normal,182,135,51,1.2,729.0,30.3,2.0,2,HIIT,1,1332.0,1831.5,Maintain Fitness,Needs Improvement,High Protein Veg Diet,Intermediate Cardio + HIIT
50,Male,86.7,1.63,163.0,32.63,Obese,161,143,58,1.7,1203.0,12.1,3.5,4,Cardio,3,1640.8,2830.4,Weight Loss,Fit,Low Calorie Balanced Diet,Cardio Endurance Training
54,Male,125.9,1.94,194.0,33.45,Obese,199,132,73,1.35,882.0,28.5,2.9,3,Strength,2,2206.5,3420.1,Weight Loss,Needs Improvement,High Protein Non-Veg Diet,Progressive Strength Training
29,Male,88.1,1.93,193.0,23.65,Normal,186,143,66,1.88,1479.0,11.1,3.5,5,Cardio,3,1947.2,3699.7,Improve Stamina,Fit,High Carb Performance Diet,Cardio Endurance Training
20,Male,124.3,1.82,182.0,37.53,Obese,194,145,63,1.25,997.0,22.4,3.2,3,Cardio,2,2285.5,3542.5,Weight Loss,Needs Improvement,Low Calorie Balanced Diet,Cardio Endurance Training
18,Male,62.0,1.85,185.0,18.12,Underweight,161,121,53,0.88,586.0,23.7,3.0,3,Strength,1,1691.2,2621.4,Weight Gain,Moderately Fit,High Protein Non-Veg Diet,Beginner Fitness Routine
50,Female,69.7,1.72,172.0,23.56,Normal,198,135,66,1.24,753.0,27.3,2.0,4,Strength,2,1361.0,2347.7,Muscle Gain,Fit,High Protein Veg Diet,Progressive Strength Training
57,Female,60.9,1.52,152.0,26.36,Overweight,196,157,66,1.31,926.0,30.6,1.8,3,Strength,2,1113.0,1725.2,Weight Loss,Needs Improvement,High Protein Veg Diet,Progressive Strength Training
27,Male,76.5,1.97,197.0,19.71,Normal,180,165,61,1.13,1025.0,21.3,2.3,2,Strength,1,1866.2,2566.0,Muscle Gain,Moderately Fit,High Protein Non-Veg Diet,Beginner Fitness Routine
46,Male,94.7,1.82,182.0,28.59,Overweight,164,120,69,1.47,873.0,23.2,3.2,3,Cardio,2,1859.5,2882.2,Weight Loss,Moderately Fit,Low Calorie Balanced Diet,Cardio Endurance Training
30,Male,67.9,1.75,175.0,22.17,Normal,180,168,67,1.25,1155.0,29.1,3.1,2,Yoga,1,1627.8,2238.2,Maintain Fitness,Needs Improvement,Balanced Maintenance Diet,Active Lifestyle Routine
29,Male,121.1,1.87,187.0,34.63,Obese,188,130,52,1.31,937.0,24.1,3.2,4,HIIT,2,2239.8,3863.7,Weight Loss,Moderately Fit,High Protein Non-Veg Diet,Progressive Strength Training
48,Female,71.5,1.64,164.0,26.58,Overweight,179,154,60,1.46,1012.0,32.5,1.9,4,Yoga,2,1339.0,2309.8,Weight Loss,Moderately Fit,Balanced Maintenance Diet,Active Lifestyle Routine
19,Male,98.6,1.7,170.0,34.12,Obese,197,162,74,0.83,740.0,21.1,2.4,2,Cardio,1,1958.5,2692.9,Weight Loss,Needs Improvement,Low Calorie Balanced Diet,Beginner Cardio + Walking
52,Female,68.2,1.63,163.0,25.67,Overweight,179,148,67,1.17,779.0,27.5,2.4,3,Strength,1,1279.8,1983.7,Weight Loss,Needs Improvement,High Protein Veg Diet,Beginner Fitness Routine
40,Female,57.7,1.69,169.0,20.2,Normal,184,156,53,1.18,920.0,33.1,2.4,4,HIIT,2,1272.2,2194.5,Maintain Fitness,Moderately Fit,High Protein Veg Diet,Progressive Strength Training
34,Male,124.6,1.63,163.0,46.9,Obese,161,136,66,1.41,1055.0,27.6,2.8,3,HIIT,2,2099.8,3254.7,Weight Loss,Needs Improvement,High Protein Non-Veg Diet,Progressive Strength Training
43,Female,73.0,1.59,159.0,28.88,Overweight,191,158,67,1.31,931.0,28.9,2.2,3,Yoga,1,1347.8,2089.1,Weight Loss,Needs Improvement,Balanced Maintenance Diet,Active Lifestyle Routine
25,Female,59.4,1.51,151.0,26.05,Overweight,185,161,54,1.62,1304.0,19.8,2.7,5,Cardio,3,1251.8,2378.4,Weight Loss,Fit,Low Calorie Balanced Diet,Cardio Endurance Training
46,Female,52.0,1.65,165.0,19.1,Normal,165,147,63,0.7,463.0,34.1,1.9,2,Cardio,1,1160.2,1595.3,Improve Stamina,Needs Improvement,High Carb Performance Diet,Beginner Cardio + Walking
43,Female,42.2,1.65,165.0,15.5,Underweight,162,148,59,1.33,886.0,34.6,2.3,3,Cardio,2,1077.2,1669.7,Weight Gain,Moderately Fit,High Carb Performance Diet,Cardio Endurance Training
27,Male,89.3,1.64,164.0,33.2,Obese,192,162,64,1.82,1622.0,12.1,3.5,4,HIIT,3,1788.0,3084.3,Weight Loss,Fit,High Protein Non-Veg Diet,Intermediate Cardio + HIIT
43,Male,110.0,1.76,176.0,35.51,Obese,160,122,50,1.09,658.0,22.0,3.4,3,Yoga,1,1990.0,3084.5,Weight Loss,Needs Improvement,Balanced Maintenance Diet,Active Lifestyle Routine
51,Female,66.2,1.58,158.0,26.52,Overweight,164,129,65,0.86,499.0,31.3,2.3,3,HIIT,1,1233.5,1911.9,Weight Loss,Needs Improvement,High Protein Veg Diet,Intermediate Cardio + HIIT
58,Male,58.6,1.66,166.0,21.27,Normal,172,161,60,1.21,964.0,26.8,2.9,2,HIIT,1,1338.5,1840.4,Maintain Fitness,Moderately Fit,High Protein Non-Veg Diet,Intermediate Cardio + HIIT
24,Male,51.0,1.67,167.0,18.29,Underweight,178,133,72,0.97,710.0,21.3,2.8,3,Strength,1,1438.8,2230.1,Weight Gain,Moderately Fit,High Protein Non-Veg Diet,Beginner Fitness Routine
21,Male,101.5,1.95,195.0,26.69,Overweight,171,131,69,0.97,699.0,27.9,3.1,3,Yoga,1,2133.8,3307.4,Weight Loss,Needs Improvement,Balanced Maintenance Diet,Active Lifestyle Routine
28,Male,114.2,1.87,187.0,32.66,Obese,184,166,55,1.05,959.0,20.2,3.2,3,Strength,2,2175.8,3372.5,Weight Loss,Needs Improvement,High Protein Non-Veg Diet,Progressive Strength Training
46,Male,54.4,1.72,172.0,18.39,Underweight,194,161,73,0.91,725.0,24.8,2.9,2,Cardio,1,1394.0,1916.8,Weight Gain,Moderately Fit,High Carb Performance Diet,Beginner Cardio + Walking
53,Female,52.4,1.57,157.0,21.26,Normal,171,149,71,1.34,898.0,28.3,2.2,3,HIIT,2,1079.2,1672.8,Maintain Fitness,Moderately Fit,High Protein Veg Diet,Progressive Strength Training
42,Male,85.2,1.81,181.0,26.01,Overweight,189,151,65,1.54,1151.0,13.7,3.5,5,Yoga,3,1778.2,3378.6,Weight Loss,Fit,Balanced Maintenance Diet,Active Lifestyle Routine
38,Male,83.6,1.74,174.0,27.61,Overweight,164,151,51,1.66,1379.0,11.6,3.5,5,Cardio,3,1738.5,3303.1,Weight Loss,Fit,Low Calorie Balanced Diet,Cardio Endurance Training
53,Male,115.4,1.92,192.0,31.3,Obese,193,161,50,1.36,1084.0,28.3,2.2,4,Yoga,2,2094.0,3612.2,Weight Loss,Needs Improvement,Balanced Maintenance Diet,Active Lifestyle Routine
27,Male,71.2,1.97,197.0,18.35,Underweight,181,151,73,0.74,615.0,25.9,3.6,3,HIIT,1,1813.2,2810.5,Weight Gain,Moderately Fit,High Protein Non-Veg Diet,Intermediate Cardio + HIIT
54,Female,78.1,1.6,160.0,30.51,Obese,198,145,73,1.1,718.0,32.9,2.4,4,Yoga,2,1350.0,2328.8,Weight Loss,Needs Improvement,Balanced Maintenance Diet,Active Lifestyle Routine
26,Female,54.2,1.65,165.0,19.91,Normal,172,120,58,1.07,642.0,34.9,1.9,4,Cardio,2,1282.2,2211.8,Improve Stamina,Moderately Fit,High Carb Performance Diet,Cardio Endurance Training
41,Female,77.6,1.76,176.0,25.05,Overweight,162,161,71,1.27,920.0,31.8,2.2,4,Strength,2,1510.0,2604.8,Weight Loss,Moderately Fit,High Protein Veg Diet,Progressive Strength Training
52,Female,44.1,1.62,162.0,16.8,Underweight,179,121,61,1.41,768.0,34.8,1.6,3,HIIT,1,1032.5,1600.4,Weight Gain,Needs Improvement,High Protein Veg Diet,Intermediate Cardio + HIIT
52,Male,85.5,1.8,180.0,26.39,Overweight,190,136,66,1.7,1144.0,10.1,3.5,5,Strength,3,1725.0,3277.5,Weight Loss,Fit,High Protein Non-Veg Diet,Compound Strength Training
53,Female,47.8,1.76,176.0,15.43,Underweight,164,149,74,1.06,711.0,28.4,1.5,4,HIIT,2,1152.0,1987.2,Weight Gain,Moderately Fit,High Protein Veg Diet,Progressive Strength Training
35,Male,102.5,1.94,194.0,27.23,Overweight,183,158,64,0.84,730.0,21.1,2.4,2,Cardio,1,2067.5,2842.8,Weight Loss,Needs Improvement,Low Calorie Balanced Diet,Beginner Cardio + Walking
56,Male,118.0,1.9,190.0,32.69,Obese,199,126,68,0.66,412.0,22.6,3.2,2,HIIT,1,2092.5,2877.2,Weight Loss,Needs Improvement,High Protein Non-Veg Diet,Intermediate Cardio + HIIT
49,Male,82.3,1.84,184.0,24.31,Normal,192,146,71,1.29,932.0,28.4,3.4,4,Strength,2,1733.0,2989.4,Muscle Gain,Moderately Fit,High Protein Non-Veg Diet,Progressive Strength Training
41,Male,81.6,1.87,187.0,23.33,Normal,167,128,59,1.87,1185.0,10.2,3.5,5,HIIT,3,1784.8,3391.1,Maintain Fitness,Fit,High Protein Non-Veg Diet,Intermediate Cardio + HIIT
40,Male,60.2,1.88,188.0,17.03,Underweight,183,141,61,1.22,946.0,25.2,3.0,3,Cardio,2,1582.0,2452.1,Weight Gain,Moderately Fit,High Carb Performance Diet,Cardio Endurance Training
49,Female,49.2,1.54,154.0,20.75,Normal,179,153,63,1.28,881.0,30.7,2.1,3,HIIT,2,1048.5,1625.2,Maintain Fitness,Moderately Fit,High Protein Veg Diet,Progressive Strength Training
54,Female,46.6,1.5,150.0,20.71,Normal,175,165,58,1.38,1025.0,30.6,2.0,2,Strength,1,972.5,1337.2,Muscle Gain,Needs Improvement,High Protein Veg Diet,Beginner Fitness Routine
29,Female,68.7,1.72,172.0,23.22,Normal,171,168,62,1.08,907.0,29.8,1.7,4,Cardio,2,1456.0,2511.6,Improve Stamina,Moderately Fit,High Carb Performance Diet,Cardio Endurance Training
30,Female,60.6,1.55,155.0,25.22,Overweight,172,120,52,1.3,780.0,32.9,1.6,3,Strength,2,1263.8,1958.9,Weight Loss,Needs Improvement,High Protein Veg Diet,Progressive Strength Training
40,Male,52.1,1.61,161.0,20.1,Normal,198,128,70,0.87,612.0,21.3,3.3,2,HIIT,1,1332.2,1831.8,Maintain Fitness,Moderately Fit,High Protein Non-Veg Diet,Intermediate Cardio + HIIT
42,Female,46.6,1.77,177.0,14.87,Underweight,184,139,63,0.61,382.0,28.1,2.6,2,Yoga,1,1201.2,1651.7,Weight Gain,Needs Improvement,Balanced Maintenance Diet,Active Lifestyle Routine
52,Male,65.5,1.74,174.0,21.63,Normal,191,138,70,1.48,1011.0,26.2,2.8,4,Strength,2,1487.5,2565.9,Muscle Gain,Fit,High Protein Non-Veg Diet,Progressive Strength Training
58,Female,44.2,1.57,157.0,17.93,Underweight,183,155,59,1.08,753.0,31.9,2.3,3,HIIT,1,972.2,1506.9,Weight Gain,Needs Improvement,High Protein Veg Diet,Intermediate Cardio + HIIT
47,Male,89.1,1.84,184.0,26.32,Overweight,168,159,65,1.44,1133.0,24.0,3.6,3,Yoga,2,1811.0,2807.1,Weight Loss,Moderately Fit,Balanced Maintenance Diet,Active Lifestyle Routine
34,Male,65.9,1.62,162.0,25.11,Overweight,199,164,56,0.81,731.0,28.8,2.2,2,Yoga,1,1506.5,2071.4,Weight Loss,Needs Improvement,Balanced Maintenance Diet,Active Lifestyle Routine
37,Female,55.6,1.57,157.0,22.56,Normal,182,123,53,0.97,597.0,29.2,2.4,2,Cardio,1,1191.2,1637.9,Improve Stamina,Needs Improvement,High Carb Performance Diet,Beginner Cardio + Walking
42,Male,63.7,1.98,198.0,16.25,Underweight,172,128,69,1.37,868.0,24.0,3.0,2,Yoga,1,1669.5,2295.6,Weight Gain,Moderately Fit,Balanced Maintenance Diet,Active Lifestyle Routine
39,Male,86.2,1.82,182.0,26.02,Overweight,191,160,72,1.96,1725.0,10.2,3.5,5,Strength,3,1809.5,3438.0,Weight Loss,Fit,High Protein Non-Veg Diet,Compound Strength Training
30,Female,59.2,1.63,163.0,22.28,Normal,174,141,74,1.85,1304.0,17.8,2.7,4,Strength,3,1299.8,2242.2,Muscle Gain,Fit,High Protein Veg Diet,Compound Strength Training
36,Male,85.4,1.88,188.0,24.16,Normal,195,137,60,1.98,1492.0,13.5,3.5,5,Yoga,3,1854.0,3522.6,Maintain Fitness,Fit,Balanced Maintenance Diet,Active Lifestyle Routine
53,Female,68.1,1.55,155.0,28.35,Overweight,164,131,65,1.41,831.0,26.1,2.2,4,HIIT,2,1223.8,2111.1,Weight Loss,Moderately Fit,High Protein Veg Diet,Progressive Strength Training
29,Female,60.0,1.62,162.0,22.86,Normal,181,161,69,0.85,684.0,28.1,1.9,2,Strength,1,1306.5,1796.4,Muscle Gain,Needs Improvement,High Protein Veg Diet,Beginner Fitness Routine
58,Female,74.8,1.69,169.0,26.19,Overweight,175,162,53,1.28,933.0,32.8,2.3,4,Strength,2,1353.2,2334.3,Weight Loss,Moderately Fit,High Protein Veg Diet,Progressive Strength Training
36,Male,90.3,1.65,165.0,33.17,Obese,169,158,71,1.38,1199.0,23.7,3.4,4,Cardio,2,1759.2,3034.6,Weight Loss,Moderately Fit,Low Calorie Balanced Diet,Cardio Endurance Training
29,Male,86.1,1.65,165.0,31.63,Obese,183,128,71,1.66,1169.0,11.2,3.5,4,HIIT,3,1752.2,3022.5,Weight Loss,Fit,High Protein Non-Veg Diet,Intermediate Cardio + HIIT
26,Male,73.7,1.66,166.0,26.75,Overweight,177,125,72,0.93,639.0,26.7,2.2,2,Yoga,1,1649.5,2268.1,Weight Loss,Needs Improvement,Balanced Maintenance Diet,Active Lifestyle Routine
24,Female,67.7,1.56,156.0,27.82,Overweight,177,138,66,1.42,980.0,27.0,2.1,3,HIIT,2,1371.0,2125.1,Weight Loss,Moderately Fit,High Protein Veg Diet,Progressive Strength Training
45,Male,78.3,1.96,196.0,20.38,Normal,166,167,62,1.29,1066.0,29.0,2.2,3,Cardio,1,1788.0,2771.4,Improve Stamina,Needs Improvement,High Carb Performance Diet,Beginner Cardio + Walking
31,Female,48.2,1.65,165.0,17.7,Underweight,163,166,60,1.1,913.0,26.1,2.5,2,Cardio,1,1197.2,1646.2,Weight Gain,Moderately Fit,High Carb Performance Diet,Beginner Cardio + Walking
48,Female,56.8,1.51,151.0,24.91,Normal,185,126,52,1.37,777.0,32.1,2.1,4,HIIT,2,1110.8,1916.1,Maintain Fitness,Moderately Fit,High Protein Veg Diet,Progressive Strength Training
36,Male,112.4,1.63,163.0,42.3,Obese,164,135,58,1.02,757.0,25.0,3.4,4,Cardio,2,1967.8,3394.5,Weight Loss,Moderately Fit,Low Calorie Balanced Diet,Cardio Endurance Training
33,Female,59.0,1.67,167.0,21.16,Normal,175,124,55,0.9,558.0,33.7,1.9,3,Cardio,1,1307.8,2027.1,Improve Stamina,Needs Improvement,High Carb Performance Diet,Beginner Cardio + Walking
22,Male,98.4,1.88,188.0,27.84,Overweight,194,135,71,0.52,386.0,21.3,2.2,2,Cardio,1,2054.0,2824.2,Weight Loss,Needs Improvement,Low Calorie Balanced Diet,Beginner Cardio + Walking
52,Male,66.5,1.6,160.0,25.98,Overweight,185,120,70,1.34,796.0,26.8,2.1,4,HIIT,2,1410.0,2432.2,Weight Loss,Moderately Fit,High Protein Non-Veg Diet,Progressive Strength Training
29,Male,106.5,1.81,181.0,32.51,Obese,177,156,60,1.29,1107.0,25.7,2.5,4,Cardio,2,2056.2,3546.9,Weight Loss,Moderately Fit,Low Calorie Balanced Diet,Cardio Endurance Training
42,Male,88.4,1.93,193.0,23.73,Normal,188,158,65,1.68,1314.0,12.4,3.5,4,Yoga,3,1885.2,3252.0,Maintain Fitness,Fit,Balanced Maintenance Diet,Active Lifestyle Routine
38,Male,88.4,1.79,179.0,27.59,Overweight,182,138,68,1.74,1321.0,12.5,3.5,5,Yoga,3,1817.8,3453.8,Weight Loss,Fit,Balanced Maintenance Diet,Active Lifestyle Routine
53,Female,53.3,1.74,174.0,17.6,Underweight,173,156,54,1.37,962.0,32.2,1.8,3,Strength,2,1194.5,1851.5,Weight Gain,Moderately Fit,High Protein Veg Diet,Progressive Strength Training
40,Female,58.1,1.56,156.0,23.87,Normal,174,136,63,0.61,415.0,34.4,2.2,2,Yoga,1,1195.0,1643.1,Maintain Fitness,Needs Improvement,Balanced Maintenance Diet,Active Lifestyle Routine
33,Female,74.2,1.76,176.0,23.95,Normal,192,145,66,1.15,834.0,25.9,1.5,4,Strength,2,1516.0,2615.1,Muscle Gain,Fit,High Protein Veg Diet,Progressive Strength Training
56,Male,84.6,1.63,163.0,31.84,Obese,184,141,52,1.01,705.0,20.2,2.9,4,HIIT,2,1589.8,2742.4,Weight Loss,Moderately Fit,High Protein Non-Veg Diet,Progressive Strength Training
59,Male,78.0,1.92,192.0,21.16,Normal,180,127,53,0.72,453.0,28.1,2.7,3,Cardio,1,1690.0,2619.5,Improve Stamina,Needs Improvement,High Carb Performance Diet,Beginner Cardio + Walking
56,Male,89.0,1.68,168.0,31.53,Obese,176,152,65,1.77,1332.0,10.5,3.5,5,Yoga,3,1665.0,3163.5,Weight Loss,Fit,Balanced Maintenance Diet,Active Lifestyle Routine
31,Female,42.7,1.76,176.0,13.78,Underweight,182,121,65,1.46,883.0,34.9,2.2,3,Strength,1,1211.0,1877.0,Weight Gain,Needs Improvement,High Protein Veg Diet,Beginner Fitness Routine
48,Male,83.9,1.82,182.0,25.33,Overweight,176,149,70,1.9,1401.0,13.1,3.5,5,HIIT,3,1741.5,3308.8,Weight Loss,Fit,High Protein Non-Veg Diet,Intermediate Cardio + HIIT
22,Female,78.7,1.52,152.0,34.06,Obese,173,166,74,1.45,1204.0,31.5,2.3,3,Strength,2,1466.0,2272.3,Weight Loss,Needs Improvement,High Protein Veg Diet,Progressive Strength Training
52,Female,65.9,1.52,152.0,28.52,Overweight,188,139,53,1.27,794.0,27.0,2.3,4,Cardio,2,1188.0,2049.3,Weight Loss,Moderately Fit,Low Calorie Balanced Diet,Cardio Endurance Training
40,Male,76.9,1.92,192.0,20.86,Normal,179,137,68,1.13,851.0,22.4,3.7,4,Yoga,2,1774.0,3060.2,Maintain Fitness,Fit,Balanced Maintenance Diet,Active Lifestyle Routine
46,Male,84.3,2.0,200.0,21.07,Normal,189,162,66,1.83,1467.0,13.3,3.5,5,HIIT,3,1868.0,3549.2,Maintain Fitness,Fit,High Protein Non-Veg Diet,Intermediate Cardio + HIIT
28,Female,62.4,1.6,160.0,24.37,Normal,178,129,62,1.1,710.0,34.1,1.7,3,Strength,2,1323.0,2050.7,Muscle Gain,Moderately Fit,High Protein Veg Diet,Progressive Strength Training
35,Male,63.7,1.74,174.0,21.04,Normal,198,143,71,1.03,810.0,29.8,2.7,4,HIIT,2,1554.5,2681.5,Maintain Fitness,Moderately Fit,High Protein Non-Veg Diet,Progressive Strength Training
29,Female,54.9,1.52,152.0,23.76,Normal,172,123,72,1.48,910.0,27.0,2.0,3,Strength,1,1193.0,1849.2,Muscle Gain,Moderately Fit,High Protein Veg Diet,Beginner Fitness Routine
26,Male,76.4,1.79,179.0,23.84,Normal,177,156,73,1.17,1004.0,21.3,2.7,3,Strength,2,1757.8,2724.6,Muscle Gain,Moderately Fit,High Protein Non-Veg Diet,Progressive Strength Training
27,Male,106.4,1.86,186.0,30.76,Obese,182,123,50,1.34,907.0,20.6,3.1,2,Cardio,1,2096.5,2882.7,Weight Loss,Needs Improvement,Low Calorie Balanced Diet,Beginner Cardio + Walking
34,Female,68.4,1.5,150.0,30.4,Obese,192,132,61,1.37,904.0,33.7,2.1,4,Cardio,2,1290.5,2226.1,Weight Loss,Needs Improvement,Low Calorie Balanced Diet,Cardio Endurance Training
55,Male,63.5,1.86,186.0,18.35,Underweight,198,144,53,1.36,969.0,22.9,2.9,4,Strength,2,1527.5,2634.9,Weight Gain,Fit,High Protein Non-Veg Diet,Progressive Strength Training
24,Female,59.4,1.5,150.0,26.4,Overweight,199,132,60,1.25,825.0,25.0,2.0,3,Yoga,2,1250.5,1938.3,Weight Loss,Moderately Fit,Balanced Maintenance Diet,Active Lifestyle Routine
30,Male,113.4,1.91,191.0,31.08,Obese,177,137,54,1.27,957.0,22.2,3.7,3,HIIT,1,2182.8,3383.3,Weight Loss,Needs Improvement,High Protein Non-Veg Diet,Intermediate Cardio + HIIT
57,Female,61.9,1.52,152.0,26.79,Overweight,168,143,51,0.92,592.0,28.4,2.6,3,HIIT,1,1123.0,1740.7,Weight Loss,Needs Improvement,High Protein Veg Diet,Intermediate Cardio + HIIT
59,Female,70.7,1.68,168.0,25.05,Overweight,192,121,66,1.17,637.0,34.9,1.9,3,Cardio,2,1301.0,2016.5,Weight Loss,Needs Improvement,Low Calorie Balanced Diet,Cardio Endurance Training
26,Male,111.5,1.9,190.0,30.89,Obese,191,167,57,1.02,937.0,25.2,2.2,2,Yoga,1,2177.5,2994.1,Weight Loss,Needs Improvement,Balanced Maintenance Diet,Active Lifestyle Routine
44,Female,72.1,1.66,166.0,26.16,Overweight,176,152,55,1.4,958.0,27.0,2.5,2,Strength,1,1377.5,1894.1,Weight Loss,Needs Improvement,High Protein Veg Diet,Beginner Fitness Routine
19,Male,56.9,1.87,187.0,16.27,Underweight,178,138,70,0.61,463.0,23.3,3.7,3,Cardio,1,1647.8,2554.1,Weight Gain,Moderately Fit,High Carb Performance Diet,Beginner Cardio + Walking
22,Male,86.2,1.9,190.0,23.88,Normal,186,128,58,1.91,1345.0,11.7,3.5,5,Strength,3,1944.5,3694.5,Muscle Gain,Fit,High Protein Non-Veg Diet,Compound Strength Training
46,Male,59.4,1.68,168.0,21.05,Normal,165,147,62,1.16,844.0,20.2,2.5,4,Strength,2,1419.0,2447.8,Muscle Gain,Fit,High Protein Non-Veg Diet,Progressive Strength Training
54,Female,75.6,1.72,172.0,25.55,Overweight,194,154,60,0.97,672.0,26.4,1.9,3,Cardio,1,1400.0,2170.0,Weight Loss,Needs Improvement,Low Calorie Balanced Diet,Beginner Cardio + Walking
55,Female,76.3,1.73,173.0,25.49,Overweight,196,158,65,1.08,768.0,32.0,2.6,3,Yoga,1,1408.2,2182.7,Weight Loss,Needs Improvement,Balanced Maintenance Diet,Active Lifestyle Routine
36,Male,95.8,1.86,186.0,27.69,Overweight,193,129,65,1.37,972.0,21.2,3.2,3,HIIT,1,1945.5,3015.5,Weight Loss,Needs Improvement,High Protein Non-Veg Diet,Intermediate Cardio + HIIT
25,Male,120.6,1.83,183.0,36.01,Obese,179,120,51,1.04,686.0,22.3,2.5,3,Cardio,2,2229.8,3456.2,Weight Loss,Needs Improvement,Low Calorie Balanced Diet,Cardio Endurance Training
18,Female,65.3,1.55,155.0,27.18,Overweight,184,161,59,1.42,1143.0,28.5,2.2,3,Yoga,2,1370.8,2124.7,Weight Loss,Needs Improvement,Balanced Maintenance Diet,Active Lifestyle Routine
39,Male,85.3,1.89,189.0,23.88,Normal,163,140,61,0.77,593.0,27.6,3.6,2,Strength,1,1844.2,2535.8,Muscle Gain,Moderately Fit,High Protein Non-Veg Diet,Beginner Fitness Routine
34,Male,68.0,1.68,168.0,24.09,Normal,169,128,57,0.67,472.0,25.8,3.4,2,Cardio,1,1565.0,2151.9,Improve Stamina,Moderately Fit,High Carb Performance Diet,Beginner Cardio + Walking
24,Female,52.6,1.57,157.0,21.34,Normal,169,166,60,1.29,1071.0,31.9,2.4,2,HIIT,1,1226.2,1686.0,Maintain Fitness,Needs Improvement,High Protein Veg Diet,Intermediate Cardio + HIIT
42,Male,63.3,1.77,177.0,20.2,Normal,183,134,59,1.32,876.0,25.7,3.3,3,HIIT,2,1534.2,2378.0,Maintain Fitness,Moderately Fit,High Protein Non-Veg Diet,Progressive Strength Training
21,Female,76.3,1.65,165.0,28.03,Overweight,180,154,62,1.14,878.0,31.8,1.7,3,Strength,2,1528.2,2368.7,Weight Loss,Needs Improvement,High Protein Veg Diet,Progressive Strength Training
53,Male,61.0,1.63,163.0,22.96,Normal,170,124,74,0.54,331.0,20.0,3.4,3,Cardio,1,1368.8,2121.6,Improve Stamina,Moderately Fit,High Carb Performance Diet,Beginner Cardio + Walking
23,Female,67.8,1.61,161.0,26.16,Overweight,186,160,66,1.34,1072.0,34.3,1.8,2,HIIT,1,1408.2,1936.3,Weight Loss,Needs Improvement,High Protein Veg Diet,Intermediate Cardio + HIIT
48,Male,114.9,1.86,186.0,33.21,Obese,175,141,56,1.36,949.0,21.1,3.6,3,Cardio,1,2076.5,3218.6,Weight Loss,Needs Improvement,Low Calorie Balanced Diet,Beginner Cardio + Walking
36,Male,88.0,1.71,171.0,30.09,Obese,185,160,73,1.87,1646.0,12.0,3.5,5,HIIT,3,1773.8,3370.2,Weight Loss,Fit,High Protein Non-Veg Diet,Intermediate Cardio + HIIT
56,Female,67.7,1.58,158.0,27.12,Overweight,189,142,52,1.45,927.0,32.7,1.9,2,Strength,1,1223.5,1682.3,Weight Loss,Needs Improvement,High Protein Veg Diet,Beginner Fitness Routine
44,Male,124.8,1.85,185.0,36.46,Obese,175,126,69,1.35,842.0,24.4,3.5,4,Strength,2,2189.2,3776.4,Weight Loss,Moderately Fit,High Protein Non-Veg Diet,Progressive Strength Training
27,Female,53.0,1.58,158.0,21.23,Normal,166,142,62,1.26,895.0,34.5,1.8,4,Cardio,2,1221.5,2107.1,Improve Stamina,Moderately Fit,High Carb Performance Diet,Cardio Endurance Training
43,Male,61.2,1.88,188.0,17.32,Underweight,175,163,68,1.03,831.0,24.7,2.9,3,Yoga,1,1577.0,2444.3,Weight Gain,Moderately Fit,Balanced Maintenance Diet,Active Lifestyle Routine
36,Female,48.7,1.68,168.0,17.25,Underweight,194,144,56,1.23,886.0,33.7,1.6,3,Yoga,1,1196.0,1853.8,Weight Gain,Needs Improvement,Balanced Maintenance Diet,Active Lifestyle Routine
56,Female,50.6,1.7,170.0,17.51,Underweight,175,146,58,1.29,848.0,33.1,2.3,2,Strength,1,1127.5,1550.3,Weight Gain,Needs Improvement,High Protein Veg Diet,Beginner Fitness Routine
20,Female,72.6,1.73,173.0,24.26,Normal,199,160,68,1.27,1016.0,34.8,2.5,3,HIIT,2,1546.2,2396.6,Maintain Fitness,Moderately Fit,High Protein Veg Diet,Progressive Strength Training
30,Female,70.4,1.56,156.0,28.93,Overweight,171,125,62,1.03,644.0,34.3,2.4,4,Yoga,2,1368.0,2359.8,Weight Loss,Moderately Fit,Balanced Maintenance Diet,Active Lifestyle Routine
45,Male,52.5,1.88,188.0,14.85,Underweight,194,153,71,1.08,818.0,29.0,2.9,4,Strength,2,1480.0,2553.0,Weight Gain,Moderately Fit,High Protein Non-Veg Diet,Progressive Strength Training
37,Male,76.3,1.77,177.0,24.35,Normal,180,128,57,1.36,957.0,27.3,2.1,4,HIIT,2,1689.2,2913.9,Maintain Fitness,Fit,High Protein Non-Veg Diet,Progressive Strength Training
45,Female,41.2,1.58,158.0,16.5,Underweight,195,168,71,1.47,1111.0,28.7,2.6,2,HIIT,1,1013.5,1393.6,Weight Gain,Needs Improvement,High Protein Veg Diet,Intermediate Cardio + HIIT
25,Female,55.3,1.76,176.0,17.85,Underweight,176,152,67,1.56,1186.0,15.5,2.7,4,Yoga,3,1367.0,2358.1,Weight Gain,Fit,Balanced Maintenance Diet,Active Lifestyle Routine
58,Female,49.7,1.67,167.0,17.82,Underweight,191,125,72,1.38,776.0,31.9,2.3,4,Strength,2,1089.8,1879.9,Weight Gain,Moderately Fit,High Protein Veg Diet,Progressive Strength Training
56,Male,48.3,1.87,187.0,13.81,Underweight,165,156,51,0.68,525.0,29.8,3.3,3,HIIT,1,1376.8,2134.0,Weight Gain,Needs Improvement,High Protein Non-Veg Diet,Intermediate Cardio + HIIT
18,Male,83.2,1.96,196.0,21.66,Normal,183,150,67,1.83,1510.0,13.6,3.5,4,HIIT,3,1972.0,3401.7,Maintain Fitness,Fit,High Protein Non-Veg Diet,Intermediate Cardio + HIIT
20,Male,120.5,1.73,173.0,40.26,Obese,186,153,67,1.01,850.0,29.3,3.4,3,Cardio,2,2191.2,3396.4,Weight Loss,Needs Improvement,Low Calorie Balanced Diet,Cardio Endurance Training
30,Male,121.6,2.0,200.0,30.4,Obese,179,160,60,1.24,1091.0,28.0,3.3,4,Cardio,2,2321.0,4003.7,Weight Loss,Needs Improvement,Low Calorie Balanced Diet,Cardio Endurance Training
45,Female,73.0,1.75,175.0,23.84,Normal,184,148,50,1.14,759.0,26.6,2.0,4,Yoga,2,1437.8,2480.2,Maintain Fitness,Fit,Balanced Maintenance Diet,Active Lifestyle Routine
42,Female,57.5,1.67,167.0,20.62,Normal,161,133,63,1.76,1053.0,16.2,2.7,5,Cardio,3,1247.8,2370.8,Improve Stamina,Fit,High Carb Performance Diet,Cardio Endurance Training
50,Female,42.7,1.53,153.0,18.24,Underweight,168,155,65,1.41,983.0,28.4,2.4,4,Strength,2,972.2,1677.0,Weight Gain,Moderately Fit,High Protein Veg Diet,Progressive Strength Training
55,Male,129.9,1.73,173.0,43.4,Obese,187,155,60,0.69,529.0,21.7,3.1,3,Yoga,1,2110.2,3270.8,Weight Loss,Needs Improvement,Balanced Maintenance Diet,Active Lifestyle Routine
23,Male,108.6,1.92,192.0,29.46,Overweight,197,134,50,0.89,656.0,25.8,3.5,2,Yoga,1,2176.0,2992.0,Weight Loss,Needs Improvement,Balanced Maintenance Diet,Active Lifestyle Routine
49,Male,88.6,2.0,200.0,22.15,Normal,162,127,56,1.83,1150.0,14.9,3.5,4,Cardio,3,1896.0,3270.6,Improve Stamina,Fit,High Carb Performance Diet,Cardio Endurance Training
38,Female,49.7,1.51,151.0,21.8,Normal,179,145,65,1.25,906.0,32.6,2.5,3,HIIT,1,1089.8,1689.2,Maintain Fitness,Needs Improvement,High Protein Veg Diet,Intermediate Cardio + HIIT
33,Female,56.4,1.54,154.0,23.78,Normal,165,155,63,1.06,822.0,29.2,1.5,3,Strength,1,1200.5,1860.8,Muscle Gain,Needs Improvement,High Protein Veg Diet,Beginner Fitness Routine
38,Male,46.9,1.74,174.0,15.49,Underweight,198,167,64,1.03,946.0,20.0,2.6,4,Strength,2,1371.5,2365.8,Weight Gain,Fit,High Protein Non-Veg Diet,Progressive Strength Training
28,Female,71.3,1.67,167.0,25.57,Overweight,192,140,63,1.46,1022.0,28.1,1.5,4,Strength,2,1455.8,2511.3,Weight Loss,Moderately Fit,High Protein Veg Diet,Progressive Strength Training
54,Male,71.6,1.86,186.0,20.7,Normal,160,147,70,1.14,830.0,25.3,2.2,3,Yoga,2,1613.5,2500.9,Maintain Fitness,Moderately Fit,Balanced Maintenance Diet,Active Lifestyle Routine
53,Male,82.3,1.61,161.0,31.75,Obese,196,123,60,1.87,1139.0,11.6,3.5,5,Strength,3,1569.2,2981.5,Weight Loss,Fit,High Protein Non-Veg Diet,Compound Strength Training
52,Female,70.6,1.69,169.0,24.72,Normal,165,135,65,1.36,826.0,26.1,2.2,3,HIIT,1,1341.2,2078.9,Maintain Fitness,Moderately Fit,High Protein Veg Diet,Intermediate Cardio + HIIT
36,Male,109.8,1.62,162.0,41.84,Obese,193,141,68,0.84,651.0,24.4,3.5,3,HIIT,1,1935.5,3000.0,Weight Loss,Needs Improvement,High Protein Non-Veg Diet,Intermediate Cardio + HIIT
37,Female,73.5,1.69,169.0,25.73,Overweight,174,131,66,0.54,354.0,27.5,1.6,2,Cardio,1,1445.2,1987.2,Weight Loss,Needs Improvement,Low Calorie Balanced Diet,Beginner Cardio + Walking
35,Male,85.6,1.85,185.0,25.01,Overweight,185,135,55,1.78,1322.0,14.5,3.5,5,Strength,3,1842.2,3500.2,Weight Loss,Fit,High Protein Non-Veg Diet,Compound Strength Training
58,Female,74.6,1.68,168.0,26.43,Overweight,173,159,60,1.03,737.0,26.0,2.0,4,Yoga,2,1345.0,2320.1,Weight Loss,Moderately Fit,Balanced Maintenance Diet,Active Lifestyle Routine
31,Female,63.2,1.8,180.0,19.51,Normal,166,157,66,0.59,463.0,25.5,2.6,2,Cardio,1,1441.0,1981.4,Improve Stamina,Moderately Fit,High Carb Performance Diet,Beginner Cardio + Walking
32,Female,62.6,1.63,163.0,23.56,Normal,190,161,58,1.67,1344.0,15.0,2.7,5,HIIT,3,1323.8,2515.2,Maintain Fitness,Fit,High Protein Veg Diet,Intermediate Cardio + HIIT
48,Male,87.1,1.76,176.0,28.12,Overweight,183,156,67,1.81,1398.0,11.6,3.5,5,Strength,3,1736.0,3298.4,Weight Loss,Fit,High Protein Non-Veg Diet,Compound Strength Training
18,Male,82.3,1.84,184.0,24.31,Normal,190,148,66,1.73,1408.0,13.3,3.5,5,HIIT,3,1888.0,3587.2,Maintain Fitness,Fit,High Protein Non-Veg Diet,Intermediate Cardio + HIIT
20,Female,64.3,1.78,178.0,20.29,Normal,188,137,61,1.71,1171.0,18.7,2.7,4,Cardio,3,1494.5,2578.0,Improve Stamina,Fit,High Carb Performance Diet,Cardio Endurance Training
33,Female,53.7,1.66,166.0,19.49,Normal,191,129,72,1.25,806.0,29.5,2.5,3,HIIT,1,1248.5,1935.2,Maintain Fitness,Needs Improvement,High Protein Veg Diet,Intermediate Cardio + HIIT
40,Male,63.0,2.0,200.0,15.75,Underweight,176,161,71,1.42,1257.0,26.8,2.9,4,Strength,2,1685.0,2906.6,Weight Gain,Fit,High Protein Non-Veg Diet,Progressive Strength Training
28,Male,128.4,1.86,186.0,37.11,Obese,173,158,71,1.06,921.0,23.6,3.3,4,Strength,2,2311.5,3987.3,Weight Loss,Moderately Fit,High Protein Non-Veg Diet,Progressive Strength Training
29,Male,88.0,1.89,189.0,24.64,Normal,199,137,54,1.75,1319.0,13.3,3.5,5,Cardio,3,1921.2,3650.3,Improve Stamina,Fit,High Carb Performance Diet,Cardio Endurance Training
27,Female,63.7,1.52,152.0,27.57,Overweight,195,120,60,1.19,714.0,25.4,2.1,4,Strength,2,1291.0,2227.0,Weight Loss,Moderately Fit,High Protein Veg Diet,Progressive Strength Training
49,Male,83.7,1.87,187.0,23.94,Normal,183,158,53,1.29,1009.0,23.9,2.3,4,HIIT,2,1765.8,3046.0,Maintain Fitness,Fit,High Protein Non-Veg Diet,Progressive Strength Training
33,Male,102.6,1.75,175.0,33.5,Obese,186,140,53,1.4,1078.0,27.9,2.2,3,HIIT,2,1959.8,3037.7,Weight Loss,Needs Improvement,High Protein Non-Veg Diet,Progressive Strength Training
25,Female,77.7,1.55,155.0,32.34,Obese,184,120,52,0.55,330.0,33.0,1.7,2,Yoga,1,1459.8,2007.2,Weight Loss,Needs Improvement,Balanced Maintenance Diet,Active Lifestyle Routine
55,Male,87.5,1.88,188.0,24.76,Normal,191,134,73,1.19,789.0,27.2,2.6,4,Yoga,2,1780.0,3070.5,Maintain Fitness,Fit,Balanced Maintenance Diet,Active Lifestyle Routine
29,Male,87.0,1.86,186.0,25.15,Overweight,177,123,72,1.52,1028.0,11.0,3.5,4,Yoga,3,1892.5,3264.6,Weight Loss,Fit,Balanced Maintenance Diet,Active Lifestyle Routine
41,Male,82.8,1.66,166.0,30.05,Obese,177,139,74,1.97,1355.0,11.2,3.5,5,HIIT,3,1665.5,3164.4,Weight Loss,Fit,High Protein Non-Veg Diet,Intermediate Cardio + HIIT
45,Female,65.4,1.68,168.0,23.17,Normal,196,129,66,0.76,441.0,35.0,2.6,3,HIIT,1,1318.0,2042.9,Maintain Fitness,Needs Improvement,High Protein Veg Diet,Intermediate Cardio + HIIT
25,Female,47.2,1.71,171.0,16.14,Underweight,185,142,56,0.89,632.0,26.0,2.5,2,Cardio,1,1254.8,1725.3,Weight Gain,Moderately Fit,High Carb Performance Diet,Beginner Cardio + Walking
45,Female,58.2,1.7,170.0,20.14,Normal,168,160,53,0.95,684.0,26.8,2.0,3,Yoga,1,1258.5,1950.7,Maintain Fitness,Moderately Fit,Balanced Maintenance Diet,Active Lifestyle Routine
53,Female,73.5,1.55,155.0,30.59,Obese,194,153,72,1.17,806.0,26.3,2.1,4,HIIT,2,1277.8,2204.2,Weight Loss,Moderately Fit,High Protein Veg Diet,Progressive Strength Training
43,Female,55.2,1.73,173.0,18.44,Underweight,167,165,62,1.67,1240.0,16.6,2.7,5,Cardio,3,1257.2,2388.7,Weight Gain,Fit,High Carb Performance Diet,Cardio Endurance Training
25,Female,64.4,1.71,171.0,22.02,Normal,179,167,61,1.12,935.0,27.1,1.8,3,HIIT,1,1426.8,2211.5,Maintain Fitness,Moderately Fit,High Protein Veg Diet,Intermediate Cardio + HIIT
45,Female,73.5,1.74,174.0,24.28,Normal,181,152,50,1.18,807.0,30.0,2.3,4,Cardio,2,1436.5,2478.0,Improve Stamina,Moderately Fit,High Carb Performance Diet,Cardio Endurance Training
45,Male,89.6,1.81,181.0,27.35,Overweight,178,153,70,1.7,1287.0,12.4,3.5,5,Yoga,3,1807.2,3433.7,Weight Loss,Fit,Balanced Maintenance Diet,Active Lifestyle Routine
54,Male,86.5,1.76,176.0,27.92,Overweight,189,158,68,1.48,1158.0,29.0,3.4,3,Yoga,2,1700.0,2635.0,Weight Loss,Needs Improvement,Balanced Maintenance Diet,Active Lifestyle Routine
58,Female,46.1,1.67,167.0,16.53,Underweight,187,129,70,1.28,743.0,25.3,1.8,4,Yoga,2,1053.8,1817.8,Weight Gain,Fit,Balanced Maintenance Diet,Active Lifestyle Routine
53,Male,68.5,1.97,197.0,17.65,Underweight,194,139,69,1.3,894.0,23.2,2.1,3,HIIT,2,1656.2,2567.1,Weight Gain,Moderately Fit,High Protein Non-Veg Diet,Progressive Strength Training
44,Male,94.6,1.84,184.0,27.94,Overweight,170,120,67,1.26,748.0,26.0,3.1,4,HIIT,2,1881.0,3244.7,Weight Loss,Moderately Fit,High Protein Non-Veg Diet,Progressive Strength Training
34,Female,54.2,1.52,152.0,23.46,Normal,190,132,60,1.13,746.0,31.0,2.2,3,Cardio,1,1161.0,1799.5,Improve Stamina,Needs Improvement,High Carb Performance Diet,Beginner Cardio + Walking
26,Male,47.7,1.77,177.0,15.23,Underweight,198,120,69,1.15,759.0,24.8,2.7,3,Strength,2,1458.2,2260.2,Weight Gain,Moderately Fit,High Protein Non-Veg Diet,Progressive Strength Training
50,Male,52.2,1.84,184.0,15.42,Underweight,195,124,52,1.38,847.0,28.2,3.1,4,Strength,2,1427.0,2461.6,Weight Gain,Moderately Fit,High Protein Non-Veg Diet,Progressive Strength Training
37,Male,88.8,1.95,195.0,23.35,Normal,189,135,66,1.58,1173.0,10.3,3.5,5,Yoga,3,1926.8,3660.9,Maintain Fitness,Fit,Balanced Maintenance Diet,Active Lifestyle Routine
30,Male,101.0,1.68,168.0,35.79,Obese,182,134,61,1.46,1076.0,28.2,2.9,4,Strength,2,1915.0,3303.4,Weight Loss,Needs Improvement,High Protein Non-Veg Diet,Progressive Strength Training
45,Male,118.4,1.95,195.0,31.14,Obese,178,168,59,1.06,881.0,24.9,2.4,3,Yoga,2,2182.8,3383.3,Weight Loss,Needs Improvement,Balanced Maintenance Diet,Active Lifestyle Routine
46,Female,47.9,1.72,172.0,16.19,Underweight,171,147,57,1.41,933.0,26.3,2.0,3,Cardio,1,1163.0,1802.7,Weight Gain,Moderately Fit,High Carb Performance Diet,Beginner Cardio + Walking
30,Female,51.5,1.74,174.0,17.01,Underweight,174,150,64,1.08,810.0,33.9,2.0,3,Strength,2,1291.5,2001.8,Weight Gain,Moderately Fit,High Protein Veg Diet,Progressive Strength Training
52,Female,79.9,1.51,151.0,35.04,Obese,190,142,54,0.75,479.0,31.5,2.6,3,Strength,1,1321.8,2048.8,Weight Loss,Needs Improvement,High Protein Veg Diet,Beginner Fitness Routine
23,Male,121.3,1.85,185.0,35.44,Obese,196,167,53,0.72,661.0,21.6,3.6,2,Yoga,1,2259.2,3106.4,Weight Loss,Needs Improvement,Balanced Maintenance Diet,Active Lifestyle Routine
35,Female,78.9,1.64,164.0,29.34,Overweight,196,164,70,1.28,1050.0,25.3,2.6,4,Cardio,2,1478.0,2549.6,Weight Loss,Moderately Fit,Low Calorie Balanced Diet,Cardio Endurance Training
22,Male,88.5,1.62,162.0,33.72,Obese,174,162,69,1.88,1675.0,10.7,3.5,5,Strength,3,1792.5,3405.8,Weight Loss,Fit,High Protein Non-Veg Diet,Compound Strength Training
42,Male,73.5,1.63,163.0,27.66,Overweight,188,136,68,0.52,350.0,26.1,3.2,3,Strength,1,1548.8,2400.6,Weight Loss,Needs Improvement,High Protein Non-Veg Diet,Beginner Fitness Routine
19,Male,127.9,1.93,193.0,34.34,Obese,185,168,70,1.27,1173.0,21.8,3.0,4,Strength,2,2395.2,4131.7,Weight Loss,Moderately Fit,High Protein Non-Veg Diet,Progressive Strength Training
27,Male,88.5,1.98,198.0,22.57,Normal,161,153,53,1.8,1515.0,11.1,3.5,4,Cardio,3,1992.5,3437.1,Improve Stamina,Fit,High Carb Performance Diet,Cardio Endurance Training
47,Female,43.4,1.62,162.0,16.54,Underweight,179,132,64,0.51,303.0,25.3,2.3,3,Cardio,1,1050.5,1628.3,Weight Gain,Moderately Fit,High Carb Performance Diet,Beginner Cardio + Walking
22,Female,42.8,1.56,156.0,17.59,Underweight,174,133,66,1.47,978.0,32.2,2.6,3,Strength,2,1132.0,1754.6,Weight Gain,Moderately Fit,High Protein Veg Diet,Progressive Strength Training
50,Male,64.5,1.79,179.0,20.13,Normal,163,130,61,1.17,753.0,28.1,2.4,4,Yoga,2,1518.8,2619.9,Maintain Fitness,Moderately Fit,Balanced Maintenance Diet,Active Lifestyle Routine
18,Female,50.7,1.53,153.0,21.66,Normal,181,147,52,1.29,948.0,33.0,2.1,3,Yoga,2,1212.2,1878.9,Maintain Fitness,Moderately Fit,Balanced Maintenance Diet,Active Lifestyle Routine
35,Male,59.2,1.66,166.0,21.48,Normal,197,161,59,1.3,1151.0,21.3,3.2,3,Strength,1,1459.5,2262.2,Muscle Gain,Moderately Fit,High Protein Non-Veg Diet,Beginner Fitness Routine
49,Female,78.9,1.73,173.0,26.36,Overweight,182,151,64,1.38,938.0,34.0,2.3,2,Cardio,1,1464.2,2013.3,Weight Loss,Needs Improvement,Low Calorie Balanced Diet,Beginner Cardio + Walking
28,Female,78.7,1.63,163.0,29.62,Overweight,185,154,59,1.1,847.0,31.7,1.8,3,Strength,2,1504.8,2332.4,Weight Loss,Needs Improvement,High Protein Veg Diet,Progressive Strength Training
38,Male,68.7,1.92,192.0,18.64,Normal,170,150,73,1.31,1081.0,29.0,3.0,4,Cardio,2,1702.0,2936.0,Improve Stamina,Moderately Fit,High Carb Performance Diet,Cardio Endurance Training
43,Female,53.1,1.59,159.0,21.0,Normal,187,136,72,0.82,502.0,29.5,2.5,2,Strength,1,1148.8,1579.6,Muscle Gain,Needs Improvement,High Protein Veg Diet,Beginner Fitness Routine
42,Male,64.8,1.65,165.0,23.8,Normal,161,166,67,1.1,904.0,24.4,2.8,3,Cardio,2,1474.2,2285.0,Improve Stamina,Moderately Fit,High Carb Performance Diet,Cardio Endurance Training
39,Female,50.3,1.61,161.0,19.41,Normal,167,128,50,1.17,749.0,32.8,2.5,2,HIIT,1,1153.2,1585.7,Maintain Fitness,Needs Improvement,High Protein Veg Diet,Intermediate Cardio + HIIT
44,Male,102.3,1.63,163.0,38.5,Obese,188,129,52,1.34,856.0,20.9,2.6,4,Yoga,2,1826.8,3151.2,Weight Loss,Moderately Fit,Balanced Maintenance Diet,Active Lifestyle Routine
30,Male,62.9,1.92,192.0,17.06,Underweight,170,127,70,1.13,789.0,25.2,3.6,2,HIIT,1,1684.0,2315.5,Weight Gain,Moderately Fit,High Protein Non-Veg Diet,Intermediate Cardio + HIIT
50,Female,56.5,1.6,160.0,22.07,Normal,196,140,61,1.88,1184.0,19.2,2.7,5,Yoga,3,1154.0,2192.6,Maintain Fitness,Fit,Balanced Maintenance Diet,Active Lifestyle Routine
51,Female,74.6,1.55,155.0,31.05,Obese,177,132,50,0.71,422.0,33.3,2.1,2,Cardio,1,1298.8,1785.8,Weight Loss,Needs Improvement,Low Calorie Balanced Diet,Beginner Cardio + Walking
58,Male,52.0,1.79,179.0,16.23,Underweight,173,169,52,1.12,937.0,29.6,3.0,3,HIIT,1,1353.8,2098.4,Weight Gain,Needs Improvement,High Protein Non-Veg Diet,Intermediate Cardio + HIIT
52,Female,52.1,1.67,167.0,18.68,Normal,169,124,52,1.5,837.0,32.0,1.5,2,Yoga,1,1143.8,1572.7,Maintain Fitness,Needs Improvement,Balanced Maintenance Diet,Active Lifestyle Routine
18,Female,72.2,1.54,154.0,30.44,Obese,194,125,54,0.97,606.0,27.1,1.7,2,Strength,1,1433.5,1971.1,Weight Loss,Needs Improvement,High Protein Veg Diet,Beginner Fitness Routine
38,Male,85.8,1.8,180.0,26.48,Overweight,168,149,68,1.72,1410.0,10.1,3.5,4,Cardio,3,1798.0,3101.6,Weight Loss,Fit,Low Calorie Balanced Diet,Cardio Endurance Training
23,Male,81.4,1.85,185.0,23.78,Normal,194,150,74,1.6,1320.0,12.4,3.5,4,Cardio,3,1860.2,3208.8,Improve Stamina,Fit,High Carb Performance Diet,Cardio Endurance Training
45,Female,50.9,1.65,165.0,18.7,Normal,170,136,50,1.45,887.0,30.1,2.3,2,Strength,1,1154.2,1587.0,Muscle Gain,Needs Improvement,High Protein Veg Diet,Beginner Fitness Routine
34,Male,52.0,1.78,178.0,16.41,Underweight,171,130,53,1.38,987.0,22.4,2.7,4,Strength,2,1467.5,2531.4,Weight Gain,Fit,High Protein Non-Veg Diet,Progressive Strength Training
22,Male,71.0,1.93,193.0,19.06,Normal,162,139,53,1.42,1086.0,21.2,2.9,4,Yoga,2,1811.2,3124.3,Maintain Fitness,Fit,Balanced Maintenance Diet,Active Lifestyle Routine
48,Male,80.6,1.77,177.0,25.73,Overweight,198,167,66,1.51,1248.0,12.9,3.5,4,Cardio,3,1677.2,2893.2,Weight Loss,Fit,Low Calorie Balanced Diet,Cardio Endurance Training
22,Female,58.3,1.72,172.0,19.71,Normal,173,128,63,1.0,640.0,32.6,1.6,3,Yoga,2,1387.0,2149.8,Maintain Fitness,Moderately Fit,Balanced Maintenance Diet,Active Lifestyle Routine
55,Female,63.0,1.7,170.0,21.8,Normal,187,121,67,1.32,719.0,34.9,2.5,3,Strength,1,1256.5,1947.6,Muscle Gain,Needs Improvement,High Protein Veg Diet,Beginner Fitness Routine
20,Male,111.0,1.94,194.0,29.49,Overweight,170,156,50,1.02,875.0,27.6,3.3,4,Cardio,2,2227.5,3842.4,Weight Loss,Moderately Fit,Low Calorie Balanced Diet,Cardio Endurance Training
40,Female,52.6,1.66,166.0,19.09,Normal,198,120,71,1.27,762.0,32.9,1.7,3,Strength,2,1202.5,1863.9,Muscle Gain,Moderately Fit,High Protein Veg Diet,Progressive Strength Training
54,Male,116.4,2.0,200.0,29.1,Overweight,184,123,65,1.13,688.0,26.2,3.1,3,Yoga,1,2149.0,3331.0,Weight Loss,Needs Improvement,Balanced Maintenance Diet,Active Lifestyle Routine
54,Female,75.6,1.61,161.0,29.17,Overweight,180,155,52,1.41,983.0,34.9,2.5,4,Yoga,2,1331.2,2296.3,Weight Loss,Moderately Fit,Balanced Maintenance Diet,Active Lifestyle Routine
27,Male,61.6,1.8,180.0,19.01,Normal,169,144,72,1.48,1172.0,26.4,3.1,2,Yoga,1,1611.0,2215.1,Maintain Fitness,Moderately Fit,Balanced Maintenance Diet,Active Lifestyle Routine
27,Male,108.0,1.8,180.0,33.33,Obese,174,122,70,1.38,926.0,28.6,2.5,4,Cardio,2,2075.0,3579.4,Weight Loss,Needs Improvement,Low Calorie Balanced Diet,Cardio Endurance Training
36,Female,59.3,1.75,175.0,19.36,Normal,178,128,58,0.99,634.0,34.5,2.3,3,Strength,1,1345.8,2086.0,Muscle Gain,Needs Improvement,High Protein Veg Diet,Beginner Fitness Routine
34,Male,75.7,1.94,194.0,20.11,Normal,181,141,72,1.18,915.0,29.3,2.4,4,Strength,2,1804.5,3112.8,Muscle Gain,Moderately Fit,High Protein Non-Veg Diet,Progressive Strength Training
38,Female,56.3,1.6,160.0,21.99,Normal,180,142,53,1.21,859.0,28.8,1.9,4,Yoga,2,1212.0,2090.7,Maintain Fitness,Moderately Fit,Balanced Maintenance Diet,Active Lifestyle Routine
31,Female,58.2,1.73,173.0,19.45,Normal,191,131,70,1.17,766.0,25.8,1.8,3,Yoga,2,1347.2,2088.2,Maintain Fitness,Moderately Fit,Balanced Maintenance Diet,Active Lifestyle Routine
26,Male,55.7,1.68,168.0,19.73,Normal,182,129,54,1.13,802.0,21.7,2.9,3,Yoga,1,1482.0,2297.1,Maintain Fitness,Moderately Fit,Balanced Maintenance Diet,Active Lifestyle Routine
18,Male,125.9,1.67,167.0,45.14,Obese,172,153,60,1.46,1229.0,20.6,2.2,3,Yoga,2,2217.8,3437.6,Weight Loss,Needs Improvement,Balanced Maintenance Diet,Active Lifestyle Routine
30,Female,62.7,1.67,167.0,22.48,Normal,164,162,70,1.02,826.0,26.1,2.6,4,HIIT,2,1359.8,2345.7,Maintain Fitness,Fit,High Protein Veg Diet,Progressive Strength Training
21,Male,86.6,1.86,186.0,25.03,Overweight,163,129,58,1.37,972.0,21.8,2.6,3,HIIT,2,1928.5,2989.2,Weight Loss,Moderately Fit,High Protein Non-Veg Diet,Progressive Strength Training
18,Male,64.5,1.82,182.0,19.47,Normal,187,149,52,1.2,983.0,23.4,2.4,3,HIIT,2,1697.5,2631.1,Maintain Fitness,Moderately Fit,High Protein Non-Veg Diet,Progressive Strength Training
57,Male,76.6,1.86,186.0,22.14,Normal,173,141,55,1.14,796.0,25.4,2.8,4,Yoga,2,1648.5,2843.7,Maintain Fitness,Fit,Balanced Maintenance Diet,Active Lifestyle Routine
49,Male,81.4,1.83,183.0,24.31,Normal,167,125,73,1.98,1225.0,13.6,3.5,5,Yoga,3,1717.8,3263.8,Maintain Fitness,Fit,Balanced Maintenance Diet,Active Lifestyle Routine
51,Male,60.7,1.71,171.0,20.76,Normal,168,169,60,1.14,954.0,22.1,2.5,2,Strength,1,1425.8,1960.5,Muscle Gain,Moderately Fit,High Protein Non-Veg Diet,Beginner Fitness Routine
45,Female,57.2,1.55,155.0,23.81,Normal,194,121,58,1.67,909.0,18.4,2.7,5,Cardio,3,1154.8,2194.1,Improve Stamina,Fit,High Carb Performance Diet,Cardio Endurance Training
48,Female,73.0,1.59,159.0,28.88,Overweight,196,149,64,1.19,798.0,32.0,2.1,3,Strength,2,1322.8,2050.3,Weight Loss,Needs Improvement,High Protein Veg Diet,Progressive Strength Training
25,Male,123.8,1.99,199.0,31.26,Obese,180,121,72,1.13,752.0,25.6,2.6,3,HIIT,1,2361.8,3660.8,Weight Loss,Needs Improvement,High Protein Non-Veg Diet,Intermediate Cardio + HIIT
56,Male,93.6,1.66,166.0,33.97,Obese,177,151,52,1.37,1024.0,29.0,2.2,2,Strength,1,1698.5,2335.4,Weight Loss,Needs Improvement,High Protein Non-Veg Diet,Beginner Fitness Routine
43,Male,76.8,1.92,192.0,20.83,Normal,192,161,50,1.24,988.0,21.1,2.5,3,Yoga,1,1758.0,2724.9,Maintain Fitness,Moderately Fit,Balanced Maintenance Diet,Active Lifestyle Routine
51,Female,54.7,1.53,153.0,23.37,Normal,167,135,69,1.11,674.0,26.8,2.0,4,HIIT,2,1087.2,1875.4,Maintain Fitness,Fit,High Protein Veg Diet,Progressive Strength Training
20,Male,92.3,1.94,194.0,24.52,Normal,176,131,71,1.14,821.0,24.3,2.1,3,HIIT,2,2040.5,3162.8,Maintain Fitness,Moderately Fit,High Protein Non-Veg Diet,Progressive Strength Training
29,Female,71.8,1.55,155.0,29.89,Overweight,190,120,68,1.2,720.0,26.3,2.4,4,Cardio,2,1380.8,2381.9,Weight Loss,Moderately Fit,Low Calorie Balanced Diet,Cardio Endurance Training
18,Female,66.9,1.57,157.0,27.14,Overweight,193,127,63,1.07,679.0,30.7,2.2,3,Cardio,2,1399.2,2168.8,Weight Loss,Needs Improvement,Low Calorie Balanced Diet,Cardio Endurance Training
22,Female,48.7,1.76,176.0,15.72,Underweight,165,167,66,1.37,1144.0,29.0,2.2,4,HIIT,2,1316.0,2270.1,Weight Gain,Moderately Fit,High Protein Veg Diet,Progressive Strength Training
47,Male,66.2,1.71,171.0,22.64,Normal,181,169,71,1.42,1188.0,22.8,2.9,3,HIIT,1,1500.8,2326.2,Maintain Fitness,Moderately Fit,High Protein Non-Veg Diet,Intermediate Cardio + HIIT
47,Female,40.0,1.76,176.0,12.91,Underweight,173,132,63,0.8,475.0,26.7,2.2,3,Strength,1,1104.0,1711.2,Weight Gain,Moderately Fit,High Protein Veg Diet,Beginner Fitness Routine
34,Male,112.4,1.85,185.0,32.84,Obese,162,134,66,1.18,870.0,23.4,3.6,4,HIIT,2,2115.2,3648.7,Weight Loss,Moderately Fit,High Protein Non-Veg Diet,Progressive Strength Training
40,Female,70.0,1.55,155.0,29.14,Overweight,171,163,74,0.85,693.0,31.1,1.5,3,Yoga,1,1307.8,2027.1,Weight Loss,Needs Improvement,Balanced Maintenance Diet,Active Lifestyle Routine
32,Male,84.0,1.74,174.0,27.74,Overweight,195,127,63,1.45,1013.0,25.8,2.1,3,Strength,1,1772.5,2747.4,Weight Loss,Needs Improvement,High Protein Non-Veg Diet,Beginner Fitness Routine
54,Female,43.8,1.65,165.0,16.09,Underweight,171,129,61,1.29,749.0,26.6,1.7,4,Yoga,2,1038.2,1790.9,Weight Gain,Fit,Balanced Maintenance Diet,Active Lifestyle Routine
38,Male,123.3,1.62,162.0,46.98,Obese,161,165,65,1.34,1216.0,21.2,2.3,4,Yoga,2,2060.5,3554.4,Weight Loss,Moderately Fit,Balanced Maintenance Diet,Active Lifestyle Routine
31,Female,57.9,1.56,156.0,23.79,Normal,161,124,50,1.8,1116.0,15.1,2.7,5,Yoga,3,1238.0,2352.2,Maintain Fitness,Fit,Balanced Maintenance Diet,Active Lifestyle Routine
19,Male,82.4,1.96,196.0,21.45,Normal,174,169,62,1.9,1766.0,10.1,3.5,5,HIIT,3,1959.0,3722.1,Maintain Fitness,Fit,High Protein Non-Veg Diet,Intermediate Cardio + HIIT
28,Male,84.8,1.79,179.0,26.47,Overweight,182,138,55,1.35,1025.0,28.8,2.3,4,Cardio,2,1831.8,3159.9,Weight Loss,Moderately Fit,Low Calorie Balanced Diet,Cardio Endurance Training
56,Male,109.6,1.66,166.0,39.77,Obese,188,166,66,1.29,1060.0,20.5,3.1,3,Cardio,2,1858.5,2880.7,Weight Loss,Needs Improvement,Low Calorie Balanced Diet,Cardio Endurance Training
55,Male,86.4,1.77,177.0,27.58,Overweight,176,157,61,1.0,777.0,27.3,2.8,3,Yoga,2,1700.2,2635.3,Weight Loss,Moderately Fit,Balanced Maintenance Diet,Active Lifestyle Routine
51,Female,63.9,1.8,180.0,19.72,Normal,191,130,72,1.07,626.0,33.7,2.7,4,HIIT,2,1348.0,2325.3,Maintain Fitness,Moderately Fit,High Protein Veg Diet,Progressive Strength Training
55,Female,70.8,1.62,162.0,26.98,Overweight,166,162,68,0.54,394.0,26.0,1.8,3,Strength,1,1284.5,1991.0,Weight Loss,Needs Improvement,High Protein Veg Diet,Beginner Fitness Routine
51,Male,115.3,1.67,167.0,41.34,Obese,189,139,55,1.38,950.0,24.4,2.5,3,Yoga,2,1946.8,3017.5,Weight Loss,Needs Improvement,Balanced Maintenance Diet,Active Lifestyle Routine
35,Female,55.3,1.56,156.0,22.72,Normal,187,139,56,1.71,1188.0,19.8,2.7,5,Strength,3,1192.0,2264.8,Muscle Gain,Fit,High Protein Veg Diet,Compound Strength Training
47,Male,73.9,1.8,180.0,22.81,Normal,173,140,50,1.36,942.0,28.3,3.7,3,Strength,1,1634.0,2532.7,Muscle Gain,Needs Improvement,High Protein Non-Veg Diet,Beginner Fitness Routine
32,Male,97.3,1.96,196.0,25.33,Overweight,189,137,50,1.36,1025.0,24.9,3.4,3,HIIT,2,2043.0,3166.7,Weight Loss,Moderately Fit,High Protein Non-Veg Diet,Progressive Strength Training
44,Female,60.4,1.65,165.0,22.19,Normal,176,169,54,1.27,966.0,32.6,2.1,4,HIIT,2,1254.2,2163.5,Maintain Fitness,Moderately Fit,High Protein Veg Diet,Progressive Strength Training
51,Male,49.3,1.61,161.0,19.02,Normal,191,129,55,1.36,868.0,28.3,2.9,2,Cardio,1,1249.2,1717.7,Improve Stamina,Needs Improvement,High Carb Performance Diet,Beginner Cardio + Walking
55,Male,91.8,1.78,178.0,28.97,Overweight,165,153,65,1.44,1091.0,23.5,3.4,3,Cardio,1,1760.5,2728.8,Weight Loss,Needs Improvement,Low Calorie Balanced Diet,Beginner Cardio + Walking
50,Female,73.6,1.55,155.0,30.63,Obese,183,145,74,0.89,581.0,33.9,2.1,3,HIIT,1,1293.8,2005.4,Weight Loss,Needs Improvement,High Protein Veg Diet,Intermediate Cardio + HIIT
41,Male,47.1,1.78,178.0,14.87,Underweight,165,149,65,1.26,929.0,24.7,2.4,3,Yoga,1,1383.5,2144.4,Weight Gain,Moderately Fit,Balanced Maintenance Diet,Active Lifestyle Routine
32,Male,65.2,1.62,162.0,24.84,Normal,186,128,63,0.58,408.0,25.3,3.4,2,Cardio,1,1509.5,2075.6,Improve Stamina,Moderately Fit,High Carb Performance Diet,Beginner Cardio + Walking
47,Male,87.2,1.64,164.0,32.42,Obese,177,165,50,2.0,1634.0,15.0,3.5,4,Strength,3,1667.0,2875.6,Weight Loss,Fit,High Protein Non-Veg Diet,Compound Strength Training
59,Male,96.7,1.71,171.0,33.07,Obese,183,150,62,0.57,423.0,28.4,2.9,3,Yoga,1,1745.8,2706.0,Weight Loss,Needs Improvement,Balanced Maintenance Diet,Active Lifestyle Routine
34,Female,46.9,1.61,161.0,18.09,Underweight,196,161,69,1.02,821.0,28.6,1.7,3,Strength,2,1144.2,1773.5,Weight Gain,Moderately Fit,High Protein Veg Diet,Progressive Strength Training
22,Female,72.1,1.62,162.0,27.47,Overweight,183,123,59,1.38,849.0,25.1,2.1,3,HIIT,1,1462.5,2266.9,Weight Loss,Needs Improvement,High Protein Veg Diet,Intermediate Cardio + HIIT
46,Female,62.5,1.54,154.0,26.35,Overweight,197,125,73,1.61,906.0,18.1,2.7,4,Strength,3,1196.5,2064.0,Weight Loss,Fit,High Protein Veg Diet,Compound Strength Training
21,Male,110.7,1.69,169.0,38.76,Obese,193,133,59,1.06,775.0,27.0,2.7,3,Yoga,1,2063.2,3198.0,Weight Loss,Needs Improvement,Balanced Maintenance Diet,Active Lifestyle Routine
27,Male,102.6,1.83,183.0,30.64,Obese,199,123,58,1.41,954.0,26.5,3.5,3,HIIT,2,2039.8,3161.7,Weight Loss,Needs Improvement,High Protein Non-Veg Diet,Progressive Strength Training
34,Female,64.3,1.62,162.0,24.5,Normal,174,145,62,1.76,1276.0,19.8,2.7,5,Yoga,3,1324.5,2516.5,Maintain Fitness,Fit,Balanced Maintenance Diet,Active Lifestyle Routine
27,Male,80.7,1.61,161.0,31.13,Obese,170,166,52,1.75,1598.0,14.3,3.5,4,Strength,3,1683.2,2903.5,Weight Loss,Fit,High Protein Non-Veg Diet,Compound Strength Training
34,Male,115.3,1.81,181.0,35.19,Obese,181,167,67,1.36,1249.0,24.5,2.2,2,Yoga,1,2119.2,2913.9,Weight Loss,Needs Improvement,Balanced Maintenance Diet,Active Lifestyle Routine
37,Male,87.8,1.69,169.0,30.74,Obese,183,158,69,1.81,1573.0,10.3,3.5,5,HIIT,3,1754.2,3333.0,Weight Loss,Fit,High Protein Non-Veg Diet,Intermediate Cardio + HIIT
41,Male,74.3,1.61,161.0,28.66,Overweight,160,136,51,1.06,714.0,24.8,3.5,4,Strength,2,1549.2,2672.4,Weight Loss,Moderately Fit,High Protein Non-Veg Diet,Progressive Strength Training
22,Female,78.5,1.7,170.0,27.16,Overweight,177,138,66,1.36,938.0,31.9,2.1,4,Strength,2,1576.5,2719.5,Weight Loss,Moderately Fit,High Protein Veg Diet,Progressive Strength Training
51,Female,77.3,1.58,158.0,30.96,Obese,171,168,68,0.97,733.0,31.1,2.0,2,Cardio,1,1344.5,1848.7,Weight Loss,Needs Improvement,Low Calorie Balanced Diet,Beginner Cardio + Walking
23,Female,64.5,1.7,170.0,22.32,Normal,187,125,72,0.51,319.0,30.4,1.7,2,Cardio,1,1431.5,1968.3,Improve Stamina,Needs Improvement,High Carb Performance Diet,Beginner Cardio + Walking
19,Male,72.0,1.94,194.0,19.13,Normal,199,148,62,1.17,952.0,24.7,3.2,3,Yoga,2,1842.5,2855.9,Maintain Fitness,Moderately Fit,Balanced Maintenance Diet,Active Lifestyle Routine
30,Female,77.9,1.77,177.0,24.87,Normal,166,130,62,1.41,916.0,27.9,2.6,4,Cardio,2,1574.2,2715.5,Improve Stamina,Fit,High Carb Performance Diet,Cardio Endurance Training
28,Female,69.6,1.58,158.0,27.88,Overweight,182,135,50,1.49,1006.0,27.8,2.0,3,Cardio,2,1382.5,2142.9,Weight Loss,Moderately Fit,Low Calorie Balanced Diet,Cardio Endurance Training
40,Male,68.9,1.99,199.0,17.4,Underweight,180,149,51,1.16,951.0,25.0,2.4,4,Cardio,2,1737.8,2997.7,Weight Gain,Fit,High Carb Performance Diet,Cardio Endurance Training
33,Male,45.9,1.89,189.0,12.85,Underweight,193,144,50,1.45,1148.0,21.6,2.9,3,Cardio,2,1480.2,2294.3,Weight Gain,Moderately Fit,High Carb Performance Diet,Cardio Endurance Training
48,Female,68.2,1.69,169.0,23.88,Normal,170,159,73,0.75,537.0,28.4,2.5,3,HIIT,1,1337.2,2072.7,Maintain Fitness,Needs Improvement,High Protein Veg Diet,Intermediate Cardio + HIIT
28,Female,79.6,1.59,159.0,31.49,Obese,181,130,54,1.49,968.0,28.2,1.5,3,HIIT,2,1488.8,2307.6,Weight Loss,Needs Improvement,High Protein Veg Diet,Progressive Strength Training
33,Female,53.6,1.52,152.0,23.2,Normal,194,126,73,1.02,643.0,30.9,2.3,2,Cardio,1,1160.0,1595.0,Improve Stamina,Needs Improvement,High Carb Performance Diet,Beginner Cardio + Walking
25,Female,57.7,1.58,158.0,23.11,Normal,188,145,52,1.36,986.0,25.7,2.2,3,Yoga,2,1278.5,1981.7,Maintain Fitness,Moderately Fit,Balanced Maintenance Diet,Active Lifestyle Routine
21,Male,74.2,1.93,193.0,19.92,Normal,187,141,56,1.32,1024.0,28.3,2.5,3,HIIT,2,1848.2,2864.7,Maintain Fitness,Moderately Fit,High Protein Non-Veg Diet,Progressive Strength Training
57,Female,64.4,1.56,156.0,26.46,Overweight,177,144,73,1.52,985.0,17.8,2.7,5,Cardio,3,1173.0,2228.7,Weight Loss,Fit,Low Calorie Balanced Diet,Cardio Endurance Training
21,Female,54.9,1.78,178.0,17.33,Underweight,173,138,71,0.55,380.0,31.7,2.0,2,HIIT,1,1395.5,1918.8,Weight Gain,Needs Improvement,High Protein Veg Diet,Intermediate Cardio + HIIT
42,Male,50.3,1.64,164.0,18.7,Normal,177,150,62,0.63,468.0,27.0,2.4,3,Strength,1,1323.0,2050.7,Muscle Gain,Moderately Fit,High Protein Non-Veg Diet,Beginner Fitness Routine
20,Female,46.5,1.68,168.0,16.48,Underweight,187,145,72,0.91,660.0,27.9,2.4,2,HIIT,1,1254.0,1724.2,Weight Gain,Moderately Fit,High Protein Veg Diet,Intermediate Cardio + HIIT
49,Male,57.8,1.99,199.0,14.6,Underweight,183,161,67,0.93,741.0,24.7,3.1,3,HIIT,1,1581.8,2451.8,Weight Gain,Moderately Fit,High Protein Non-Veg Diet,Intermediate Cardio + HIIT
20,Male,83.0,1.8,180.0,25.62,Overweight,167,160,73,0.79,695.0,29.6,2.9,2,Yoga,1,1860.0,2557.5,Weight Loss,Needs Improvement,Balanced Maintenance Diet,Active Lifestyle Routine
44,Male,82.5,1.79,179.0,25.75,Overweight,167,155,70,1.51,1159.0,13.8,3.5,5,HIIT,3,1728.8,3284.7,Weight Loss,Fit,High Protein Non-Veg Diet,Intermediate Cardio + HIIT
46,Female,66.5,1.73,173.0,22.22,Normal,163,142,56,1.11,709.0,34.7,2.0,3,Yoga,1,1355.2,2100.6,Maintain Fitness,Needs Improvement,Balanced Maintenance Diet,Active Lifestyle Routine
49,Female,70.2,1.67,167.0,25.17,Overweight,186,166,50,0.93,695.0,32.5,1.8,3,Strength,1,1339.8,2076.7,Weight Loss,Needs Improvement,High Protein Veg Diet,Beginner Fitness Routine
36,Male,121.9,1.93,193.0,32.73,Obese,195,132,54,1.49,1082.0,21.8,3.4,3,Cardio,2,2250.2,3487.8,Weight Loss,Needs Improvement,Low Calorie Balanced Diet,Cardio Endurance Training
38,Female,70.3,1.52,152.0,30.43,Obese,164,144,66,1.19,857.0,25.6,2.0,4,Yoga,2,1302.0,2246.0,Weight Loss,Moderately Fit,Balanced Maintenance Diet,Active Lifestyle Routine
22,Female,40.3,1.56,156.0,16.56,Underweight,192,121,57,1.45,877.0,30.8,2.1,4,HIIT,2,1107.0,1909.6,Weight Gain,Moderately Fit,High Protein Veg Diet,Progressive Strength Training
35,Male,101.4,1.76,176.0,32.74,Obese,193,121,64,0.84,559.0,23.6,2.9,2,HIIT,1,1944.0,2673.0,Weight Loss,Needs Improvement,High Protein Non-Veg Diet,Intermediate Cardio + HIIT
45,Male,79.2,1.95,195.0,20.83,Normal,189,135,69,1.47,982.0,22.8,2.8,3,Yoga,2,1790.8,2775.7,Maintain Fitness,Moderately Fit,Balanced Maintenance Diet,Active Lifestyle Routine
59,Female,75.8,1.77,177.0,24.19,Normal,167,128,53,1.46,841.0,33.1,1.8,3,Strength,1,1408.2,2182.7,Muscle Gain,Needs Improvement,High Protein Veg Diet,Beginner Fitness Routine
39,Male,71.7,1.88,188.0,20.29,Normal,198,147,51,0.55,445.0,23.7,2.2,2,Cardio,1,1702.0,2340.2,Improve Stamina,Moderately Fit,High Carb Performance Diet,Beginner Cardio + Walking
38,Female,57.7,1.56,156.0,23.71,Normal,185,132,54,1.64,1082.0,16.6,2.7,5,HIIT,3,1201.0,2281.9,Maintain Fitness,Fit,High Protein Veg Diet,Intermediate Cardio + HIIT
23,Female,47.4,1.6,160.0,18.52,Normal,196,154,50,0.76,585.0,33.5,1.6,3,Strength,1,1198.0,1856.9,Muscle Gain,Needs Improvement,High Protein Veg Diet,Beginner Fitness Routine
18,Female,57.2,1.75,175.0,18.68,Normal,193,160,74,1.29,1032.0,33.5,2.4,3,Cardio,2,1414.8,2192.9,Improve Stamina,Moderately Fit,High Carb Performance Diet,Cardio Endurance Training
22,Female,44.8,1.72,172.0,15.14,Underweight,166,132,54,1.48,977.0,28.6,1.8,4,Cardio,2,1252.0,2159.7,Weight Gain,Moderately Fit,High Carb Performance Diet,Cardio Endurance Training
58,Male,90.2,1.72,172.0,30.49,Obese,199,150,55,0.9,668.0,28.3,2.1,2,HIIT,1,1692.0,2326.5,Weight Loss,Needs Improvement,High Protein Non-Veg Diet,Intermediate Cardio + HIIT
29,Male,84.9,1.72,172.0,28.7,Overweight,187,140,51,1.79,1378.0,14.3,3.5,4,Yoga,3,1784.0,3077.4,Weight Loss,Fit,Balanced Maintenance Diet,Active Lifestyle Routine
43,Male,95.7,1.77,177.0,30.55,Obese,198,151,50,1.08,807.0,24.2,3.4,3,HIIT,1,1853.2,2872.5,Weight Loss,Needs Improvement,High Protein Non-Veg Diet,Intermediate Cardio + HIIT
51,Male,59.0,1.65,165.0,21.67,Normal,198,153,53,1.22,924.0,20.7,2.3,3,HIIT,2,1371.2,2125.4,Maintain Fitness,Moderately Fit,High Protein Non-Veg Diet,Progressive Strength Training
31,Female,60.5,1.77,177.0,19.31,Normal,187,127,56,1.72,1092.0,15.0,2.7,4,HIIT,3,1395.2,2406.7,Maintain Fitness,Fit,High Protein Veg Diet,Intermediate Cardio + HIIT
43,Female,53.8,1.72,172.0,18.19,Underweight,173,160,71,1.03,742.0,30.2,2.3,4,Strength,2,1237.0,2133.8,Weight Gain,Moderately Fit,High Protein Veg Diet,Progressive Strength Training
44,Male,86.6,1.97,197.0,22.31,Normal,197,167,50,1.66,1372.0,11.7,3.5,5,Yoga,3,1882.2,3576.2,Maintain Fitness,Fit,Balanced Maintenance Diet,Active Lifestyle Routine
26,Female,72.8,1.67,167.0,26.1,Overweight,163,121,50,1.37,829.0,35.0,1.9,2,Strength,1,1480.8,2036.1,Weight Loss,Needs Improvement,High Protein Veg Diet,Beginner Fitness Routine
43,Female,66.3,1.77,177.0,21.16,Normal,177,157,57,1.48,1046.0,32.7,1.7,4,HIIT,2,1393.2,2403.3,Maintain Fitness,Moderately Fit,High Protein Veg Diet,Progressive Strength Training
39,Female,56.0,1.6,160.0,21.87,Normal,184,151,69,0.89,672.0,32.6,2.0,2,Yoga,1,1204.0,1655.5,Maintain Fitness,Needs Improvement,Balanced Maintenance Diet,Active Lifestyle Routine
47,Male,45.9,1.93,193.0,12.32,Underweight,166,159,65,1.29,1015.0,29.6,2.0,3,Cardio,2,1435.2,2224.6,Weight Gain,Moderately Fit,High Carb Performance Diet,Cardio Endurance Training
34,Male,88.0,1.64,164.0,32.72,Obese,197,147,70,1.9,1536.0,14.4,3.5,4,Yoga,3,1740.0,3001.5,Weight Loss,Fit,Balanced Maintenance Diet,Active Lifestyle Routine
43,Male,94.0,1.79,179.0,29.34,Overweight,187,156,62,1.31,1012.0,23.2,3.4,2,HIIT,1,1848.8,2542.1,Weight Loss,Needs Improvement,High Protein Non-Veg Diet,Intermediate Cardio + HIIT
53,Female,44.7,1.79,179.0,13.95,Underweight,164,160,72,1.34,965.0,26.7,2.1,3,Yoga,2,1139.8,1766.7,Weight Gain,Moderately Fit,Balanced Maintenance Diet,Active Lifestyle Routine
18,Male,63.2,1.63,163.0,23.79,Normal,162,120,73,0.66,436.0,27.5,2.2,3,Cardio,1,1565.8,2427.0,Improve Stamina,Moderately Fit,High Carb Performance Diet,Beginner Cardio + Walking
25,Male,95.6,1.9,190.0,26.48,Overweight,190,160,72,1.47,1294.0,23.8,2.4,4,Cardio,2,2023.5,3490.5,Weight Loss,Moderately Fit,Low Calorie Balanced Diet,Cardio Endurance Training
52,Male,47.8,1.86,186.0,13.82,Underweight,179,129,67,1.01,645.0,24.7,2.8,3,Yoga,2,1385.5,2147.5,Weight Gain,Moderately Fit,Balanced Maintenance Diet,Active Lifestyle Routine
32,Male,85.3,1.64,164.0,31.71,Obese,178,123,69,1.77,1197.0,13.2,3.5,4,Cardio,3,1723.0,2972.2,Weight Loss,Fit,Low Calorie Balanced Diet,Cardio Endurance Training
39,Male,59.7,1.83,183.0,17.83,Underweight,170,154,59,1.35,1143.0,29.1,2.3,4,Strength,2,1550.8,2675.1,Weight Gain,Moderately Fit,High Protein Non-Veg Diet,Progressive Strength Training
31,Male,70.2,1.98,198.0,17.91,Underweight,199,129,61,0.71,504.0,24.2,2.5,2,Yoga,1,1789.5,2460.6,Weight Gain,Moderately Fit,Balanced Maintenance Diet,Active Lifestyle Routine
43,Female,72.7,1.8,180.0,22.44,Normal,162,166,50,0.79,590.0,32.8,2.1,3,Cardio,1,1476.0,2287.8,Improve Stamina,Needs Improvement,High Carb Performance Diet,Beginner Cardio + Walking
45,Female,50.4,1.79,179.0,15.73,Underweight,182,130,59,0.74,433.0,27.7,2.5,2,Cardio,1,1236.8,1700.6,Weight Gain,Moderately Fit,High Carb Performance Diet,Beginner Cardio + Walking
40,Male,81.7,1.74,174.0,26.99,Overweight,166,133,58,0.91,666.0,27.0,2.7,2,Yoga,1,1709.5,2350.6,Weight Loss,Needs Improvement,Balanced Maintenance Diet,Active Lifestyle Routine
31,Male,49.3,1.62,162.0,18.79,Normal,182,157,52,0.56,484.0,20.0,3.2,2,Strength,1,1355.5,1863.8,Muscle Gain,Moderately Fit,High Protein Non-Veg Diet,Beginner Fitness Routine
41,Female,61.9,1.64,164.0,23.01,Normal,166,131,68,1.93,1138.0,19.4,2.7,4,Yoga,3,1278.0,2204.6,Maintain Fitness,Fit,Balanced Maintenance Diet,Active Lifestyle Routine
19,Female,49.1,1.68,168.0,17.4,Underweight,193,164,58,1.42,1164.0,25.3,2.6,4,Cardio,2,1285.0,2216.6,Weight Gain,Fit,High Carb Performance Diet,Cardio Endurance Training
43,Male,66.5,1.83,183.0,19.86,Normal,178,136,59,1.11,747.0,27.1,2.4,3,Yoga,2,1598.8,2478.1,Maintain Fitness,Moderately Fit,Balanced Maintenance Diet,Active Lifestyle Routine
31,Male,75.5,1.93,193.0,20.27,Normal,168,135,68,0.6,446.0,20.5,3.4,2,Cardio,1,1811.2,2490.4,Improve Stamina,Moderately Fit,High Carb Performance Diet,Beginner Cardio + Walking
24,Male,88.2,1.79,179.0,27.53,Overweight,177,154,65,1.76,1491.0,11.3,3.5,4,HIIT,3,1885.8,3253.0,Weight Loss,Fit,High Protein Non-Veg Diet,Intermediate Cardio + HIIT
20,Male,74.8,1.75,175.0,24.42,Normal,184,121,73,1.33,885.0,25.0,3.3,3,Yoga,2,1746.8,2707.5,Maintain Fitness,Moderately Fit,Balanced Maintenance Diet,Active Lifestyle Routine
40,Female,72.2,1.6,160.0,28.2,Overweight,173,130,67,0.87,566.0,29.2,1.9,3,Yoga,1,1361.0,2109.6,Weight Loss,Needs Improvement,Balanced Maintenance Diet,Active Lifestyle Routine
35,Male,62.8,1.63,163.0,23.64,Normal,184,160,63,1.41,1241.0,21.9,3.7,4,Cardio,2,1476.8,2547.5,Improve Stamina,Fit,High Carb Performance Diet,Cardio Endurance Training
55,Male,84.7,1.79,179.0,26.43,Overweight,178,122,52,1.19,719.0,23.3,2.4,3,Cardio,2,1695.8,2628.5,Weight Loss,Moderately Fit,Low Calorie Balanced Diet,Cardio Endurance Training
52,Male,116.5,1.69,169.0,40.79,Obese,198,148,51,0.53,388.0,27.3,2.4,2,Cardio,1,1966.2,2703.5,Weight Loss,Needs Improvement,Low Calorie Balanced Diet,Beginner Cardio + Walking
32,Male,77.4,1.92,192.0,21.0,Normal,174,137,50,1.39,1047.0,26.7,3.3,3,Cardio,2,1819.0,2819.5,Improve Stamina,Moderately Fit,High Carb Performance Diet,Cardio Endurance Training
42,Female,72.9,1.62,162.0,27.78,Overweight,175,139,67,1.17,732.0,25.7,2.0,4,Yoga,2,1370.5,2364.1,Weight Loss,Moderately Fit,Balanced Maintenance Diet,Active Lifestyle Routine
54,Female,58.4,1.59,159.0,23.1,Normal,186,166,73,1.08,807.0,32.5,1.9,2,Cardio,1,1146.8,1576.8,Improve Stamina,Needs Improvement,High Carb Performance Diet,Beginner Cardio + Walking
45,Female,64.3,1.54,154.0,27.11,Overweight,199,133,58,1.67,999.0,15.3,2.7,4,Yoga,3,1219.5,2103.6,Weight Loss,Fit,Balanced Maintenance Diet,Active Lifestyle Routine
27,Male,89.3,1.87,187.0,25.54,Overweight,169,153,62,1.62,1363.0,12.7,3.5,5,Strength,3,1931.8,3670.4,Weight Loss,Fit,High Protein Non-Veg Diet,Compound Strength Training
56,Male,90.2,1.61,161.0,34.8,Obese,163,168,51,1.38,1148.0,22.6,2.3,3,Yoga,2,1633.2,2531.5,Weight Loss,Needs Improvement,Balanced Maintenance Diet,Active Lifestyle Routine
34,Female,59.0,1.62,162.0,22.48,Normal,178,150,56,1.13,847.0,30.9,2.4,4,Cardio,2,1271.5,2193.3,Improve Stamina,Moderately Fit,High Carb Performance Diet,Cardio Endurance Training
56,Male,58.7,1.86,186.0,16.97,Underweight,187,159,65,1.09,858.0,22.6,3.3,3,Cardio,2,1474.5,2285.5,Weight Gain,Moderately Fit,High Carb Performance Diet,Cardio Endurance Training
39,Male,127.5,1.82,182.0,38.49,Obese,180,161,70,1.26,1116.0,29.8,3.0,3,Strength,2,2222.5,3444.9,Weight Loss,Needs Improvement,High Protein Non-Veg Diet,Progressive Strength Training
43,Female,68.6,1.52,152.0,29.69,Overweight,173,137,68,1.42,875.0,28.1,2.6,4,Yoga,2,1260.0,2173.5,Weight Loss,Moderately Fit,Balanced Maintenance Diet,Active Lifestyle Routine
42,Female,56.7,1.53,153.0,24.22,Normal,192,149,74,1.07,717.0,27.4,1.9,3,Strength,1,1152.2,1785.9,Muscle Gain,Moderately Fit,High Protein Veg Diet,Beginner Fitness Routine
34,Female,64.5,1.78,178.0,20.36,Normal,169,144,64,1.33,958.0,27.8,1.8,4,Yoga,2,1426.5,2460.7,Maintain Fitness,Fit,Balanced Maintenance Diet,Active Lifestyle Routine
30,Female,61.6,1.52,152.0,26.66,Overweight,178,138,71,1.78,1228.0,19.5,2.7,4,Cardio,3,1255.0,2164.9,Weight Loss,Fit,Low Calorie Balanced Diet,Cardio Endurance Training
37,Male,75.1,1.82,182.0,22.67,Normal,189,127,60,1.23,859.0,26.4,3.2,4,Yoga,2,1708.5,2947.2,Maintain Fitness,Fit,Balanced Maintenance Diet,Active Lifestyle Routine
42,Male,79.3,1.93,193.0,21.29,Normal,181,147,50,1.22,888.0,27.3,3.3,2,Cardio,1,1794.2,2467.0,Improve Stamina,Moderately Fit,High Carb Performance Diet,Beginner Cardio + Walking
21,Female,72.6,1.68,168.0,25.72,Overweight,162,127,70,1.19,756.0,34.2,1.8,3,Cardio,2,1510.0,2340.5,Weight Loss,Needs Improvement,Low Calorie Balanced Diet,Cardio Endurance Training
27,Male,76.7,1.7,170.0,26.54,Overweight,196,150,56,0.96,792.0,29.1,2.1,3,HIIT,1,1699.5,2634.2,Weight Loss,Needs Improvement,High Protein Non-Veg Diet,Intermediate Cardio + HIIT
20,Female,44.2,1.61,161.0,17.05,Underweight,177,122,69,1.08,659.0,32.4,2.5,2,HIIT,1,1187.2,1632.4,Weight Gain,Needs Improvement,High Protein Veg Diet,Intermediate Cardio + HIIT
58,Female,56.5,1.7,170.0,19.55,Normal,170,122,57,0.74,406.0,27.0,2.7,2,Yoga,1,1176.5,1617.7,Maintain Fitness,Moderately Fit,Balanced Maintenance Diet,Active Lifestyle Routine
35,Male,100.9,1.63,163.0,37.98,Obese,161,163,59,1.1,986.0,28.4,3.1,2,Cardio,1,1857.8,2554.5,Weight Loss,Needs Improvement,Low Calorie Balanced Diet,Beginner Cardio + Walking
53,Female,55.8,1.55,155.0,23.23,Normal,171,141,54,1.12,711.0,27.0,1.8,4,Strength,2,1100.8,1898.9,Muscle Gain,Fit,High Protein Veg Diet,Progressive Strength Training
39,Male,58.3,1.93,193.0,15.65,Underweight,165,136,58,1.35,1010.0,27.4,3.7,4,Cardio,2,1599.2,2758.6,Weight Gain,Fit,High Carb Performance Diet,Cardio Endurance Training
51,Male,48.6,1.77,177.0,15.51,Underweight,199,155,74,1.47,1128.0,26.9,3.5,2,Strength,1,1342.2,1845.5,Weight Gain,Moderately Fit,High Protein Non-Veg Diet,Beginner Fitness Routine
25,Male,81.7,1.95,195.0,21.49,Normal,188,136,74,1.94,1451.0,13.8,3.5,4,Yoga,3,1915.8,3304.8,Maintain Fitness,Fit,Balanced Maintenance Diet,Active Lifestyle Routine
57,Male,85.6,1.69,169.0,29.97,Overweight,189,133,50,1.76,1159.0,12.7,3.5,5,Yoga,3,1632.2,3101.2,Weight Loss,Fit,Balanced Maintenance Diet,Active Lifestyle Routine
36,Female,60.0,1.72,172.0,20.28,Normal,161,128,51,1.63,1043.0,18.2,2.7,5,Strength,3,1334.0,2534.6,Muscle Gain,Fit,High Protein Veg Diet,Compound Strength Training
59,Male,126.4,1.69,169.0,44.26,Obese,168,149,68,1.24,915.0,29.5,2.9,3,Strength,1,2030.2,3146.8,Weight Loss,Needs Improvement,High Protein Non-Veg Diet,Beginner Fitness Routine
58,Female,75.4,1.78,178.0,23.8,Normal,161,140,63,1.05,662.0,26.0,2.5,4,Cardio,2,1415.5,2441.7,Improve Stamina,Fit,High Carb Performance Diet,Cardio Endurance Training
54,Female,64.2,1.69,169.0,22.48,Normal,188,131,69,1.69,996.0,16.5,2.7,4,Yoga,3,1267.2,2185.9,Maintain Fitness,Fit,Balanced Maintenance Diet,Active Lifestyle Routine
23,Female,65.2,1.62,162.0,24.84,Normal,192,156,59,1.37,1069.0,31.1,2.5,3,Cardio,2,1388.5,2152.2,Improve Stamina,Moderately Fit,High Carb Performance Diet,Cardio Endurance Training
43,Female,70.1,1.66,166.0,25.44,Overweight,169,151,58,0.99,673.0,34.6,2.6,2,Strength,1,1362.5,1873.4,Weight Loss,Needs Improvement,High Protein Veg Diet,Beginner Fitness Routine
51,Male,102.6,1.77,177.0,32.75,Obese,193,130,59,1.21,779.0,21.0,3.4,2,HIIT,1,1882.2,2588.0,Weight Loss,Needs Improvement,High Protein Non-Veg Diet,Intermediate Cardio + HIIT
23,Male,107.2,1.93,193.0,28.78,Overweight,167,139,55,1.15,879.0,20.2,3.1,4,HIIT,2,2168.2,3740.1,Weight Loss,Moderately Fit,High Protein Non-Veg Diet,Progressive Strength Training
54,Female,56.5,1.75,175.0,18.45,Underweight,196,154,66,1.76,1220.0,15.3,2.7,5,HIIT,3,1227.8,2332.8,Weight Gain,Fit,High Protein Veg Diet,Intermediate Cardio + HIIT
50,Female,61.6,1.75,175.0,20.11,Normal,192,166,74,1.22,911.0,25.5,2.2,4,Strength,2,1298.8,2240.4,Muscle Gain,Fit,High Protein Veg Diet,Progressive Strength Training
39,Male,81.7,1.75,175.0,26.68,Overweight,165,165,55,1.32,1198.0,29.1,2.8,4,Cardio,2,1720.8,2968.4,Weight Loss,Moderately Fit,Low Calorie Balanced Diet,Cardio Endurance Training
38,Female,76.6,1.58,158.0,30.68,Obese,199,130,53,0.74,481.0,32.2,2.3,2,Yoga,1,1402.5,1928.4,Weight Loss,Needs Improvement,Balanced Maintenance Diet,Active Lifestyle Routine
23,Male,116.8,1.79,179.0,36.45,Obese,178,127,69,1.0,698.0,26.8,3.4,4,Strength,2,2176.8,3755.0,Weight Loss,Moderately Fit,High Protein Non-Veg Diet,Progressive Strength Training
23,Female,60.1,1.59,159.0,23.77,Normal,191,123,52,1.8,1107.0,17.6,2.7,4,HIIT,3,1318.8,2274.9,Maintain Fitness,Fit,High Protein Veg Diet,Intermediate Cardio + HIIT
21,Male,93.7,1.73,173.0,31.31,Obese,186,146,72,1.0,803.0,27.8,3.6,2,Cardio,1,1918.2,2637.5,Weight Loss,Needs Improvement,Low Calorie Balanced Diet,Beginner Cardio + Walking
47,Female,41.6,1.58,158.0,16.66,Underweight,160,163,68,1.03,756.0,26.6,2.1,4,Yoga,2,1007.5,1737.9,Weight Gain,Fit,Balanced Maintenance Diet,Active Lifestyle Routine
28,Female,55.1,1.79,179.0,17.2,Underweight,192,159,67,1.99,1582.0,17.0,2.7,5,Yoga,3,1368.8,2600.7,Weight Gain,Fit,Balanced Maintenance Diet,Active Lifestyle Routine
47,Male,127.1,1.76,176.0,41.03,Obese,199,157,73,0.71,552.0,24.9,3.0,2,Strength,1,2141.0,2943.9,Weight Loss,Needs Improvement,High Protein Non-Veg Diet,Beginner Fitness Routine
48,Female,69.1,1.6,160.0,26.99,Overweight,191,166,53,1.34,1001.0,26.1,2.0,4,Strength,2,1290.0,2225.2,Weight Loss,Moderately Fit,High Protein Veg Diet,Progressive Strength Training
41,Female,66.8,1.74,174.0,22.06,Normal,164,149,57,1.34,898.0,29.2,2.3,3,Yoga,1,1389.5,2153.7,Maintain Fitness,Needs Improvement,Balanced Maintenance Diet,Active Lifestyle Routine
26,Male,125.5,1.76,176.0,40.52,Obese,176,163,66,1.15,1031.0,23.2,3.1,4,Yoga,2,2230.0,3846.8,Weight Loss,Moderately Fit,Balanced Maintenance Diet,Active Lifestyle Routine
20,Female,71.3,1.58,158.0,28.56,Overweight,167,167,54,1.07,893.0,25.4,1.5,3,HIIT,2,1439.5,2231.2,Weight Loss,Moderately Fit,High Protein Veg Diet,Progressive Strength Training
48,Male,129.2,1.61,161.0,49.84,Obese,193,167,62,1.06,876.0,21.4,2.9,4,Yoga,2,2063.2,3559.0,Weight Loss,Moderately Fit,Balanced Maintenance Diet,Active Lifestyle Routine
57,Male,96.3,1.86,186.0,27.84,Overweight,168,146,74,1.1,795.0,27.6,2.2,3,Strength,2,1845.5,2860.5,Weight Loss,Moderately Fit,High Protein Non-Veg Diet,Progressive Strength Training
54,Female,67.5,1.54,154.0,28.46,Overweight,182,140,50,0.72,454.0,25.2,1.5,3,Cardio,1,1206.5,1870.1,Weight Loss,Needs Improvement,Low Calorie Balanced Diet,Beginner Cardio + Walking
53,Female,64.4,1.55,155.0,26.81,Overweight,194,139,62,1.77,1107.0,19.7,2.7,4,HIIT,3,1186.8,2047.2,Weight Loss,Fit,High Protein Veg Diet,Intermediate Cardio + HIIT
41,Female,64.9,1.57,157.0,26.33,Overweight,166,123,53,1.04,576.0,25.9,2.4,4,HIIT,2,1264.2,2180.7,Weight Loss,Moderately Fit,High Protein Veg Diet,Progressive Strength Training
48,Female,52.3,1.66,166.0,18.98,Normal,174,130,71,0.74,433.0,33.0,1.8,3,Yoga,1,1159.5,1797.2,Maintain Fitness,Needs Improvement,Balanced Maintenance Diet,Active Lifestyle Routine
23,Female,56.7,1.55,155.0,23.6,Normal,179,132,73,1.38,911.0,34.0,1.9,4,Cardio,2,1259.8,2173.2,Improve Stamina,Moderately Fit,High Carb Performance Diet,Cardio Endurance Training
19,Female,46.8,1.63,163.0,17.61,Underweight,184,128,63,1.35,864.0,34.4,1.6,4,HIIT,2,1230.8,2123.1,Weight Gain,Moderately Fit,High Protein Veg Diet,Progressive Strength Training
37,Female,70.3,1.77,177.0,22.44,Normal,162,123,52,1.01,621.0,33.7,1.7,2,Strength,1,1463.2,2011.9,Muscle Gain,Needs Improvement,High Protein Veg Diet,Beginner Fitness Routine
45,Male,80.8,1.76,176.0,26.08,Overweight,183,131,54,1.7,1102.0,11.4,3.5,4,Yoga,3,1688.0,2911.8,Weight Loss,Fit,Balanced Maintenance Diet,Active Lifestyle Routine
28,Female,56.0,1.5,150.0,24.89,Normal,193,128,56,1.94,1242.0,16.7,2.7,5,Strength,3,1196.5,2273.3,Muscle Gain,Fit,High Protein Veg Diet,Compound Strength Training
21,Male,101.2,1.84,184.0,29.89,Overweight,181,132,50,1.3,944.0,24.3,3.3,2,Yoga,1,2062.0,2835.2,Weight Loss,Needs Improvement,Balanced Maintenance Diet,Active Lifestyle Routine
32,Female,56.6,1.57,157.0,22.96,Normal,170,167,72,1.65,1378.0,15.7,2.7,4,HIIT,3,1226.2,2115.2,Maintain Fitness,Fit,High Protein Veg Diet,Intermediate Cardio + HIIT
23,Female,40.9,1.75,175.0,13.36,Underweight,167,145,61,0.82,594.0,25.2,2.1,3,Yoga,1,1226.8,1901.5,Weight Gain,Moderately Fit,Balanced Maintenance Diet,Active Lifestyle Routine
47,Male,127.8,1.65,165.0,46.94,Obese,198,157,60,0.77,598.0,28.7,3.5,2,Cardio,1,2079.2,2858.9,Weight Loss,Needs Improvement,Low Calorie Balanced Diet,Beginner Cardio + Walking
55,Female,49.3,1.76,176.0,15.92,Underweight,194,161,73,1.28,927.0,30.5,2.0,2,Strength,1,1157.0,1590.9,Weight Gain,Needs Improvement,High Protein Veg Diet,Beginner Fitness Routine
19,Female,64.3,1.63,163.0,24.2,Normal,197,132,57,1.87,1234.0,18.0,2.7,5,Cardio,3,1405.8,2671.0,Improve Stamina,Fit,High Carb Performance Diet,Cardio Endurance Training
32,Male,49.3,1.62,162.0,18.79,Normal,167,158,74,1.18,1025.0,29.3,2.5,3,Strength,2,1350.5,2093.3,Muscle Gain,Moderately Fit,High Protein Non-Veg Diet,Progressive Strength Training
28,Female,63.0,1.62,162.0,24.01,Normal,196,147,55,0.68,500.0,31.7,1.9,2,Strength,1,1341.5,1844.6,Muscle Gain,Needs Improvement,High Protein Veg Diet,Beginner Fitness Routine
25,Female,41.1,1.67,167.0,14.74,Underweight,186,138,71,1.03,711.0,31.9,2.4,3,Yoga,2,1168.8,1811.6,Weight Gain,Moderately Fit,Balanced Maintenance Diet,Active Lifestyle Routine
43,Female,40.5,1.74,174.0,13.38,Underweight,187,143,51,1.5,965.0,32.9,2.2,3,HIIT,2,1116.5,1730.6,Weight Gain,Moderately Fit,High Protein Veg Diet,Progressive Strength Training
22,Male,71.0,1.62,162.0,27.05,Overweight,199,138,68,0.91,691.0,21.2,3.5,2,HIIT,1,1617.5,2224.1,Weight Loss,Needs Improvement,High Protein Non-Veg Diet,Intermediate Cardio + HIIT
23,Female,60.9,1.62,162.0,23.21,Normal,193,168,69,1.59,1336.0,16.8,2.7,5,Cardio,3,1345.5,2556.4,Improve Stamina,Fit,High Carb Performance Diet,Cardio Endurance Training
43,Female,64.7,1.66,166.0,23.48,Normal,191,132,69,1.88,1117.0,19.8,2.7,4,Yoga,3,1308.5,2257.2,Maintain Fitness,Fit,Balanced Maintenance Diet,Active Lifestyle Routine
21,Female,51.0,1.71,171.0,17.44,Underweight,174,132,73,1.07,706.0,34.2,2.2,3,HIIT,2,1312.8,2034.8,Weight Gain,Moderately Fit,High Protein Veg Diet,Progressive Strength Training
36,Female,57.7,1.77,177.0,18.42,Underweight,176,147,63,1.65,1213.0,19.4,2.7,4,Strength,3,1342.2,2315.3,Weight Gain,Fit,High Protein Veg Diet,Compound Strength Training
37,Male,76.9,1.82,182.0,23.22,Normal,192,121,50,1.49,992.0,24.5,2.8,4,Strength,2,1726.5,2978.2,Muscle Gain,Fit,High Protein Non-Veg Diet,Progressive Strength Training
50,Male,80.5,1.77,177.0,25.7,Overweight,175,129,59,1.85,1181.0,14.3,3.5,4,Yoga,3,1666.2,2874.2,Weight Loss,Fit,Balanced Maintenance Diet,Active Lifestyle Routine
37,Female,73.3,1.74,174.0,24.21,Normal,188,141,65,1.03,726.0,25.5,2.4,3,Cardio,2,1474.5,2285.5,Improve Stamina,Moderately Fit,High Carb Performance Diet,Cardio Endurance Training
29,Female,49.0,1.57,157.0,19.88,Normal,168,132,53,1.33,878.0,26.5,2.6,3,Yoga,2,1165.2,1806.1,Maintain Fitness,Moderately Fit,Balanced Maintenance Diet,Active Lifestyle Routine
18,Male,114.5,1.97,197.0,29.5,Overweight,192,128,60,1.03,725.0,24.1,2.6,3,Cardio,1,2291.2,3551.4,Weight Loss,Needs Improvement,Low Calorie Balanced Diet,Beginner Cardio + Walking
43,Male,81.0,1.78,178.0,25.56,Overweight,188,152,65,1.58,1189.0,12.4,3.5,5,Yoga,3,1712.5,3253.8,Weight Loss,Fit,Balanced Maintenance Diet,Active Lifestyle Routine
31,Female,53.5,1.76,176.0,17.27,Underweight,172,133,69,1.22,811.0,27.6,1.8,4,Strength,2,1319.0,2275.3,Weight Gain,Fit,High Protein Veg Diet,Progressive Strength Training
55,Male,52.1,1.68,168.0,18.46,Underweight,180,167,50,0.77,637.0,23.6,3.0,3,Yoga,1,1301.0,2016.5,Weight Gain,Moderately Fit,Balanced Maintenance Diet,Active Lifestyle Routine
54,Female,70.1,1.52,152.0,30.34,Obese,180,139,65,0.76,475.0,26.6,2.1,2,HIIT,1,1220.0,1677.5,Weight Loss,Needs Improvement,High Protein Veg Diet,Intermediate Cardio + HIIT
28,Male,86.9,1.78,178.0,27.43,Overweight,164,134,68,1.29,951.0,24.9,3.7,4,HIIT,2,1846.5,3185.2,Weight Loss,Moderately Fit,High Protein Non-Veg Diet,Progressive Strength Training
53,Male,73.4,1.76,176.0,23.7,Normal,169,151,70,1.09,815.0,27.9,2.8,3,Yoga,2,1574.0,2439.7,Maintain Fitness,Moderately Fit,Balanced Maintenance Diet,Active Lifestyle Routine
30,Male,90.0,1.66,166.0,32.66,Obese,165,152,71,1.32,1104.0,26.6,2.1,4,Cardio,2,1792.5,3092.1,Weight Loss,Moderately Fit,Low Calorie Balanced Diet,Cardio Endurance Training
20,Male,85.7,1.92,192.0,23.25,Normal,172,136,58,1.72,1287.0,10.5,3.5,5,Cardio,3,1962.0,3727.8,Improve Stamina,Fit,High Carb Performance Diet,Cardio Endurance Training
50,Female,70.4,1.55,155.0,29.3,Overweight,160,143,58,0.73,470.0,29.9,2.7,2,Strength,1,1261.8,1735.0,Weight Loss,Needs Improvement,High Protein Veg Diet,Beginner Fitness Routine
23,Male,57.7,1.71,171.0,19.73,Normal,179,149,58,1.15,942.0,27.0,3.4,3,Strength,2,1535.8,2380.5,Muscle Gain,Moderately Fit,High Protein Non-Veg Diet,Progressive Strength Training
27,Male,75.7,1.76,176.0,24.44,Normal,167,132,66,0.68,494.0,25.3,2.3,3,Cardio,1,1727.0,2676.8,Improve Stamina,Moderately Fit,High Carb Performance Diet,Beginner Cardio + Walking
22,Female,61.8,1.52,152.0,26.75,Overweight,169,166,61,1.83,1519.0,17.0,2.7,5,Yoga,3,1297.0,2464.3,Weight Loss,Fit,Balanced Maintenance Diet,Active Lifestyle Routine
40,Male,80.3,1.76,176.0,25.92,Overweight,168,167,74,1.63,1497.0,13.1,3.5,5,Strength,3,1708.0,3245.2,Weight Loss,Fit,High Protein Non-Veg Diet,Compound Strength Training
27,Male,104.3,1.68,168.0,36.95,Obese,162,135,62,1.28,950.0,29.7,3.5,3,Cardio,2,1963.0,3042.7,Weight Loss,Needs Improvement,Low Calorie Balanced Diet,Cardio Endurance Training
19,Female,65.7,1.58,158.0,26.32,Overweight,170,121,57,1.46,883.0,25.9,1.9,3,Cardio,2,1388.5,2152.2,Weight Loss,Moderately Fit,Low Calorie Balanced Diet,Cardio Endurance Training
30,Male,120.3,1.96,196.0,31.32,Obese,171,136,65,0.66,494.0,23.9,2.6,2,Yoga,1,2283.0,3139.1,Weight Loss,Needs Improvement,Balanced Maintenance Diet,Active Lifestyle Routine
57,Female,51.9,1.57,157.0,21.06,Normal,169,151,67,1.05,713.0,29.1,2.6,3,HIIT,2,1054.2,1634.0,Maintain Fitness,Moderately Fit,High Protein Veg Diet,Progressive Strength Training
19,Female,59.1,1.57,157.0,23.98,Normal,184,162,50,1.65,1336.0,17.9,2.7,5,Cardio,3,1316.2,2500.8,Improve Stamina,Fit,High Carb Performance Diet,Cardio Endurance Training
37,Female,66.9,1.75,175.0,21.84,Normal,184,127,50,1.38,876.0,26.5,2.1,4,Strength,2,1416.8,2444.0,Muscle Gain,Fit,High Protein Veg Diet,Progressive Strength Training
18,Female,66.9,1.75,175.0,21.84,Normal,170,122,61,0.94,573.0,26.8,1.7,2,Yoga,1,1511.8,2078.7,Maintain Fitness,Moderately Fit,Balanced Maintenance Diet,Active Lifestyle Routine
54,Male,78.7,1.66,166.0,28.56,Overweight,195,131,55,1.42,921.0,22.9,2.6,3,Yoga,2,1559.5,2417.2,Weight Loss,Moderately Fit,Balanced Maintenance Diet,Active Lifestyle Routine
26,Female,62.4,1.61,161.0,24.07,Normal,198,139,58,1.88,1307.0,19.8,2.7,4,Yoga,3,1339.2,2310.1,Maintain Fitness,Fit,Balanced Maintenance Diet,Active Lifestyle Routine
34,Male,102.1,1.71,171.0,34.92,Obese,185,135,72,0.96,713.0,27.3,3.2,2,HIIT,1,1924.8,2646.6,Weight Loss,Needs Improvement,High Protein Non-Veg Diet,Intermediate Cardio + HIIT
26,Male,51.9,2.0,200.0,12.97,Underweight,173,133,54,0.75,549.0,26.6,2.3,2,HIIT,1,1644.0,2260.5,Weight Gain,Moderately Fit,High Protein Non-Veg Diet,Intermediate Cardio + HIIT
28,Male,58.3,2.0,200.0,14.57,Underweight,198,135,65,1.32,980.0,28.2,3.0,4,Strength,2,1698.0,2929.1,Weight Gain,Moderately Fit,High Protein Non-Veg Diet,Progressive Strength Training
32,Male,89.8,1.92,192.0,24.36,Normal,199,168,67,1.93,1783.0,10.6,3.5,4,Strength,3,1943.0,3351.7,Muscle Gain,Fit,High Protein Non-Veg Diet,Compound Strength Training
41,Male,101.1,1.83,183.0,30.19,Obese,160,162,66,0.79,634.0,28.6,3.2,2,Yoga,1,1954.8,2687.8,Weight Loss,Needs Improvement,Balanced Maintenance Diet,Active Lifestyle Routine
55,Male,118.6,1.72,172.0,40.09,Obese,163,168,67,0.77,640.0,25.9,2.6,3,Strength,1,1991.0,3086.1,Weight Loss,Needs Improvement,High Protein Non-Veg Diet,Beginner Fitness Routine
52,Male,84.8,1.85,185.0,24.78,Normal,189,152,50,1.19,895.0,23.4,3.2,2,Cardio,1,1749.2,2405.2,Improve Stamina,Moderately Fit,High Carb Performance Diet,Beginner Cardio + Walking
47,Male,80.0,1.77,177.0,25.54,Overweight,171,149,68,0.72,531.0,28.2,3.5,3,HIIT,1,1676.2,2598.1,Weight Loss,Needs Improvement,High Protein Non-Veg Diet,Intermediate Cardio + HIIT
48,Male,73.1,1.83,183.0,21.83,Normal,194,131,71,1.05,681.0,28.0,2.8,4,Yoga,2,1639.8,2828.7,Maintain Fitness,Moderately Fit,Balanced Maintenance Diet,Active Lifestyle Routine
22,Male,117.3,1.68,168.0,41.56,Obese,172,134,57,1.24,914.0,28.5,2.7,3,Yoga,2,2118.0,3282.9,Weight Loss,Needs Improvement,Balanced Maintenance Diet,Active Lifestyle Routine
31,Female,77.4,1.71,171.0,26.47,Overweight,190,137,52,1.26,863.0,26.2,1.8,4,Cardio,2,1526.8,2633.7,Weight Loss,Moderately Fit,Low Calorie Balanced Diet,Cardio Endurance Training
28,Female,72.9,1.67,167.0,26.14,Overweight,197,147,74,1.13,831.0,34.7,2.2,3,Cardio,2,1471.8,2281.3,Weight Loss,Needs Improvement,Low Calorie Balanced Diet,Cardio Endurance Training
26,Female,71.2,1.5,150.0,31.64,Obese,182,142,54,1.15,816.0,34.6,2.6,2,Cardio,1,1358.5,1867.9,Weight Loss,Needs Improvement,Low Calorie Balanced Diet,Beginner Cardio + Walking
51,Male,88.2,1.62,162.0,33.61,Obese,163,133,72,1.56,1027.0,11.8,3.5,4,Cardio,3,1644.5,2836.8,Weight Loss,Fit,Low Calorie Balanced Diet,Cardio Endurance Training
29,Female,75.6,1.8,180.0,23.33,Normal,175,149,57,1.31,976.0,25.7,1.9,4,Yoga,2,1575.0,2716.9,Maintain Fitness,Fit,Balanced Maintenance Diet,Active Lifestyle Routine
52,Female,57.9,1.56,156.0,23.79,Normal,166,152,68,1.66,1135.0,15.8,2.7,4,HIIT,3,1133.0,1954.4,Maintain Fitness,Fit,High Protein Veg Diet,Intermediate Cardio + HIIT
52,Female,70.6,1.58,158.0,28.28,Overweight,181,164,67,1.02,753.0,34.9,2.0,3,HIIT,2,1272.5,1972.4,Weight Loss,Needs Improvement,High Protein Veg Diet,Progressive Strength Training
18,Male,118.6,1.64,164.0,44.1,Obese,188,134,67,0.94,693.0,25.6,2.7,3,Cardio,1,2126.0,3295.3,Weight Loss,Needs Improvement,Low Calorie Balanced Diet,Beginner Cardio + Walking
57,Male,55.7,1.99,199.0,14.07,Underweight,170,126,70,1.13,705.0,23.6,3.0,3,Strength,2,1520.8,2357.2,Weight Gain,Moderately Fit,High Protein Non-Veg Diet,Progressive Strength Training
39,Male,102.3,1.94,194.0,27.18,Overweight,192,134,50,0.89,656.0,22.9,2.4,3,Yoga,1,2045.5,3170.5,Weight Loss,Needs Improvement,Balanced Maintenance Diet,Active Lifestyle Routine
46,Male,72.6,1.87,187.0,20.76,Normal,188,161,64,1.31,1044.0,22.6,3.4,4,HIIT,2,1669.8,2880.4,Maintain Fitness,Fit,High Protein Non-Veg Diet,Progressive Strength Training
25,Female,63.8,1.68,168.0,22.6,Normal,198,165,67,0.95,784.0,31.6,1.9,2,Cardio,1,1402.0,1927.8,Improve Stamina,Needs Improvement,High Carb Performance Diet,Beginner Cardio + Walking
28,Female,67.3,1.67,167.0,24.13,Normal,171,157,74,0.61,479.0,29.2,2.3,3,Strength,1,1415.8,2194.5,Muscle Gain,Needs Improvement,High Protein Veg Diet,Beginner Fitness Routine
58,Female,59.3,1.58,158.0,23.75,Normal,166,165,56,1.97,1463.0,19.8,2.7,4,Strength,3,1129.5,1948.4,Muscle Gain,Fit,High Protein Veg Diet,Compound Strength Training
54,Female,70.7,1.57,157.0,28.68,Overweight,198,163,65,1.14,836.0,31.8,2.1,3,Cardio,1,1257.2,1948.7,Weight Loss,Needs Improvement,Low Calorie Balanced Diet,Beginner Cardio + Walking
31,Male,86.9,1.69,169.0,30.43,Obese,185,130,65,1.72,1230.0,14.0,3.5,4,Yoga,3,1775.2,3062.2,Weight Loss,Fit,Balanced Maintenance Diet,Active Lifestyle Routine
47,Male,98.2,1.9,190.0,27.2,Overweight,199,148,64,0.76,557.0,22.9,3.0,3,HIIT,1,1939.5,3006.2,Weight Loss,Needs Improvement,High Protein Non-Veg Diet,Intermediate Cardio + HIIT
52,Male,63.6,1.62,162.0,24.23,Normal,168,150,55,1.3,965.0,20.8,2.3,4,Strength,2,1393.5,2403.8,Muscle Gain,Fit,High Protein Non-Veg Diet,Progressive Strength Training
38,Female,45.2,1.68,168.0,16.01,Underweight,193,144,58,1.01,727.0,29.9,2.4,3,HIIT,2,1151.0,1784.0,Weight Gain,Moderately Fit,High Protein Veg Diet,Progressive Strength Training
54,Male,117.2,1.62,162.0,44.66,Obese,172,143,56,1.04,736.0,23.1,2.3,4,HIIT,2,1919.5,3311.1,Weight Loss,Moderately Fit,High Protein Non-Veg Diet,Progressive Strength Training
22,Male,107.4,1.74,174.0,35.47,Obese,195,138,63,1.34,1017.0,22.0,2.2,2,Strength,1,2056.5,2827.7,Weight Loss,Needs Improvement,High Protein Non-Veg Diet,Beginner Fitness Routine
36,Female,59.1,1.78,178.0,18.65,Normal,184,121,60,0.85,514.0,34.5,2.2,2,Cardio,1,1362.5,1873.4,Improve Stamina,Needs Improvement,High Carb Performance Diet,Beginner Cardio + Walking
31,Female,53.3,1.64,164.0,19.82,Normal,183,141,70,0.57,402.0,29.4,2.4,3,Strength,1,1242.0,1925.1,Muscle Gain,Needs Improvement,High Protein Veg Diet,Beginner Fitness Routine
43,Male,46.2,1.63,163.0,17.39,Underweight,176,139,65,1.18,812.0,21.7,2.1,2,Strength,1,1270.8,1747.3,Weight Gain,Moderately Fit,High Protein Non-Veg Diet,Beginner Fitness Routine
21,Male,67.0,1.61,161.0,25.85,Overweight,161,152,74,1.32,1104.0,22.0,2.1,3,Yoga,2,1576.2,2443.1,Weight Loss,Moderately Fit,Balanced Maintenance Diet,Active Lifestyle Routine
42,Male,86.3,1.77,177.0,27.55,Overweight,172,127,55,1.77,1113.0,11.4,3.5,4,HIIT,3,1764.2,3043.2,Weight Loss,Fit,High Protein Non-Veg Diet,Intermediate Cardio + HIIT
59,Male,85.5,1.67,167.0,30.66,Obese,190,144,71,1.99,1418.0,15.0,3.5,5,Cardio,3,1608.8,3056.7,Weight Loss,Fit,Low Calorie Balanced Diet,Cardio Endurance Training
42,Male,70.2,1.87,187.0,20.07,Normal,188,165,65,1.38,1127.0,22.7,3.4,3,HIIT,2,1665.8,2582.0,Maintain Fitness,Moderately Fit,High Protein Non-Veg Diet,Progressive Strength Training
35,Male,127.1,1.62,162.0,48.43,Obese,187,128,69,1.02,718.0,23.3,3.4,4,Strength,2,2113.5,3645.8,Weight Loss,Moderately Fit,High Protein Non-Veg Diet,Progressive Strength Training
57,Female,75.6,1.67,167.0,27.11,Overweight,186,153,65,1.05,723.0,31.6,1.8,3,Cardio,2,1353.8,2098.4,Weight Loss,Needs Improvement,Low Calorie Balanced Diet,Cardio Endurance Training
25,Female,62.6,1.65,165.0,22.99,Normal,174,142,61,1.2,852.0,27.9,2.2,3,Cardio,1,1371.2,2125.4,Improve Stamina,Moderately Fit,High Carb Performance Diet,Beginner Cardio + Walking
56,Female,55.7,1.53,153.0,23.79,Normal,190,124,66,1.91,1066.0,16.1,2.7,5,Cardio,3,1072.2,2037.2,Improve Stamina,Fit,High Carb Performance Diet,Cardio Endurance Training
57,Male,96.1,1.74,174.0,31.74,Obese,199,144,54,1.21,862.0,21.6,2.8,3,Cardio,2,1768.5,2741.2,Weight Loss,Needs Improvement,Low Calorie Balanced Diet,Cardio Endurance Training
31,Female,76.7,1.62,162.0,29.23,Overweight,174,127,74,1.39,883.0,28.1,2.3,4,Yoga,2,1463.5,2524.5,Weight Loss,Moderately Fit,Balanced Maintenance Diet,Active Lifestyle Routine
49,Male,57.2,1.89,189.0,16.01,Underweight,192,135,62,1.14,762.0,21.1,3.5,2,Cardio,1,1513.2,2080.7,Weight Gain,Moderately Fit,High Carb Performance Diet,Beginner Cardio + Walking
55,Male,69.9,1.81,181.0,21.34,Normal,179,167,57,1.2,992.0,20.2,2.1,4,Strength,2,1560.2,2691.3,Muscle Gain,Fit,High Protein Non-Veg Diet,Progressive Strength Training
50,Female,67.9,1.77,177.0,21.67,Normal,171,164,73,1.03,760.0,33.0,2.4,3,Yoga,2,1374.2,2130.0,Maintain Fitness,Moderately Fit,Balanced Maintenance Diet,Active Lifestyle Routine
40,Male,87.9,1.87,187.0,25.14,Overweight,196,134,54,1.96,1445.0,10.7,3.5,5,Strength,3,1852.8,3520.3,Weight Loss,Fit,High Protein Non-Veg Diet,Compound Strength Training
32,Male,102.8,1.98,198.0,26.22,Overweight,168,120,61,1.24,818.0,27.8,2.8,3,Strength,2,2110.5,3271.3,Weight Loss,Moderately Fit,High Protein Non-Veg Diet,Progressive Strength Training
50,Female,51.8,1.5,150.0,23.02,Normal,182,141,58,1.32,838.0,33.0,2.2,3,HIIT,1,1044.5,1619.0,Maintain Fitness,Needs Improvement,High Protein Veg Diet,Intermediate Cardio + HIIT
42,Female,57.7,1.57,157.0,23.41,Normal,167,122,52,1.83,1005.0,17.7,2.7,4,Cardio,3,1187.2,2047.9,Improve Stamina,Fit,High Carb Performance Diet,Cardio Endurance Training
34,Female,66.5,1.69,169.0,23.28,Normal,191,157,52,0.81,636.0,28.1,2.3,3,Cardio,1,1390.2,2154.8,Improve Stamina,Needs Improvement,High Carb Performance Diet,Beginner Cardio + Walking
50,Male,95.4,1.61,161.0,36.8,Obese,173,133,50,1.16,764.0,21.5,3.6,4,Strength,2,1715.2,2958.7,Weight Loss,Moderately Fit,High Protein Non-Veg Diet,Progressive Strength Training
19,Female,69.2,1.6,160.0,27.03,Overweight,186,155,74,1.17,907.0,32.4,1.6,3,Cardio,1,1436.0,2225.8,Weight Loss,Needs Improvement,Low Calorie Balanced Diet,Beginner Cardio + Walking
31,Female,66.6,1.67,167.0,23.88,Normal,184,137,71,1.02,699.0,31.0,1.5,4,Yoga,2,1393.8,2404.3,Maintain Fitness,Moderately Fit,Balanced Maintenance Diet,Active Lifestyle Routine
57,Male,83.4,1.65,165.0,30.63,Obese,172,166,67,1.57,1290.0,13.3,3.5,4,HIIT,3,1585.2,2734.5,Weight Loss,Fit,High Protein Non-Veg Diet,Intermediate Cardio + HIIT
57,Female,43.8,1.75,175.0,14.3,Underweight,180,160,73,1.39,1001.0,25.1,1.7,2,Cardio,1,1085.8,1493.0,Weight Gain,Moderately Fit,High Carb Performance Diet,Beginner Cardio + Walking
56,Female,64.2,1.69,169.0,22.48,Normal,190,137,61,1.99,1227.0,19.6,2.7,5,Cardio,3,1257.2,2388.7,Improve Stamina,Fit,High Carb Performance Diet,Cardio Endurance Training
23,Female,44.1,1.62,162.0,16.8,Underweight,196,122,58,0.58,354.0,25.7,2.7,2,Yoga,1,1177.5,1619.1,Weight Gain,Moderately Fit,Balanced Maintenance Diet,Active Lifestyle Routine
23,Male,87.3,1.91,191.0,23.93,Normal,164,129,58,1.87,1327.0,11.8,3.5,5,HIIT,3,1956.8,3717.9,Maintain Fitness,Fit,High Protein Non-Veg Diet,Intermediate Cardio + HIIT
20,Male,55.0,1.6,160.0,21.48,Normal,172,168,67,1.12,1035.0,24.0,3.2,4,Yoga,2,1455.0,2509.9,Maintain Fitness,Fit,Balanced Maintenance Diet,Active Lifestyle Routine
24,Male,87.1,1.74,174.0,28.77,Overweight,187,158,67,1.57,1364.0,10.0,3.5,4,Strength,3,1843.5,3180.0,Weight Loss,Fit,High Protein Non-Veg Diet,Compound Strength Training
25,Male,66.6,1.61,161.0,25.69,Overweight,184,166,56,1.38,1260.0,25.0,3.0,2,Strength,1,1552.2,2134.3,Weight Loss,Needs Improvement,High Protein Non-Veg Diet,Beginner Fitness Routine
59,Female,60.4,1.76,176.0,19.5,Normal,194,120,53,1.72,929.0,18.8,2.7,5,Cardio,3,1248.0,2371.2,Improve Stamina,Fit,High Carb Performance Diet,Cardio Endurance Training
32,Male,126.4,1.83,183.0,37.74,Obese,198,146,62,1.1,883.0,28.2,2.1,3,HIIT,2,2252.8,3491.8,Weight Loss,Needs Improvement,High Protein Non-Veg Diet,Progressive Strength Training
46,Male,88.7,1.63,163.0,33.38,Obese,166,146,66,0.75,542.0,28.8,3.5,2,Strength,1,1680.8,2311.1,Weight Loss,Needs Improvement,High Protein Non-Veg Diet,Beginner Fitness Routine
